2026-09-11T09:58:49.578+05:30  INFO 25444 --- [fraud-engine-service] [kafka-producer-network-thread | producer-1] org.apache.kafka.clients.NetworkClient   : [Producer clientId=producer-1] Node 1 disconnected.
2026-09-11T09:59:17.280+05:30  INFO 25444 --- [fraud-engine-service] [scheduling-1] c.s.f.f.client.BlacklistCacheClient      : Fetching active blacklist from Rule Cache
2026-09-11T09:59:17.303+05:30  INFO 25444 --- [fraud-engine-service] [scheduling-1] c.s.f.f.client.BlacklistCacheClient      : Fetched 4 active blacklist entries from Rule Cache
2026-09-11T09:59:17.303+05:30  INFO 25444 --- [fraud-engine-service] [scheduling-1] c.s.f.f.cache.ActiveBlacklistCache       : Active blacklist cache refreshed entryCount=4
2026-09-11T09:59:17.303+05:30  INFO 25444 --- [fraud-engine-service] [scheduling-1] c.s.f.f.client.RuleCacheClient           : Fetching active rules from Rule Cache
2026-09-11T09:59:17.330+05:30  INFO 25444 --- [fraud-engine-service] [scheduling-1] c.s.f.f.client.RuleCacheClient           : Fetched 10 active rules from Rule Cache
2026-09-11T09:59:17.330+05:30  INFO 25444 --- [fraud-engine-service] [scheduling-1] c.s.f.fraudengine.cache.ActiveRuleCache  : Active rule cache refreshed ruleCount=10
2026-09-11T09:59:47.307+05:30  INFO 25444 --- [fraud-engine-service] [scheduling-1] c.s.f.f.client.BlacklistCacheClient      : Fetching active blacklist from Rule Cache
2026-09-11T09:59:47.319+05:30  INFO 25444 --- [fraud-engine-service] [scheduling-1] c.s.f.f.client.BlacklistCacheClient      : Fetched 4 active blacklist entries from Rule Cache
2026-09-11T09:59:47.319+05:30  INFO 25444 --- [fraud-engine-service] [scheduling-1] c.s.f.f.cache.ActiveBlacklistCache       : Active blacklist cache refreshed entryCount=4
2026-09-11T09:59:47.331+05:30  INFO 25444 --- [fraud-engine-service] [scheduling-1] c.s.f.f.client.RuleCacheClient           : Fetching active rules from Rule Cache
2026-09-11T09:59:47.343+05:30  INFO 25444 --- [fraud-engine-service] [scheduling-1] c.s.f.f.client.RuleCacheClient           : Fetched 10 active rules from Rule Cache
2026-09-11T09:59:47.343+05:30  INFO 25444 --- [fraud-engine-service] [scheduling-1] c.s.f.fraudengine.cache.ActiveRuleCache  : Active rule cache refreshed ruleCount=10
2026-09-11T10:00:17.331+05:30  INFO 25444 --- [fraud-engine-service] [scheduling-1] c.s.f.f.client.BlacklistCacheClient      : Fetching active blacklist from Rule Cache
2026-09-11T10:00:17.348+05:30  INFO 25444 --- [fraud-engine-service] [scheduling-1] c.s.f.f.client.BlacklistCacheClient      : Fetched 4 active blacklist entries from Rule Cache
2026-09-11T10:00:17.348+05:30  INFO 25444 --- [fraud-engine-service] [scheduling-1] c.s.f.f.cache.ActiveBlacklistCache       : Active blacklist cache refreshed entryCount=4
2026-09-11T10:00:17.350+05:30  INFO 25444 --- [fraud-engine-service] [scheduling-1] c.s.f.f.client.RuleCacheClient           : Fetching active rules from Rule Cache
2026-09-11T10:00:17.374+05:30  INFO 25444 --- [fraud-engine-service] [scheduling-1] c.s.f.f.client.RuleCacheClient           : Fetched 10 active rules from Rule Cache
2026-09-11T10:00:17.374+05:30  INFO 25444 --- [fraud-engine-service] [scheduling-1] c.s.f.fraudengine.cache.ActiveRuleCache  : Active rule cache refreshed ruleCount=10
2026-09-11T10:00:18.421+05:30  INFO 25444 --- [fraud-engine-service] [AsyncResolver-bootstrap-executor-%d] c.n.d.s.r.aws.ConfigClusterResolver      : Resolving eureka endpoints via configuration
2026-09-11T10:00:47.366+05:30  INFO 25444 --- [fraud-engine-service] [scheduling-1] c.s.f.f.client.BlacklistCacheClient      : Fetching active blacklist from Rule Cache
2026-09-11T10:00:47.381+05:30  INFO 25444 --- [fraud-engine-service] [scheduling-1] c.s.f.f.client.BlacklistCacheClient      : Fetched 4 active blacklist entries from Rule Cache
2026-09-11T10:00:47.381+05:30  INFO 25444 --- [fraud-engine-service] [scheduling-1] c.s.f.f.cache.ActiveBlacklistCache       : Active blacklist cache refreshed entryCount=4
2026-09-11T10:00:47.381+05:30  INFO 25444 --- [fraud-engine-service] [scheduling-1] c.s.f.f.client.RuleCacheClient           : Fetching active rules from Rule Cache
2026-09-11T10:00:47.389+05:30  INFO 25444 --- [fraud-engine-service] [scheduling-1] c.s.f.f.client.RuleCacheClient           : Fetched 10 active rules from Rule Cache
2026-09-11T10:00:47.389+05:30  INFO 25444 --- [fraud-engine-service] [scheduling-1] c.s.f.fraudengine.cache.ActiveRuleCache  : Active rule cache refreshed ruleCount=10
2026-09-11T10:01:17.390+05:30  INFO 25444 --- [fraud-engine-service] [scheduling-1] c.s.f.f.client.BlacklistCacheClient      : Fetching active blacklist from Rule Cache
2026-09-11T10:01:17.401+05:30  INFO 25444 --- [fraud-engine-service] [scheduling-1] c.s.f.f.client.BlacklistCacheClient      : Fetched 4 active blacklist entries from Rule Cache
2026-09-11T10:01:17.401+05:30  INFO 25444 --- [fraud-engine-service] [scheduling-1] c.s.f.f.cache.ActiveBlacklistCache       : Active blacklist cache refreshed entryCount=4
2026-09-11T10:01:17.401+05:30  INFO 25444 --- [fraud-engine-service] [scheduling-1] c.s.f.f.client.RuleCacheClient           : Fetching active rules from Rule Cache
2026-09-11T10:01:17.431+05:30  INFO 25444 --- [fraud-engine-service] [scheduling-1] c.s.f.f.client.RuleCacheClient           : Fetched 10 active rules from Rule Cache
2026-09-11T10:01:17.431+05:30  INFO 25444 --- [fraud-engine-service] [scheduling-1] c.s.f.fraudengine.cache.ActiveRuleCache  : Active rule cache refreshed ruleCount=10
2026-09-11T10:01:47.409+05:30  INFO 25444 --- [fraud-engine-service] [scheduling-1] c.s.f.f.client.BlacklistCacheClient      : Fetching active blacklist from Rule Cache
2026-09-11T10:01:47.413+05:30  INFO 25444 --- [fraud-engine-service] [scheduling-1] c.s.f.f.client.BlacklistCacheClient      : Fetched 4 active blacklist entries from Rule Cache
2026-09-11T10:01:47.413+05:30  INFO 25444 --- [fraud-engine-service] [scheduling-1] c.s.f.f.cache.ActiveBlacklistCache       : Active blacklist cache refreshed entryCount=4
2026-09-11T10:01:47.441+05:30  INFO 25444 --- [fraud-engine-service] [scheduling-1] c.s.f.f.client.RuleCacheClient           : Fetching active rules from Rule Cache
2026-09-11T10:01:47.460+05:30  INFO 25444 --- [fraud-engine-service] [scheduling-1] c.s.f.f.client.RuleCacheClient           : Fetched 10 active rules from Rule Cache
2026-09-11T10:01:47.460+05:30  INFO 25444 --- [fraud-engine-service] [scheduling-1] c.s.f.fraudengine.cache.ActiveRuleCache  : Active rule cache refreshed ruleCount=10
2026-09-11T10:02:17.428+05:30  INFO 25444 --- [fraud-engine-service] [scheduling-1] c.s.f.f.client.BlacklistCacheClient      : Fetching active blacklist from Rule Cache
2026-09-11T10:02:17.434+05:30  INFO 25444 --- [fraud-engine-service] [scheduling-1] c.s.f.f.client.BlacklistCacheClient      : Fetched 4 active blacklist entries from Rule Cache
2026-09-11T10:02:17.434+05:30  INFO 25444 --- [fraud-engine-service] [scheduling-1] c.s.f.f.cache.ActiveBlacklistCache       : Active blacklist cache refreshed entryCount=4
2026-09-11T10:02:17.476+05:30  INFO 25444 --- [fraud-engine-service] [scheduling-1] c.s.f.f.client.RuleCacheClient           : Fetching active rules from Rule Cache
2026-09-11T10:02:17.484+05:30  INFO 25444 --- [fraud-engine-service] [scheduling-1] c.s.f.f.client.RuleCacheClient           : Fetched 10 active rules from Rule Cache
2026-09-11T10:02:17.484+05:30  INFO 25444 --- [fraud-engine-service] [scheduling-1] c.s.f.fraudengine.cache.ActiveRuleCache  : Active rule cache refreshed ruleCount=10
2026-09-11T10:02:47.449+05:30  INFO 25444 --- [fraud-engine-service] [scheduling-1] c.s.f.f.client.BlacklistCacheClient      : Fetching active blacklist from Rule Cache
2026-09-11T10:02:47.454+05:30  INFO 25444 --- [fraud-engine-service] [scheduling-1] c.s.f.f.client.BlacklistCacheClient      : Fetched 4 active blacklist entries from Rule Cache
2026-09-11T10:02:47.454+05:30  INFO 25444 --- [fraud-engine-service] [scheduling-1] c.s.f.f.cache.ActiveBlacklistCache       : Active blacklist cache refreshed entryCount=4
2026-09-11T10:02:47.497+05:30  INFO 25444 --- [fraud-engine-service] [scheduling-1] c.s.f.f.client.RuleCacheClient           : Fetching active rules from Rule Cache
2026-09-11T10:02:47.508+05:30  INFO 25444 --- [fraud-engine-service] [scheduling-1] c.s.f.f.client.RuleCacheClient           : Fetched 10 active rules from Rule Cache
2026-09-11T10:02:47.508+05:30  INFO 25444 --- [fraud-engine-service] [scheduling-1] c.s.f.fraudengine.cache.ActiveRuleCache  : Active rule cache refreshed ruleCount=10
2026-09-11T10:03:17.469+05:30  INFO 25444 --- [fraud-engine-service] [scheduling-1] c.s.f.f.client.BlacklistCacheClient      : Fetching active blacklist from Rule Cache
2026-09-11T10:03:17.475+05:30  INFO 25444 --- [fraud-engine-service] [scheduling-1] c.s.f.f.client.BlacklistCacheClient      : Fetched 4 active blacklist entries from Rule Cache
2026-09-11T10:03:17.475+05:30  INFO 25444 --- [fraud-engine-service] [scheduling-1] c.s.f.f.cache.ActiveBlacklistCache       : Active blacklist cache refreshed entryCount=4
2026-09-11T10:03:17.517+05:30  INFO 25444 --- [fraud-engine-service] [scheduling-1] c.s.f.f.client.RuleCacheClient           : Fetching active rules from Rule Cache
2026-09-11T10:03:17.526+05:30  INFO 25444 --- [fraud-engine-service] [scheduling-1] c.s.f.f.client.RuleCacheClient           : Fetched 10 active rules from Rule Cache
2026-09-11T10:03:17.526+05:30  INFO 25444 --- [fraud-engine-service] [scheduling-1] c.s.f.fraudengine.cache.ActiveRuleCache  : Active rule cache refreshed ruleCount=10
2026-09-11T10:03:47.488+05:30  INFO 25444 --- [fraud-engine-service] [scheduling-1] c.s.f.f.client.BlacklistCacheClient      : Fetching active blacklist from Rule Cache
2026-09-11T10:03:47.504+05:30  INFO 25444 --- [fraud-engine-service] [scheduling-1] c.s.f.f.client.BlacklistCacheClient      : Fetched 4 active blacklist entries from Rule Cache
2026-09-11T10:03:47.504+05:30  INFO 25444 --- [fraud-engine-service] [scheduling-1] c.s.f.f.cache.ActiveBlacklistCache       : Active blacklist cache refreshed entryCount=4
2026-09-11T10:03:47.544+05:30  INFO 25444 --- [fraud-engine-service] [scheduling-1] c.s.f.f.client.RuleCacheClient           : Fetching active rules from Rule Cache
2026-09-11T10:03:47.545+05:30  INFO 25444 --- [fraud-engine-service] [scheduling-1] c.s.f.f.client.RuleCacheClient           : Fetched 10 active rules from Rule Cache
2026-09-11T10:03:47.545+05:30  INFO 25444 --- [fraud-engine-service] [scheduling-1] c.s.f.fraudengine.cache.ActiveRuleCache  : Active rule cache refreshed ruleCount=10
2026-09-11T10:04:17.512+05:30  INFO 25444 --- [fraud-engine-service] [scheduling-1] c.s.f.f.client.BlacklistCacheClient      : Fetching active blacklist from Rule Cache
2026-09-11T10:04:17.520+05:30  INFO 25444 --- [fraud-engine-service] [scheduling-1] c.s.f.f.client.BlacklistCacheClient      : Fetched 4 active blacklist entries from Rule Cache
2026-09-11T10:04:17.520+05:30  INFO 25444 --- [fraud-engine-service] [scheduling-1] c.s.f.f.cache.ActiveBlacklistCache       : Active blacklist cache refreshed entryCount=4
2026-09-11T10:04:17.560+05:30  INFO 25444 --- [fraud-engine-service] [scheduling-1] c.s.f.f.client.RuleCacheClient           : Fetching active rules from Rule Cache
2026-09-11T10:04:17.566+05:30  INFO 25444 --- [fraud-engine-service] [scheduling-1] c.s.f.f.client.RuleCacheClient           : Fetched 10 active rules from Rule Cache
2026-09-11T10:04:17.566+05:30  INFO 25444 --- [fraud-engine-service] [scheduling-1] c.s.f.fraudengine.cache.ActiveRuleCache  : Active rule cache refreshed ruleCount=10
2026-09-11T10:04:47.534+05:30  INFO 25444 --- [fraud-engine-service] [scheduling-1] c.s.f.f.client.BlacklistCacheClient      : Fetching active blacklist from Rule Cache
2026-09-11T10:04:47.545+05:30  INFO 25444 --- [fraud-engine-service] [scheduling-1] c.s.f.f.client.BlacklistCacheClient      : Fetched 4 active blacklist entries from Rule Cache
2026-09-11T10:04:47.545+05:30  INFO 25444 --- [fraud-engine-service] [scheduling-1] c.s.f.f.cache.ActiveBlacklistCache       : Active blacklist cache refreshed entryCount=4
2026-09-11T10:04:47.582+05:30  INFO 25444 --- [fraud-engine-service] [scheduling-1] c.s.f.f.client.RuleCacheClient           : Fetching active rules from Rule Cache
2026-09-11T10:04:47.593+05:30  INFO 25444 --- [fraud-engine-service] [scheduling-1] c.s.f.f.client.RuleCacheClient           : Fetched 10 active rules from Rule Cache
2026-09-11T10:04:47.593+05:30  INFO 25444 --- [fraud-engine-service] [scheduling-1] c.s.f.fraudengine.cache.ActiveRuleCache  : Active rule cache refreshed ruleCount=10
2026-09-11T10:05:17.552+05:30  INFO 25444 --- [fraud-engine-service] [scheduling-1] c.s.f.f.client.BlacklistCacheClient      : Fetching active blacklist from Rule Cache
2026-09-11T10:05:17.578+05:30  INFO 25444 --- [fraud-engine-service] [scheduling-1] c.s.f.f.client.BlacklistCacheClient      : Fetched 4 active blacklist entries from Rule Cache
2026-09-11T10:05:17.578+05:30  INFO 25444 --- [fraud-engine-service] [scheduling-1] c.s.f.f.cache.ActiveBlacklistCache       : Active blacklist cache refreshed entryCount=4
2026-09-11T10:05:17.599+05:30  INFO 25444 --- [fraud-engine-service] [scheduling-1] c.s.f.f.client.RuleCacheClient           : Fetching active rules from Rule Cache
2026-09-11T10:05:17.609+05:30  INFO 25444 --- [fraud-engine-service] [scheduling-1] c.s.f.f.client.RuleCacheClient           : Fetched 10 active rules from Rule Cache
2026-09-11T10:05:17.609+05:30  INFO 25444 --- [fraud-engine-service] [scheduling-1] c.s.f.fraudengine.cache.ActiveRuleCache  : Active rule cache refreshed ruleCount=10
2026-09-11T10:05:18.423+05:30  INFO 25444 --- [fraud-engine-service] [AsyncResolver-bootstrap-executor-%d] c.n.d.s.r.aws.ConfigClusterResolver      : Resolving eureka endpoints via configuration
2026-09-11T10:05:47.587+05:30  INFO 25444 --- [fraud-engine-service] [scheduling-1] c.s.f.f.client.BlacklistCacheClient      : Fetching active blacklist from Rule Cache
2026-09-11T10:05:47.613+05:30  INFO 25444 --- [fraud-engine-service] [scheduling-1] c.s.f.f.client.BlacklistCacheClient      : Fetched 4 active blacklist entries from Rule Cache
2026-09-11T10:05:47.613+05:30  INFO 25444 --- [fraud-engine-service] [scheduling-1] c.s.f.f.cache.ActiveBlacklistCache       : Active blacklist cache refreshed entryCount=4
2026-09-11T10:05:47.613+05:30  INFO 25444 --- [fraud-engine-service] [scheduling-1] c.s.f.f.client.RuleCacheClient           : Fetching active rules from Rule Cache
2026-09-11T10:05:47.617+05:30  INFO 25444 --- [fraud-engine-service] [scheduling-1] c.s.f.f.client.RuleCacheClient           : Fetched 10 active rules from Rule Cache
2026-09-11T10:05:47.617+05:30  INFO 25444 --- [fraud-engine-service] [scheduling-1] c.s.f.fraudengine.cache.ActiveRuleCache  : Active rule cache refreshed ruleCount=10
2026-09-11T10:06:17.627+05:30  INFO 25444 --- [fraud-engine-service] [scheduling-1] c.s.f.f.client.BlacklistCacheClient      : Fetching active blacklist from Rule Cache
2026-09-11T10:06:17.648+05:30  INFO 25444 --- [fraud-engine-service] [scheduling-1] c.s.f.f.client.BlacklistCacheClient      : Fetched 4 active blacklist entries from Rule Cache
2026-09-11T10:06:17.648+05:30  INFO 25444 --- [fraud-engine-service] [scheduling-1] c.s.f.f.cache.ActiveBlacklistCache       : Active blacklist cache refreshed entryCount=4
2026-09-11T10:06:17.648+05:30  INFO 25444 --- [fraud-engine-service] [scheduling-1] c.s.f.f.client.RuleCacheClient           : Fetching active rules from Rule Cache
2026-09-11T10:06:17.659+05:30  INFO 25444 --- [fraud-engine-service] [scheduling-1] c.s.f.f.client.RuleCacheClient           : Fetched 10 active rules from Rule Cache
2026-09-11T10:06:17.659+05:30  INFO 25444 --- [fraud-engine-service] [scheduling-1] c.s.f.fraudengine.cache.ActiveRuleCache  : Active rule cache refreshed ruleCount=10
2026-09-11T10:06:47.665+05:30  INFO 25444 --- [fraud-engine-service] [scheduling-1] c.s.f.f.client.BlacklistCacheClient      : Fetching active blacklist from Rule Cache
2026-09-11T10:06:47.672+05:30  INFO 25444 --- [fraud-engine-service] [scheduling-1] c.s.f.f.client.BlacklistCacheClient      : Fetched 4 active blacklist entries from Rule Cache
2026-09-11T10:06:47.672+05:30  INFO 25444 --- [fraud-engine-service] [scheduling-1] c.s.f.f.cache.ActiveBlacklistCache       : Active blacklist cache refreshed entryCount=4
2026-09-11T10:06:47.688+05:30  INFO 25444 --- [fraud-engine-service] [scheduling-1] c.s.f.f.client.RuleCacheClient           : Fetching active rules from Rule Cache
2026-09-11T10:06:47.700+05:30  INFO 25444 --- [fraud-engine-service] [scheduling-1] c.s.f.f.client.RuleCacheClient           : Fetched 10 active rules from Rule Cache
2026-09-11T10:06:47.700+05:30  INFO 25444 --- [fraud-engine-service] [scheduling-1] c.s.f.fraudengine.cache.ActiveRuleCache  : Active rule cache refreshed ruleCount=10
2026-09-11T10:07:17.689+05:30  INFO 25444 --- [fraud-engine-service] [scheduling-1] c.s.f.f.client.BlacklistCacheClient      : Fetching active blacklist from Rule Cache
2026-09-11T10:07:17.692+05:30  INFO 25444 --- [fraud-engine-service] [scheduling-1] c.s.f.f.client.BlacklistCacheClient      : Fetched 4 active blacklist entries from Rule Cache
2026-09-11T10:07:17.692+05:30  INFO 25444 --- [fraud-engine-service] [scheduling-1] c.s.f.f.cache.ActiveBlacklistCache       : Active blacklist cache refreshed entryCount=4
2026-09-11T10:07:17.692+05:30  INFO 25444 --- [fraud-engine-service] [scheduling-1] c.s.f.f.client.RuleCacheClient           : Fetching active rules from Rule Cache
2026-09-11T10:07:17.708+05:30  INFO 25444 --- [fraud-engine-service] [scheduling-1] c.s.f.f.client.RuleCacheClient           : Fetched 10 active rules from Rule Cache
2026-09-11T10:07:17.708+05:30  INFO 25444 --- [fraud-engine-service] [scheduling-1] c.s.f.fraudengine.cache.ActiveRuleCache  : Active rule cache refreshed ruleCount=10
2026-09-11T10:07:47.707+05:30  INFO 25444 --- [fraud-engine-service] [scheduling-1] c.s.f.f.client.BlacklistCacheClient      : Fetching active blacklist from Rule Cache
2026-09-11T10:07:47.723+05:30  INFO 25444 --- [fraud-engine-service] [scheduling-1] c.s.f.f.client.BlacklistCacheClient      : Fetched 4 active blacklist entries from Rule Cache
2026-09-11T10:07:47.723+05:30  INFO 25444 --- [fraud-engine-service] [scheduling-1] c.s.f.f.cache.ActiveBlacklistCache       : Active blacklist cache refreshed entryCount=4
2026-09-11T10:07:47.723+05:30  INFO 25444 --- [fraud-engine-service] [scheduling-1] c.s.f.f.client.RuleCacheClient           : Fetching active rules from Rule Cache
2026-09-11T10:07:47.738+05:30  INFO 25444 --- [fraud-engine-service] [scheduling-1] c.s.f.f.client.RuleCacheClient           : Fetched 10 active rules from Rule Cache
2026-09-11T10:07:47.738+05:30  INFO 25444 --- [fraud-engine-service] [scheduling-1] c.s.f.fraudengine.cache.ActiveRuleCache  : Active rule cache refreshed ruleCount=10
2026-09-11T10:08:17.730+05:30  INFO 25444 --- [fraud-engine-service] [scheduling-1] c.s.f.f.client.BlacklistCacheClient      : Fetching active blacklist from Rule Cache
2026-09-11T10:08:17.738+05:30  INFO 25444 --- [fraud-engine-service] [scheduling-1] c.s.f.f.client.BlacklistCacheClient      : Fetched 4 active blacklist entries from Rule Cache
2026-09-11T10:08:17.738+05:30  INFO 25444 --- [fraud-engine-service] [scheduling-1] c.s.f.f.cache.ActiveBlacklistCache       : Active blacklist cache refreshed entryCount=4
2026-09-11T10:08:17.738+05:30  INFO 25444 --- [fraud-engine-service] [scheduling-1] c.s.f.f.client.RuleCacheClient           : Fetching active rules from Rule Cache
2026-09-11T10:08:17.749+05:30  INFO 25444 --- [fraud-engine-service] [scheduling-1] c.s.f.f.client.RuleCacheClient           : Fetched 10 active rules from Rule Cache
2026-09-11T10:08:17.749+05:30  INFO 25444 --- [fraud-engine-service] [scheduling-1] c.s.f.fraudengine.cache.ActiveRuleCache  : Active rule cache refreshed ruleCount=10
2026-09-11T10:08:47.752+05:30  INFO 25444 --- [fraud-engine-service] [scheduling-1] c.s.f.f.client.BlacklistCacheClient      : Fetching active blacklist from Rule Cache
2026-09-11T10:08:47.762+05:30  INFO 25444 --- [fraud-engine-service] [scheduling-1] c.s.f.f.client.BlacklistCacheClient      : Fetched 4 active blacklist entries from Rule Cache
2026-09-11T10:08:47.762+05:30  INFO 25444 --- [fraud-engine-service] [scheduling-1] c.s.f.f.cache.ActiveBlacklistCache       : Active blacklist cache refreshed entryCount=4
2026-09-11T10:08:47.762+05:30  INFO 25444 --- [fraud-engine-service] [scheduling-1] c.s.f.f.client.RuleCacheClient           : Fetching active rules from Rule Cache
2026-09-11T10:08:47.770+05:30  INFO 25444 --- [fraud-engine-service] [scheduling-1] c.s.f.f.client.RuleCacheClient           : Fetched 10 active rules from Rule Cache
2026-09-11T10:08:47.770+05:30  INFO 25444 --- [fraud-engine-service] [scheduling-1] c.s.f.fraudengine.cache.ActiveRuleCache  : Active rule cache refreshed ruleCount=10
2026-09-11T10:09:17.764+05:30  INFO 25444 --- [fraud-engine-service] [scheduling-1] c.s.f.f.client.BlacklistCacheClient      : Fetching active blacklist from Rule Cache
2026-09-11T10:09:17.765+05:30  INFO 25444 --- [fraud-engine-service] [scheduling-1] c.s.f.f.client.BlacklistCacheClient      : Fetched 4 active blacklist entries from Rule Cache
2026-09-11T10:09:17.765+05:30  INFO 25444 --- [fraud-engine-service] [scheduling-1] c.s.f.f.cache.ActiveBlacklistCache       : Active blacklist cache refreshed entryCount=4
2026-09-11T10:09:17.765+05:30  INFO 25444 --- [fraud-engine-service] [scheduling-1] c.s.f.f.client.RuleCacheClient           : Fetching active rules from Rule Cache
2026-09-11T10:09:17.782+05:30  INFO 25444 --- [fraud-engine-service] [scheduling-1] c.s.f.f.client.RuleCacheClient           : Fetched 10 active rules from Rule Cache
2026-09-11T10:09:17.782+05:30  INFO 25444 --- [fraud-engine-service] [scheduling-1] c.s.f.fraudengine.cache.ActiveRuleCache  : Active rule cache refreshed ruleCount=10
2026-09-11T10:09:47.784+05:30  INFO 25444 --- [fraud-engine-service] [scheduling-1] c.s.f.f.client.BlacklistCacheClient      : Fetching active blacklist from Rule Cache
2026-09-11T10:09:47.805+05:30  INFO 25444 --- [fraud-engine-service] [scheduling-1] c.s.f.f.client.BlacklistCacheClient      : Fetched 4 active blacklist entries from Rule Cache
2026-09-11T10:09:47.805+05:30  INFO 25444 --- [fraud-engine-service] [scheduling-1] c.s.f.f.cache.ActiveBlacklistCache       : Active blacklist cache refreshed entryCount=4
2026-09-11T10:09:47.805+05:30  INFO 25444 --- [fraud-engine-service] [scheduling-1] c.s.f.f.client.RuleCacheClient           : Fetching active rules from Rule Cache
2026-09-11T10:09:47.805+05:30  INFO 25444 --- [fraud-engine-service] [scheduling-1] c.s.f.f.client.RuleCacheClient           : Fetched 10 active rules from Rule Cache
2026-09-11T10:09:47.805+05:30  INFO 25444 --- [fraud-engine-service] [scheduling-1] c.s.f.fraudengine.cache.ActiveRuleCache  : Active rule cache refreshed ruleCount=10
2026-09-11T10:10:17.817+05:30  INFO 25444 --- [fraud-engine-service] [scheduling-1] c.s.f.f.client.BlacklistCacheClient      : Fetching active blacklist from Rule Cache
2026-09-11T10:10:17.840+05:30  INFO 25444 --- [fraud-engine-service] [scheduling-1] c.s.f.f.client.BlacklistCacheClient      : Fetched 4 active blacklist entries from Rule Cache
2026-09-11T10:10:17.840+05:30  INFO 25444 --- [fraud-engine-service] [scheduling-1] c.s.f.f.cache.ActiveBlacklistCache       : Active blacklist cache refreshed entryCount=4
2026-09-11T10:10:17.840+05:30  INFO 25444 --- [fraud-engine-service] [scheduling-1] c.s.f.f.client.RuleCacheClient           : Fetching active rules from Rule Cache
2026-09-11T10:10:17.853+05:30  INFO 25444 --- [fraud-engine-service] [scheduling-1] c.s.f.f.client.RuleCacheClient           : Fetched 10 active rules from Rule Cache
2026-09-11T10:10:17.853+05:30  INFO 25444 --- [fraud-engine-service] [scheduling-1] c.s.f.fraudengine.cache.ActiveRuleCache  : Active rule cache refreshed ruleCount=10
2026-09-11T10:10:18.438+05:30  INFO 25444 --- [fraud-engine-service] [AsyncResolver-bootstrap-executor-%d] c.n.d.s.r.aws.ConfigClusterResolver      : Resolving eureka endpoints via configuration
2026-09-11T10:10:47.869+05:30  INFO 25444 --- [fraud-engine-service] [scheduling-1] c.s.f.f.client.BlacklistCacheClient      : Fetching active blacklist from Rule Cache
2026-09-11T10:10:47.877+05:30  INFO 25444 --- [fraud-engine-service] [scheduling-1] c.s.f.f.client.BlacklistCacheClient      : Fetched 4 active blacklist entries from Rule Cache
2026-09-11T10:10:47.877+05:30  INFO 25444 --- [fraud-engine-service] [scheduling-1] c.s.f.f.cache.ActiveBlacklistCache       : Active blacklist cache refreshed entryCount=4
2026-09-11T10:10:47.877+05:30  INFO 25444 --- [fraud-engine-service] [scheduling-1] c.s.f.f.client.RuleCacheClient           : Fetching active rules from Rule Cache
2026-09-11T10:10:47.893+05:30  INFO 25444 --- [fraud-engine-service] [scheduling-1] c.s.f.f.client.RuleCacheClient           : Fetched 10 active rules from Rule Cache
2026-09-11T10:10:47.893+05:30  INFO 25444 --- [fraud-engine-service] [scheduling-1] c.s.f.fraudengine.cache.ActiveRuleCache  : Active rule cache refreshed ruleCount=10
2026-09-11T10:11:17.890+05:30  INFO 25444 --- [fraud-engine-service] [scheduling-1] c.s.f.f.client.BlacklistCacheClient      : Fetching active blacklist from Rule Cache
2026-09-11T10:11:17.914+05:30  INFO 25444 --- [fraud-engine-service] [scheduling-1] c.s.f.f.client.BlacklistCacheClient      : Fetched 4 active blacklist entries from Rule Cache
2026-09-11T10:11:17.914+05:30  INFO 25444 --- [fraud-engine-service] [scheduling-1] c.s.f.f.cache.ActiveBlacklistCache       : Active blacklist cache refreshed entryCount=4
2026-09-11T10:11:17.916+05:30  INFO 25444 --- [fraud-engine-service] [scheduling-1] c.s.f.f.client.RuleCacheClient           : Fetching active rules from Rule Cache
2026-09-11T10:11:17.918+05:30  INFO 25444 --- [fraud-engine-service] [scheduling-1] c.s.f.f.client.RuleCacheClient           : Fetched 10 active rules from Rule Cache
2026-09-11T10:11:17.918+05:30  INFO 25444 --- [fraud-engine-service] [scheduling-1] c.s.f.fraudengine.cache.ActiveRuleCache  : Active rule cache refreshed ruleCount=10
2026-09-11T10:11:47.918+05:30  INFO 25444 --- [fraud-engine-service] [scheduling-1] c.s.f.f.client.BlacklistCacheClient      : Fetching active blacklist from Rule Cache
2026-09-11T10:11:47.939+05:30  INFO 25444 --- [fraud-engine-service] [scheduling-1] c.s.f.f.client.BlacklistCacheClient      : Fetched 4 active blacklist entries from Rule Cache
2026-09-11T10:11:47.939+05:30  INFO 25444 --- [fraud-engine-service] [scheduling-1] c.s.f.f.cache.ActiveBlacklistCache       : Active blacklist cache refreshed entryCount=4
2026-09-11T10:11:47.939+05:30  INFO 25444 --- [fraud-engine-service] [scheduling-1] c.s.f.f.client.RuleCacheClient           : Fetching active rules from Rule Cache
2026-09-11T10:11:47.951+05:30  INFO 25444 --- [fraud-engine-service] [scheduling-1] c.s.f.f.client.RuleCacheClient           : Fetched 10 active rules from Rule Cache
2026-09-11T10:11:47.951+05:30  INFO 25444 --- [fraud-engine-service] [scheduling-1] c.s.f.fraudengine.cache.ActiveRuleCache  : Active rule cache refreshed ruleCount=10
2026-09-11T10:12:17.954+05:30  INFO 25444 --- [fraud-engine-service] [scheduling-1] c.s.f.f.client.BlacklistCacheClient      : Fetching active blacklist from Rule Cache
2026-09-11T10:12:17.971+05:30  INFO 25444 --- [fraud-engine-service] [scheduling-1] c.s.f.f.client.BlacklistCacheClient      : Fetched 4 active blacklist entries from Rule Cache
2026-09-11T10:12:17.971+05:30  INFO 25444 --- [fraud-engine-service] [scheduling-1] c.s.f.f.cache.ActiveBlacklistCache       : Active blacklist cache refreshed entryCount=4
2026-09-11T10:12:17.971+05:30  INFO 25444 --- [fraud-engine-service] [scheduling-1] c.s.f.f.client.RuleCacheClient           : Fetching active rules from Rule Cache
2026-09-11T10:12:17.988+05:30  INFO 25444 --- [fraud-engine-service] [scheduling-1] c.s.f.f.client.RuleCacheClient           : Fetched 10 active rules from Rule Cache
2026-09-11T10:12:17.988+05:30  INFO 25444 --- [fraud-engine-service] [scheduling-1] c.s.f.fraudengine.cache.ActiveRuleCache  : Active rule cache refreshed ruleCount=10
2026-09-11T10:12:47.998+05:30  INFO 25444 --- [fraud-engine-service] [scheduling-1] c.s.f.f.client.BlacklistCacheClient      : Fetching active blacklist from Rule Cache
2026-09-11T10:12:48.004+05:30  INFO 25444 --- [fraud-engine-service] [scheduling-1] c.s.f.f.client.BlacklistCacheClient      : Fetched 4 active blacklist entries from Rule Cache
2026-09-11T10:12:48.004+05:30  INFO 25444 --- [fraud-engine-service] [scheduling-1] c.s.f.f.cache.ActiveBlacklistCache       : Active blacklist cache refreshed entryCount=4
2026-09-11T10:12:48.004+05:30  INFO 25444 --- [fraud-engine-service] [scheduling-1] c.s.f.f.client.RuleCacheClient           : Fetching active rules from Rule Cache
2026-09-11T10:12:48.020+05:30  INFO 25444 --- [fraud-engine-service] [scheduling-1] c.s.f.f.client.RuleCacheClient           : Fetched 10 active rules from Rule Cache
2026-09-11T10:12:48.020+05:30  INFO 25444 --- [fraud-engine-service] [scheduling-1] c.s.f.fraudengine.cache.ActiveRuleCache  : Active rule cache refreshed ruleCount=10
2026-09-11T10:13:18.020+05:30  INFO 25444 --- [fraud-engine-service] [scheduling-1] c.s.f.f.client.BlacklistCacheClient      : Fetching active blacklist from Rule Cache
2026-09-11T10:13:18.024+05:30  INFO 25444 --- [fraud-engine-service] [scheduling-1] c.s.f.f.client.BlacklistCacheClient      : Fetched 4 active blacklist entries from Rule Cache
2026-09-11T10:13:18.024+05:30  INFO 25444 --- [fraud-engine-service] [scheduling-1] c.s.f.f.cache.ActiveBlacklistCache       : Active blacklist cache refreshed entryCount=4
2026-09-11T10:13:18.024+05:30  INFO 25444 --- [fraud-engine-service] [scheduling-1] c.s.f.f.client.RuleCacheClient           : Fetching active rules from Rule Cache
2026-09-11T10:13:18.035+05:30  INFO 25444 --- [fraud-engine-service] [scheduling-1] c.s.f.f.client.RuleCacheClient           : Fetched 10 active rules from Rule Cache
2026-09-11T10:13:18.035+05:30  INFO 25444 --- [fraud-engine-service] [scheduling-1] c.s.f.fraudengine.cache.ActiveRuleCache  : Active rule cache refreshed ruleCount=10
2026-09-11T10:13:48.043+05:30  INFO 25444 --- [fraud-engine-service] [scheduling-1] c.s.f.f.client.BlacklistCacheClient      : Fetching active blacklist from Rule Cache
2026-09-11T10:13:48.045+05:30  INFO 25444 --- [fraud-engine-service] [scheduling-1] c.s.f.f.client.BlacklistCacheClient      : Fetched 4 active blacklist entries from Rule Cache
2026-09-11T10:13:48.045+05:30  INFO 25444 --- [fraud-engine-service] [scheduling-1] c.s.f.f.cache.ActiveBlacklistCache       : Active blacklist cache refreshed entryCount=4
2026-09-11T10:13:48.045+05:30  INFO 25444 --- [fraud-engine-service] [scheduling-1] c.s.f.f.client.RuleCacheClient           : Fetching active rules from Rule Cache
2026-09-11T10:13:48.061+05:30  INFO 25444 --- [fraud-engine-service] [scheduling-1] c.s.f.f.client.RuleCacheClient           : Fetched 10 active rules from Rule Cache
2026-09-11T10:13:48.061+05:30  INFO 25444 --- [fraud-engine-service] [scheduling-1] c.s.f.fraudengine.cache.ActiveRuleCache  : Active rule cache refreshed ruleCount=10
2026-09-11T10:14:18.062+05:30  INFO 25444 --- [fraud-engine-service] [scheduling-1] c.s.f.f.client.BlacklistCacheClient      : Fetching active blacklist from Rule Cache
2026-09-11T10:14:18.075+05:30  INFO 25444 --- [fraud-engine-service] [scheduling-1] c.s.f.f.client.BlacklistCacheClient      : Fetched 4 active blacklist entries from Rule Cache
2026-09-11T10:14:18.075+05:30  INFO 25444 --- [fraud-engine-service] [scheduling-1] c.s.f.f.cache.ActiveBlacklistCache       : Active blacklist cache refreshed entryCount=4
2026-09-11T10:14:18.075+05:30  INFO 25444 --- [fraud-engine-service] [scheduling-1] c.s.f.f.client.RuleCacheClient           : Fetching active rules from Rule Cache
2026-09-11T10:14:18.083+05:30  INFO 25444 --- [fraud-engine-service] [scheduling-1] c.s.f.f.client.RuleCacheClient           : Fetched 10 active rules from Rule Cache
2026-09-11T10:14:18.083+05:30  INFO 25444 --- [fraud-engine-service] [scheduling-1] c.s.f.fraudengine.cache.ActiveRuleCache  : Active rule cache refreshed ruleCount=10
2026-09-11T10:14:48.083+05:30  INFO 25444 --- [fraud-engine-service] [scheduling-1] c.s.f.f.client.BlacklistCacheClient      : Fetching active blacklist from Rule Cache
2026-09-11T10:14:48.086+05:30  INFO 25444 --- [fraud-engine-service] [scheduling-1] c.s.f.f.client.BlacklistCacheClient      : Fetched 4 active blacklist entries from Rule Cache
2026-09-11T10:14:48.086+05:30  INFO 25444 --- [fraud-engine-service] [scheduling-1] c.s.f.f.cache.ActiveBlacklistCache       : Active blacklist cache refreshed entryCount=4
2026-09-11T10:14:48.104+05:30  INFO 25444 --- [fraud-engine-service] [scheduling-1] c.s.f.f.client.RuleCacheClient           : Fetching active rules from Rule Cache
2026-09-11T10:14:48.119+05:30  INFO 25444 --- [fraud-engine-service] [scheduling-1] c.s.f.f.client.RuleCacheClient           : Fetched 10 active rules from Rule Cache
2026-09-11T10:14:48.119+05:30  INFO 25444 --- [fraud-engine-service] [scheduling-1] c.s.f.fraudengine.cache.ActiveRuleCache  : Active rule cache refreshed ruleCount=10
2026-09-11T10:15:18.122+05:30  INFO 25444 --- [fraud-engine-service] [scheduling-1] c.s.f.f.client.BlacklistCacheClient      : Fetching active blacklist from Rule Cache
2026-09-11T10:15:18.123+05:30  INFO 25444 --- [fraud-engine-service] [scheduling-1] c.s.f.f.client.BlacklistCacheClient      : Fetched 4 active blacklist entries from Rule Cache
2026-09-11T10:15:18.123+05:30  INFO 25444 --- [fraud-engine-service] [scheduling-1] c.s.f.f.cache.ActiveBlacklistCache       : Active blacklist cache refreshed entryCount=4
2026-09-11T10:15:18.123+05:30  INFO 25444 --- [fraud-engine-service] [scheduling-1] c.s.f.f.client.RuleCacheClient           : Fetching active rules from Rule Cache
2026-09-11T10:15:18.140+05:30  INFO 25444 --- [fraud-engine-service] [scheduling-1] c.s.f.f.client.RuleCacheClient           : Fetched 10 active rules from Rule Cache
2026-09-11T10:15:18.140+05:30  INFO 25444 --- [fraud-engine-service] [scheduling-1] c.s.f.fraudengine.cache.ActiveRuleCache  : Active rule cache refreshed ruleCount=10
2026-09-11T10:15:18.449+05:30  INFO 25444 --- [fraud-engine-service] [AsyncResolver-bootstrap-executor-%d] c.n.d.s.r.aws.ConfigClusterResolver      : Resolving eureka endpoints via configuration
2026-09-11T10:23:01.435+05:30  INFO 25444 --- [fraud-engine-service] [scheduling-1] c.s.f.f.client.BlacklistCacheClient      : Fetching active blacklist from Rule Cache
2026-09-11T10:23:01.442+05:30  INFO 25444 --- [fraud-engine-service] [scheduling-1] c.s.f.f.client.BlacklistCacheClient      : Fetched 4 active blacklist entries from Rule Cache
2026-09-11T10:23:01.442+05:30  INFO 25444 --- [fraud-engine-service] [scheduling-1] c.s.f.f.cache.ActiveBlacklistCache       : Active blacklist cache refreshed entryCount=4
2026-09-11T10:23:01.442+05:30  INFO 25444 --- [fraud-engine-service] [scheduling-1] c.s.f.f.client.RuleCacheClient           : Fetching active rules from Rule Cache
2026-09-11T10:23:01.459+05:30  INFO 25444 --- [fraud-engine-service] [scheduling-1] c.s.f.f.client.RuleCacheClient           : Fetched 10 active rules from Rule Cache
2026-09-11T10:23:01.459+05:30  INFO 25444 --- [fraud-engine-service] [scheduling-1] c.s.f.fraudengine.cache.ActiveRuleCache  : Active rule cache refreshed ruleCount=10
2026-09-11T10:23:31.457+05:30  INFO 25444 --- [fraud-engine-service] [scheduling-1] c.s.f.f.client.BlacklistCacheClient      : Fetching active blacklist from Rule Cache
2026-09-11T10:23:31.463+05:30  INFO 25444 --- [fraud-engine-service] [scheduling-1] c.s.f.f.client.BlacklistCacheClient      : Fetched 4 active blacklist entries from Rule Cache
2026-09-11T10:23:31.463+05:30  INFO 25444 --- [fraud-engine-service] [scheduling-1] c.s.f.f.cache.ActiveBlacklistCache       : Active blacklist cache refreshed entryCount=4
2026-09-11T10:23:31.463+05:30  INFO 25444 --- [fraud-engine-service] [scheduling-1] c.s.f.f.client.RuleCacheClient           : Fetching active rules from Rule Cache
2026-09-11T10:23:31.480+05:30  INFO 25444 --- [fraud-engine-service] [scheduling-1] c.s.f.f.client.RuleCacheClient           : Fetched 10 active rules from Rule Cache
2026-09-11T10:23:31.480+05:30  INFO 25444 --- [fraud-engine-service] [scheduling-1] c.s.f.fraudengine.cache.ActiveRuleCache  : Active rule cache refreshed ruleCount=10
2026-09-11T10:24:01.481+05:30  INFO 25444 --- [fraud-engine-service] [scheduling-1] c.s.f.f.client.BlacklistCacheClient      : Fetching active blacklist from Rule Cache
2026-09-11T10:24:01.492+05:30  INFO 25444 --- [fraud-engine-service] [scheduling-1] c.s.f.f.client.BlacklistCacheClient      : Fetched 4 active blacklist entries from Rule Cache
2026-09-11T10:24:01.492+05:30  INFO 25444 --- [fraud-engine-service] [scheduling-1] c.s.f.f.cache.ActiveBlacklistCache       : Active blacklist cache refreshed entryCount=4
2026-09-11T10:24:01.492+05:30  INFO 25444 --- [fraud-engine-service] [scheduling-1] c.s.f.f.client.RuleCacheClient           : Fetching active rules from Rule Cache
2026-09-11T10:24:01.500+05:30  INFO 25444 --- [fraud-engine-service] [scheduling-1] c.s.f.f.client.RuleCacheClient           : Fetched 10 active rules from Rule Cache
2026-09-11T10:24:01.500+05:30  INFO 25444 --- [fraud-engine-service] [scheduling-1] c.s.f.fraudengine.cache.ActiveRuleCache  : Active rule cache refreshed ruleCount=10
2026-09-11T10:24:31.501+05:30  INFO 25444 --- [fraud-engine-service] [scheduling-1] c.s.f.f.client.BlacklistCacheClient      : Fetching active blacklist from Rule Cache
2026-09-11T10:24:31.504+05:30  INFO 25444 --- [fraud-engine-service] [scheduling-1] c.s.f.f.client.BlacklistCacheClient      : Fetched 4 active blacklist entries from Rule Cache
2026-09-11T10:24:31.504+05:30  INFO 25444 --- [fraud-engine-service] [scheduling-1] c.s.f.f.cache.ActiveBlacklistCache       : Active blacklist cache refreshed entryCount=4
2026-09-11T10:24:31.504+05:30  INFO 25444 --- [fraud-engine-service] [scheduling-1] c.s.f.f.client.RuleCacheClient           : Fetching active rules from Rule Cache
2026-09-11T10:24:31.520+05:30  INFO 25444 --- [fraud-engine-service] [scheduling-1] c.s.f.f.client.RuleCacheClient           : Fetched 10 active rules from Rule Cache
2026-09-11T10:24:31.520+05:30  INFO 25444 --- [fraud-engine-service] [scheduling-1] c.s.f.fraudengine.cache.ActiveRuleCache  : Active rule cache refreshed ruleCount=10
2026-09-11T10:25:01.523+05:30  INFO 25444 --- [fraud-engine-service] [scheduling-1] c.s.f.f.client.BlacklistCacheClient      : Fetching active blacklist from Rule Cache
2026-09-11T10:25:01.524+05:30  INFO 25444 --- [fraud-engine-service] [scheduling-1] c.s.f.f.client.BlacklistCacheClient      : Fetched 4 active blacklist entries from Rule Cache
2026-09-11T10:25:01.524+05:30  INFO 25444 --- [fraud-engine-service] [scheduling-1] c.s.f.f.cache.ActiveBlacklistCache       : Active blacklist cache refreshed entryCount=4
2026-09-11T10:25:01.524+05:30  INFO 25444 --- [fraud-engine-service] [scheduling-1] c.s.f.f.client.RuleCacheClient           : Fetching active rules from Rule Cache
2026-09-11T10:25:01.558+05:30  INFO 25444 --- [fraud-engine-service] [scheduling-1] c.s.f.f.client.RuleCacheClient           : Fetched 10 active rules from Rule Cache
2026-09-11T10:25:01.558+05:30  INFO 25444 --- [fraud-engine-service] [scheduling-1] c.s.f.fraudengine.cache.ActiveRuleCache  : Active rule cache refreshed ruleCount=10
2026-09-11T10:25:31.540+05:30  INFO 25444 --- [fraud-engine-service] [scheduling-1] c.s.f.f.client.BlacklistCacheClient      : Fetching active blacklist from Rule Cache
2026-09-11T10:25:31.556+05:30  INFO 25444 --- [fraud-engine-service] [scheduling-1] c.s.f.f.client.BlacklistCacheClient      : Fetched 4 active blacklist entries from Rule Cache
2026-09-11T10:25:31.556+05:30  INFO 25444 --- [fraud-engine-service] [scheduling-1] c.s.f.f.cache.ActiveBlacklistCache       : Active blacklist cache refreshed entryCount=4
2026-09-11T10:25:31.572+05:30  INFO 25444 --- [fraud-engine-service] [scheduling-1] c.s.f.f.client.RuleCacheClient           : Fetching active rules from Rule Cache
2026-09-11T10:25:31.578+05:30  INFO 25444 --- [fraud-engine-service] [scheduling-1] c.s.f.f.client.RuleCacheClient           : Fetched 10 active rules from Rule Cache
2026-09-11T10:25:31.578+05:30  INFO 25444 --- [fraud-engine-service] [scheduling-1] c.s.f.fraudengine.cache.ActiveRuleCache  : Active rule cache refreshed ruleCount=10
2026-09-11T10:30:32.276+05:30  INFO 25444 --- [fraud-engine-service] [scheduling-1] c.s.f.f.client.BlacklistCacheClient      : Fetching active blacklist from Rule Cache
2026-09-11T10:30:32.543+05:30  INFO 25444 --- [fraud-engine-service] [scheduling-1] c.s.f.f.client.BlacklistCacheClient      : Fetched 4 active blacklist entries from Rule Cache
2026-09-11T10:30:32.545+05:30  INFO 25444 --- [fraud-engine-service] [scheduling-1] c.s.f.f.cache.ActiveBlacklistCache       : Active blacklist cache refreshed entryCount=4
2026-09-11T10:30:32.545+05:30  INFO 25444 --- [fraud-engine-service] [scheduling-1] c.s.f.f.client.RuleCacheClient           : Fetching active rules from Rule Cache
2026-09-11T10:30:32.787+05:30  INFO 25444 --- [fraud-engine-service] [scheduling-1] c.s.f.f.client.RuleCacheClient           : Fetched 10 active rules from Rule Cache
2026-09-11T10:30:32.789+05:30  INFO 25444 --- [fraud-engine-service] [scheduling-1] c.s.f.fraudengine.cache.ActiveRuleCache  : Active rule cache refreshed ruleCount=10
2026-09-11T10:31:02.554+05:30  INFO 25444 --- [fraud-engine-service] [scheduling-1] c.s.f.f.client.BlacklistCacheClient      : Fetching active blacklist from Rule Cache
2026-09-11T10:31:02.565+05:30  INFO 25444 --- [fraud-engine-service] [scheduling-1] c.s.f.f.client.BlacklistCacheClient      : Fetched 4 active blacklist entries from Rule Cache
2026-09-11T10:31:02.565+05:30  INFO 25444 --- [fraud-engine-service] [scheduling-1] c.s.f.f.cache.ActiveBlacklistCache       : Active blacklist cache refreshed entryCount=4
2026-09-11T10:31:02.793+05:30  INFO 25444 --- [fraud-engine-service] [scheduling-1] c.s.f.f.client.RuleCacheClient           : Fetching active rules from Rule Cache
2026-09-11T10:31:02.810+05:30  INFO 25444 --- [fraud-engine-service] [scheduling-1] c.s.f.f.client.RuleCacheClient           : Fetched 10 active rules from Rule Cache
2026-09-11T10:31:02.810+05:30  INFO 25444 --- [fraud-engine-service] [scheduling-1] c.s.f.fraudengine.cache.ActiveRuleCache  : Active rule cache refreshed ruleCount=10
2026-09-11T10:31:32.569+05:30  INFO 25444 --- [fraud-engine-service] [scheduling-1] c.s.f.f.client.BlacklistCacheClient      : Fetching active blacklist from Rule Cache
2026-09-11T10:31:32.570+05:30  INFO 25444 --- [fraud-engine-service] [scheduling-1] c.s.f.f.client.BlacklistCacheClient      : Fetched 4 active blacklist entries from Rule Cache
2026-09-11T10:31:32.570+05:30  INFO 25444 --- [fraud-engine-service] [scheduling-1] c.s.f.f.cache.ActiveBlacklistCache       : Active blacklist cache refreshed entryCount=4
2026-09-11T10:31:32.827+05:30  INFO 25444 --- [fraud-engine-service] [scheduling-1] c.s.f.f.client.RuleCacheClient           : Fetching active rules from Rule Cache
2026-09-11T10:31:32.831+05:30  INFO 25444 --- [fraud-engine-service] [scheduling-1] c.s.f.f.client.RuleCacheClient           : Fetched 10 active rules from Rule Cache
2026-09-11T10:31:32.831+05:30  INFO 25444 --- [fraud-engine-service] [scheduling-1] c.s.f.fraudengine.cache.ActiveRuleCache  : Active rule cache refreshed ruleCount=10
2026-09-11T10:32:02.468+05:30  INFO 25444 --- [fraud-engine-service] [AsyncResolver-bootstrap-executor-%d] c.n.d.s.r.aws.ConfigClusterResolver      : Resolving eureka endpoints via configuration
2026-09-11T10:32:02.595+05:30  INFO 25444 --- [fraud-engine-service] [scheduling-1] c.s.f.f.client.BlacklistCacheClient      : Fetching active blacklist from Rule Cache
2026-09-11T10:32:02.601+05:30  INFO 25444 --- [fraud-engine-service] [scheduling-1] c.s.f.f.client.BlacklistCacheClient      : Fetched 4 active blacklist entries from Rule Cache
2026-09-11T10:32:02.601+05:30  INFO 25444 --- [fraud-engine-service] [scheduling-1] c.s.f.f.cache.ActiveBlacklistCache       : Active blacklist cache refreshed entryCount=4
2026-09-11T10:32:02.849+05:30  INFO 25444 --- [fraud-engine-service] [scheduling-1] c.s.f.f.client.RuleCacheClient           : Fetching active rules from Rule Cache
2026-09-11T10:32:02.871+05:30  INFO 25444 --- [fraud-engine-service] [scheduling-1] c.s.f.f.client.RuleCacheClient           : Fetched 10 active rules from Rule Cache
2026-09-11T10:32:02.871+05:30  INFO 25444 --- [fraud-engine-service] [scheduling-1] c.s.f.fraudengine.cache.ActiveRuleCache  : Active rule cache refreshed ruleCount=10
2026-09-11T10:32:32.617+05:30  INFO 25444 --- [fraud-engine-service] [scheduling-1] c.s.f.f.client.BlacklistCacheClient      : Fetching active blacklist from Rule Cache
2026-09-11T10:32:32.622+05:30  INFO 25444 --- [fraud-engine-service] [scheduling-1] c.s.f.f.client.BlacklistCacheClient      : Fetched 4 active blacklist entries from Rule Cache
2026-09-11T10:32:32.622+05:30  INFO 25444 --- [fraud-engine-service] [scheduling-1] c.s.f.f.cache.ActiveBlacklistCache       : Active blacklist cache refreshed entryCount=4
2026-09-11T10:32:32.885+05:30  INFO 25444 --- [fraud-engine-service] [scheduling-1] c.s.f.f.client.RuleCacheClient           : Fetching active rules from Rule Cache
2026-09-11T10:32:32.890+05:30  INFO 25444 --- [fraud-engine-service] [scheduling-1] c.s.f.f.client.RuleCacheClient           : Fetched 10 active rules from Rule Cache
2026-09-11T10:32:32.890+05:30  INFO 25444 --- [fraud-engine-service] [scheduling-1] c.s.f.fraudengine.cache.ActiveRuleCache  : Active rule cache refreshed ruleCount=10
2026-09-11T10:33:02.636+05:30  INFO 25444 --- [fraud-engine-service] [scheduling-1] c.s.f.f.client.BlacklistCacheClient      : Fetching active blacklist from Rule Cache
2026-09-11T10:33:02.642+05:30  INFO 25444 --- [fraud-engine-service] [scheduling-1] c.s.f.f.client.BlacklistCacheClient      : Fetched 4 active blacklist entries from Rule Cache
2026-09-11T10:33:02.642+05:30  INFO 25444 --- [fraud-engine-service] [scheduling-1] c.s.f.f.cache.ActiveBlacklistCache       : Active blacklist cache refreshed entryCount=4
2026-09-11T10:33:02.906+05:30  INFO 25444 --- [fraud-engine-service] [scheduling-1] c.s.f.f.client.RuleCacheClient           : Fetching active rules from Rule Cache
2026-09-11T10:33:02.917+05:30  INFO 25444 --- [fraud-engine-service] [scheduling-1] c.s.f.f.client.RuleCacheClient           : Fetched 10 active rules from Rule Cache
2026-09-11T10:33:02.918+05:30  INFO 25444 --- [fraud-engine-service] [scheduling-1] c.s.f.fraudengine.cache.ActiveRuleCache  : Active rule cache refreshed ruleCount=10
2026-09-11T10:33:32.656+05:30  INFO 25444 --- [fraud-engine-service] [scheduling-1] c.s.f.f.client.BlacklistCacheClient      : Fetching active blacklist from Rule Cache
2026-09-11T10:33:32.663+05:30  INFO 25444 --- [fraud-engine-service] [scheduling-1] c.s.f.f.client.BlacklistCacheClient      : Fetched 4 active blacklist entries from Rule Cache
2026-09-11T10:33:32.663+05:30  INFO 25444 --- [fraud-engine-service] [scheduling-1] c.s.f.f.cache.ActiveBlacklistCache       : Active blacklist cache refreshed entryCount=4
2026-09-11T10:33:32.927+05:30  INFO 25444 --- [fraud-engine-service] [scheduling-1] c.s.f.f.client.RuleCacheClient           : Fetching active rules from Rule Cache
2026-09-11T10:33:32.932+05:30  INFO 25444 --- [fraud-engine-service] [scheduling-1] c.s.f.f.client.RuleCacheClient           : Fetched 10 active rules from Rule Cache
2026-09-11T10:33:32.932+05:30  INFO 25444 --- [fraud-engine-service] [scheduling-1] c.s.f.fraudengine.cache.ActiveRuleCache  : Active rule cache refreshed ruleCount=10
2026-09-11T10:34:02.671+05:30  INFO 25444 --- [fraud-engine-service] [scheduling-1] c.s.f.f.client.BlacklistCacheClient      : Fetching active blacklist from Rule Cache
2026-09-11T10:34:02.691+05:30  INFO 25444 --- [fraud-engine-service] [scheduling-1] c.s.f.f.client.BlacklistCacheClient      : Fetched 4 active blacklist entries from Rule Cache
2026-09-11T10:34:02.691+05:30  INFO 25444 --- [fraud-engine-service] [scheduling-1] c.s.f.f.cache.ActiveBlacklistCache       : Active blacklist cache refreshed entryCount=4
2026-09-11T10:34:02.940+05:30  INFO 25444 --- [fraud-engine-service] [scheduling-1] c.s.f.f.client.RuleCacheClient           : Fetching active rules from Rule Cache
2026-09-11T10:34:02.956+05:30  INFO 25444 --- [fraud-engine-service] [scheduling-1] c.s.f.f.client.RuleCacheClient           : Fetched 10 active rules from Rule Cache
2026-09-11T10:34:02.956+05:30  INFO 25444 --- [fraud-engine-service] [scheduling-1] c.s.f.fraudengine.cache.ActiveRuleCache  : Active rule cache refreshed ruleCount=10
2026-09-11T10:34:32.694+05:30  INFO 25444 --- [fraud-engine-service] [scheduling-1] c.s.f.f.client.BlacklistCacheClient      : Fetching active blacklist from Rule Cache
2026-09-11T10:34:32.715+05:30  INFO 25444 --- [fraud-engine-service] [scheduling-1] c.s.f.f.client.BlacklistCacheClient      : Fetched 4 active blacklist entries from Rule Cache
2026-09-11T10:34:32.715+05:30  INFO 25444 --- [fraud-engine-service] [scheduling-1] c.s.f.f.cache.ActiveBlacklistCache       : Active blacklist cache refreshed entryCount=4
2026-09-11T10:34:32.965+05:30  INFO 25444 --- [fraud-engine-service] [scheduling-1] c.s.f.f.client.RuleCacheClient           : Fetching active rules from Rule Cache
2026-09-11T10:34:32.976+05:30  INFO 25444 --- [fraud-engine-service] [scheduling-1] c.s.f.f.client.RuleCacheClient           : Fetched 10 active rules from Rule Cache
2026-09-11T10:34:32.976+05:30  INFO 25444 --- [fraud-engine-service] [scheduling-1] c.s.f.fraudengine.cache.ActiveRuleCache  : Active rule cache refreshed ruleCount=10
2026-09-11T10:35:02.721+05:30  INFO 25444 --- [fraud-engine-service] [scheduling-1] c.s.f.f.client.BlacklistCacheClient      : Fetching active blacklist from Rule Cache
2026-09-11T10:35:02.735+05:30  INFO 25444 --- [fraud-engine-service] [scheduling-1] c.s.f.f.client.BlacklistCacheClient      : Fetched 4 active blacklist entries from Rule Cache
2026-09-11T10:35:02.735+05:30  INFO 25444 --- [fraud-engine-service] [scheduling-1] c.s.f.f.cache.ActiveBlacklistCache       : Active blacklist cache refreshed entryCount=4
2026-09-11T10:35:02.983+05:30  INFO 25444 --- [fraud-engine-service] [scheduling-1] c.s.f.f.client.RuleCacheClient           : Fetching active rules from Rule Cache
2026-09-11T10:35:02.987+05:30  INFO 25444 --- [fraud-engine-service] [scheduling-1] c.s.f.f.client.RuleCacheClient           : Fetched 10 active rules from Rule Cache
2026-09-11T10:35:02.987+05:30  INFO 25444 --- [fraud-engine-service] [scheduling-1] c.s.f.fraudengine.cache.ActiveRuleCache  : Active rule cache refreshed ruleCount=10
2026-09-11T10:35:32.750+05:30  INFO 25444 --- [fraud-engine-service] [scheduling-1] c.s.f.f.client.BlacklistCacheClient      : Fetching active blacklist from Rule Cache
2026-09-11T10:35:32.758+05:30  INFO 25444 --- [fraud-engine-service] [scheduling-1] c.s.f.f.client.BlacklistCacheClient      : Fetched 4 active blacklist entries from Rule Cache
2026-09-11T10:35:32.758+05:30  INFO 25444 --- [fraud-engine-service] [scheduling-1] c.s.f.f.cache.ActiveBlacklistCache       : Active blacklist cache refreshed entryCount=4
2026-09-11T10:35:33.002+05:30  INFO 25444 --- [fraud-engine-service] [scheduling-1] c.s.f.f.client.RuleCacheClient           : Fetching active rules from Rule Cache
2026-09-11T10:35:33.013+05:30  INFO 25444 --- [fraud-engine-service] [scheduling-1] c.s.f.f.client.RuleCacheClient           : Fetched 10 active rules from Rule Cache
2026-09-11T10:35:33.013+05:30  INFO 25444 --- [fraud-engine-service] [scheduling-1] c.s.f.fraudengine.cache.ActiveRuleCache  : Active rule cache refreshed ruleCount=10
2026-09-11T10:36:02.769+05:30  INFO 25444 --- [fraud-engine-service] [scheduling-1] c.s.f.f.client.BlacklistCacheClient      : Fetching active blacklist from Rule Cache
2026-09-11T10:36:02.778+05:30  INFO 25444 --- [fraud-engine-service] [scheduling-1] c.s.f.f.client.BlacklistCacheClient      : Fetched 4 active blacklist entries from Rule Cache
2026-09-11T10:36:02.778+05:30  INFO 25444 --- [fraud-engine-service] [scheduling-1] c.s.f.f.cache.ActiveBlacklistCache       : Active blacklist cache refreshed entryCount=4
2026-09-11T10:36:03.023+05:30  INFO 25444 --- [fraud-engine-service] [scheduling-1] c.s.f.f.client.RuleCacheClient           : Fetching active rules from Rule Cache
2026-09-11T10:36:03.031+05:30  INFO 25444 --- [fraud-engine-service] [scheduling-1] c.s.f.f.client.RuleCacheClient           : Fetched 10 active rules from Rule Cache
2026-09-11T10:36:03.031+05:30  INFO 25444 --- [fraud-engine-service] [scheduling-1] c.s.f.fraudengine.cache.ActiveRuleCache  : Active rule cache refreshed ruleCount=10
2026-09-11T10:36:32.787+05:30  INFO 25444 --- [fraud-engine-service] [scheduling-1] c.s.f.f.client.BlacklistCacheClient      : Fetching active blacklist from Rule Cache
2026-09-11T10:36:32.800+05:30  INFO 25444 --- [fraud-engine-service] [scheduling-1] c.s.f.f.client.BlacklistCacheClient      : Fetched 4 active blacklist entries from Rule Cache
2026-09-11T10:36:32.800+05:30  INFO 25444 --- [fraud-engine-service] [scheduling-1] c.s.f.f.cache.ActiveBlacklistCache       : Active blacklist cache refreshed entryCount=4
2026-09-11T10:36:33.035+05:30  INFO 25444 --- [fraud-engine-service] [scheduling-1] c.s.f.f.client.RuleCacheClient           : Fetching active rules from Rule Cache
2026-09-11T10:36:33.044+05:30  INFO 25444 --- [fraud-engine-service] [scheduling-1] c.s.f.f.client.RuleCacheClient           : Fetched 10 active rules from Rule Cache
2026-09-11T10:36:33.044+05:30  INFO 25444 --- [fraud-engine-service] [scheduling-1] c.s.f.fraudengine.cache.ActiveRuleCache  : Active rule cache refreshed ruleCount=10
2026-09-11T10:37:02.499+05:30  INFO 25444 --- [fraud-engine-service] [AsyncResolver-bootstrap-executor-%d] c.n.d.s.r.aws.ConfigClusterResolver      : Resolving eureka endpoints via configuration
2026-09-11T10:37:02.817+05:30  INFO 25444 --- [fraud-engine-service] [scheduling-1] c.s.f.f.client.BlacklistCacheClient      : Fetching active blacklist from Rule Cache
2026-09-11T10:37:02.825+05:30  INFO 25444 --- [fraud-engine-service] [scheduling-1] c.s.f.f.client.BlacklistCacheClient      : Fetched 4 active blacklist entries from Rule Cache
2026-09-11T10:37:02.825+05:30  INFO 25444 --- [fraud-engine-service] [scheduling-1] c.s.f.f.cache.ActiveBlacklistCache       : Active blacklist cache refreshed entryCount=4
2026-09-11T10:37:03.050+05:30  INFO 25444 --- [fraud-engine-service] [scheduling-1] c.s.f.f.client.RuleCacheClient           : Fetching active rules from Rule Cache
2026-09-11T10:37:03.058+05:30  INFO 25444 --- [fraud-engine-service] [scheduling-1] c.s.f.f.client.RuleCacheClient           : Fetched 10 active rules from Rule Cache
2026-09-11T10:37:03.058+05:30  INFO 25444 --- [fraud-engine-service] [scheduling-1] c.s.f.fraudengine.cache.ActiveRuleCache  : Active rule cache refreshed ruleCount=10
2026-09-11T10:37:32.830+05:30  INFO 25444 --- [fraud-engine-service] [scheduling-1] c.s.f.f.client.BlacklistCacheClient      : Fetching active blacklist from Rule Cache
2026-09-11T10:37:32.838+05:30  INFO 25444 --- [fraud-engine-service] [scheduling-1] c.s.f.f.client.BlacklistCacheClient      : Fetched 4 active blacklist entries from Rule Cache
2026-09-11T10:37:32.838+05:30  INFO 25444 --- [fraud-engine-service] [scheduling-1] c.s.f.f.cache.ActiveBlacklistCache       : Active blacklist cache refreshed entryCount=4
2026-09-11T10:37:33.064+05:30  INFO 25444 --- [fraud-engine-service] [scheduling-1] c.s.f.f.client.RuleCacheClient           : Fetching active rules from Rule Cache
2026-09-11T10:37:33.077+05:30  INFO 25444 --- [fraud-engine-service] [scheduling-1] c.s.f.f.client.RuleCacheClient           : Fetched 10 active rules from Rule Cache
2026-09-11T10:37:33.077+05:30  INFO 25444 --- [fraud-engine-service] [scheduling-1] c.s.f.fraudengine.cache.ActiveRuleCache  : Active rule cache refreshed ruleCount=10
2026-09-11T10:38:02.850+05:30  INFO 25444 --- [fraud-engine-service] [scheduling-1] c.s.f.f.client.BlacklistCacheClient      : Fetching active blacklist from Rule Cache
2026-09-11T10:38:02.860+05:30  INFO 25444 --- [fraud-engine-service] [scheduling-1] c.s.f.f.client.BlacklistCacheClient      : Fetched 4 active blacklist entries from Rule Cache
2026-09-11T10:38:02.860+05:30  INFO 25444 --- [fraud-engine-service] [scheduling-1] c.s.f.f.cache.ActiveBlacklistCache       : Active blacklist cache refreshed entryCount=4
2026-09-11T10:38:03.084+05:30  INFO 25444 --- [fraud-engine-service] [scheduling-1] c.s.f.f.client.RuleCacheClient           : Fetching active rules from Rule Cache
2026-09-11T10:38:03.085+05:30  INFO 25444 --- [fraud-engine-service] [scheduling-1] c.s.f.f.client.RuleCacheClient           : Fetched 10 active rules from Rule Cache
2026-09-11T10:38:03.085+05:30  INFO 25444 --- [fraud-engine-service] [scheduling-1] c.s.f.fraudengine.cache.ActiveRuleCache  : Active rule cache refreshed ruleCount=10
2026-09-11T10:38:32.874+05:30  INFO 25444 --- [fraud-engine-service] [scheduling-1] c.s.f.f.client.BlacklistCacheClient      : Fetching active blacklist from Rule Cache
2026-09-11T10:38:32.884+05:30  INFO 25444 --- [fraud-engine-service] [scheduling-1] c.s.f.f.client.BlacklistCacheClient      : Fetched 4 active blacklist entries from Rule Cache
2026-09-11T10:38:32.884+05:30  INFO 25444 --- [fraud-engine-service] [scheduling-1] c.s.f.f.cache.ActiveBlacklistCache       : Active blacklist cache refreshed entryCount=4
2026-09-11T10:38:33.096+05:30  INFO 25444 --- [fraud-engine-service] [scheduling-1] c.s.f.f.client.RuleCacheClient           : Fetching active rules from Rule Cache
2026-09-11T10:38:33.104+05:30  INFO 25444 --- [fraud-engine-service] [scheduling-1] c.s.f.f.client.RuleCacheClient           : Fetched 10 active rules from Rule Cache
2026-09-11T10:38:33.104+05:30  INFO 25444 --- [fraud-engine-service] [scheduling-1] c.s.f.fraudengine.cache.ActiveRuleCache  : Active rule cache refreshed ruleCount=10
2026-09-11T10:39:02.898+05:30  INFO 25444 --- [fraud-engine-service] [scheduling-1] c.s.f.f.client.BlacklistCacheClient      : Fetching active blacklist from Rule Cache
2026-09-11T10:39:02.907+05:30  INFO 25444 --- [fraud-engine-service] [scheduling-1] c.s.f.f.client.BlacklistCacheClient      : Fetched 4 active blacklist entries from Rule Cache
2026-09-11T10:39:02.907+05:30  INFO 25444 --- [fraud-engine-service] [scheduling-1] c.s.f.f.cache.ActiveBlacklistCache       : Active blacklist cache refreshed entryCount=4
2026-09-11T10:39:03.115+05:30  INFO 25444 --- [fraud-engine-service] [scheduling-1] c.s.f.f.client.RuleCacheClient           : Fetching active rules from Rule Cache
2026-09-11T10:39:03.124+05:30  INFO 25444 --- [fraud-engine-service] [scheduling-1] c.s.f.f.client.RuleCacheClient           : Fetched 10 active rules from Rule Cache
2026-09-11T10:39:03.124+05:30  INFO 25444 --- [fraud-engine-service] [scheduling-1] c.s.f.fraudengine.cache.ActiveRuleCache  : Active rule cache refreshed ruleCount=10
2026-09-11T10:39:32.918+05:30  INFO 25444 --- [fraud-engine-service] [scheduling-1] c.s.f.f.client.BlacklistCacheClient      : Fetching active blacklist from Rule Cache
2026-09-11T10:39:32.927+05:30  INFO 25444 --- [fraud-engine-service] [scheduling-1] c.s.f.f.client.BlacklistCacheClient      : Fetched 4 active blacklist entries from Rule Cache
2026-09-11T10:39:32.927+05:30  INFO 25444 --- [fraud-engine-service] [scheduling-1] c.s.f.f.cache.ActiveBlacklistCache       : Active blacklist cache refreshed entryCount=4
2026-09-11T10:39:33.138+05:30  INFO 25444 --- [fraud-engine-service] [scheduling-1] c.s.f.f.client.RuleCacheClient           : Fetching active rules from Rule Cache
2026-09-11T10:39:33.146+05:30  INFO 25444 --- [fraud-engine-service] [scheduling-1] c.s.f.f.client.RuleCacheClient           : Fetched 10 active rules from Rule Cache
2026-09-11T10:39:33.146+05:30  INFO 25444 --- [fraud-engine-service] [scheduling-1] c.s.f.fraudengine.cache.ActiveRuleCache  : Active rule cache refreshed ruleCount=10
2026-09-11T10:40:02.941+05:30  INFO 25444 --- [fraud-engine-service] [scheduling-1] c.s.f.f.client.BlacklistCacheClient      : Fetching active blacklist from Rule Cache
2026-09-11T10:40:02.949+05:30  INFO 25444 --- [fraud-engine-service] [scheduling-1] c.s.f.f.client.BlacklistCacheClient      : Fetched 4 active blacklist entries from Rule Cache
2026-09-11T10:40:02.952+05:30  INFO 25444 --- [fraud-engine-service] [scheduling-1] c.s.f.f.cache.ActiveBlacklistCache       : Active blacklist cache refreshed entryCount=4
2026-09-11T10:40:03.157+05:30  INFO 25444 --- [fraud-engine-service] [scheduling-1] c.s.f.f.client.RuleCacheClient           : Fetching active rules from Rule Cache
2026-09-11T10:40:03.176+05:30  INFO 25444 --- [fraud-engine-service] [scheduling-1] c.s.f.f.client.RuleCacheClient           : Fetched 10 active rules from Rule Cache
2026-09-11T10:40:03.177+05:30  INFO 25444 --- [fraud-engine-service] [scheduling-1] c.s.f.fraudengine.cache.ActiveRuleCache  : Active rule cache refreshed ruleCount=10
2026-09-11T10:40:32.959+05:30  INFO 25444 --- [fraud-engine-service] [scheduling-1] c.s.f.f.client.BlacklistCacheClient      : Fetching active blacklist from Rule Cache
2026-09-11T10:40:32.974+05:30  INFO 25444 --- [fraud-engine-service] [scheduling-1] c.s.f.f.client.BlacklistCacheClient      : Fetched 4 active blacklist entries from Rule Cache
2026-09-11T10:40:32.974+05:30  INFO 25444 --- [fraud-engine-service] [scheduling-1] c.s.f.f.cache.ActiveBlacklistCache       : Active blacklist cache refreshed entryCount=4
2026-09-11T10:40:33.187+05:30  INFO 25444 --- [fraud-engine-service] [scheduling-1] c.s.f.f.client.RuleCacheClient           : Fetching active rules from Rule Cache
2026-09-11T10:40:33.194+05:30  INFO 25444 --- [fraud-engine-service] [scheduling-1] c.s.f.f.client.RuleCacheClient           : Fetched 10 active rules from Rule Cache
2026-09-11T10:40:33.194+05:30  INFO 25444 --- [fraud-engine-service] [scheduling-1] c.s.f.fraudengine.cache.ActiveRuleCache  : Active rule cache refreshed ruleCount=10
2026-09-11T10:41:02.985+05:30  INFO 25444 --- [fraud-engine-service] [scheduling-1] c.s.f.f.client.BlacklistCacheClient      : Fetching active blacklist from Rule Cache
2026-09-11T10:41:02.990+05:30  INFO 25444 --- [fraud-engine-service] [scheduling-1] c.s.f.f.client.BlacklistCacheClient      : Fetched 4 active blacklist entries from Rule Cache
2026-09-11T10:41:02.990+05:30  INFO 25444 --- [fraud-engine-service] [scheduling-1] c.s.f.f.cache.ActiveBlacklistCache       : Active blacklist cache refreshed entryCount=4
2026-09-11T10:41:03.199+05:30  INFO 25444 --- [fraud-engine-service] [scheduling-1] c.s.f.f.client.RuleCacheClient           : Fetching active rules from Rule Cache
2026-09-11T10:41:03.204+05:30  INFO 25444 --- [fraud-engine-service] [scheduling-1] c.s.f.f.client.RuleCacheClient           : Fetched 10 active rules from Rule Cache
2026-09-11T10:41:03.204+05:30  INFO 25444 --- [fraud-engine-service] [scheduling-1] c.s.f.fraudengine.cache.ActiveRuleCache  : Active rule cache refreshed ruleCount=10
2026-09-11T10:41:33.008+05:30  INFO 25444 --- [fraud-engine-service] [scheduling-1] c.s.f.f.client.BlacklistCacheClient      : Fetching active blacklist from Rule Cache
2026-09-11T10:41:33.017+05:30  INFO 25444 --- [fraud-engine-service] [scheduling-1] c.s.f.f.client.BlacklistCacheClient      : Fetched 4 active blacklist entries from Rule Cache
2026-09-11T10:41:33.017+05:30  INFO 25444 --- [fraud-engine-service] [scheduling-1] c.s.f.f.cache.ActiveBlacklistCache       : Active blacklist cache refreshed entryCount=4
2026-09-11T10:41:33.215+05:30  INFO 25444 --- [fraud-engine-service] [scheduling-1] c.s.f.f.client.RuleCacheClient           : Fetching active rules from Rule Cache
2026-09-11T10:41:33.227+05:30  INFO 25444 --- [fraud-engine-service] [scheduling-1] c.s.f.f.client.RuleCacheClient           : Fetched 10 active rules from Rule Cache
2026-09-11T10:41:33.227+05:30  INFO 25444 --- [fraud-engine-service] [scheduling-1] c.s.f.fraudengine.cache.ActiveRuleCache  : Active rule cache refreshed ruleCount=10
2026-09-11T10:42:02.507+05:30  INFO 25444 --- [fraud-engine-service] [AsyncResolver-bootstrap-executor-%d] c.n.d.s.r.aws.ConfigClusterResolver      : Resolving eureka endpoints via configuration
2026-09-11T10:42:03.025+05:30  INFO 25444 --- [fraud-engine-service] [scheduling-1] c.s.f.f.client.BlacklistCacheClient      : Fetching active blacklist from Rule Cache
2026-09-11T10:42:03.033+05:30  INFO 25444 --- [fraud-engine-service] [scheduling-1] c.s.f.f.client.BlacklistCacheClient      : Fetched 4 active blacklist entries from Rule Cache
2026-09-11T10:42:03.033+05:30  INFO 25444 --- [fraud-engine-service] [scheduling-1] c.s.f.f.cache.ActiveBlacklistCache       : Active blacklist cache refreshed entryCount=4
2026-09-11T10:42:03.240+05:30  INFO 25444 --- [fraud-engine-service] [scheduling-1] c.s.f.f.client.RuleCacheClient           : Fetching active rules from Rule Cache
2026-09-11T10:42:03.245+05:30  INFO 25444 --- [fraud-engine-service] [scheduling-1] c.s.f.f.client.RuleCacheClient           : Fetched 10 active rules from Rule Cache
2026-09-11T10:42:03.245+05:30  INFO 25444 --- [fraud-engine-service] [scheduling-1] c.s.f.fraudengine.cache.ActiveRuleCache  : Active rule cache refreshed ruleCount=10
2026-09-11T10:42:33.048+05:30  INFO 25444 --- [fraud-engine-service] [scheduling-1] c.s.f.f.client.BlacklistCacheClient      : Fetching active blacklist from Rule Cache
2026-09-11T10:42:33.059+05:30  INFO 25444 --- [fraud-engine-service] [scheduling-1] c.s.f.f.client.BlacklistCacheClient      : Fetched 4 active blacklist entries from Rule Cache
2026-09-11T10:42:33.059+05:30  INFO 25444 --- [fraud-engine-service] [scheduling-1] c.s.f.f.cache.ActiveBlacklistCache       : Active blacklist cache refreshed entryCount=4
2026-09-11T10:42:33.263+05:30  INFO 25444 --- [fraud-engine-service] [scheduling-1] c.s.f.f.client.RuleCacheClient           : Fetching active rules from Rule Cache
2026-09-11T10:42:33.273+05:30  INFO 25444 --- [fraud-engine-service] [scheduling-1] c.s.f.f.client.RuleCacheClient           : Fetched 10 active rules from Rule Cache
2026-09-11T10:42:33.273+05:30  INFO 25444 --- [fraud-engine-service] [scheduling-1] c.s.f.fraudengine.cache.ActiveRuleCache  : Active rule cache refreshed ruleCount=10
2026-09-11T10:43:03.067+05:30  INFO 25444 --- [fraud-engine-service] [scheduling-1] c.s.f.f.client.BlacklistCacheClient      : Fetching active blacklist from Rule Cache
2026-09-11T10:43:03.077+05:30  INFO 25444 --- [fraud-engine-service] [scheduling-1] c.s.f.f.client.BlacklistCacheClient      : Fetched 4 active blacklist entries from Rule Cache
2026-09-11T10:43:03.077+05:30  INFO 25444 --- [fraud-engine-service] [scheduling-1] c.s.f.f.cache.ActiveBlacklistCache       : Active blacklist cache refreshed entryCount=4
2026-09-11T10:43:03.283+05:30  INFO 25444 --- [fraud-engine-service] [scheduling-1] c.s.f.f.client.RuleCacheClient           : Fetching active rules from Rule Cache
2026-09-11T10:43:03.291+05:30  INFO 25444 --- [fraud-engine-service] [scheduling-1] c.s.f.f.client.RuleCacheClient           : Fetched 10 active rules from Rule Cache
2026-09-11T10:43:03.291+05:30  INFO 25444 --- [fraud-engine-service] [scheduling-1] c.s.f.fraudengine.cache.ActiveRuleCache  : Active rule cache refreshed ruleCount=10
2026-09-11T10:43:33.086+05:30  INFO 25444 --- [fraud-engine-service] [scheduling-1] c.s.f.f.client.BlacklistCacheClient      : Fetching active blacklist from Rule Cache
2026-09-11T10:43:33.093+05:30  INFO 25444 --- [fraud-engine-service] [scheduling-1] c.s.f.f.client.BlacklistCacheClient      : Fetched 4 active blacklist entries from Rule Cache
2026-09-11T10:43:33.093+05:30  INFO 25444 --- [fraud-engine-service] [scheduling-1] c.s.f.f.cache.ActiveBlacklistCache       : Active blacklist cache refreshed entryCount=4
2026-09-11T10:43:33.307+05:30  INFO 25444 --- [fraud-engine-service] [scheduling-1] c.s.f.f.client.RuleCacheClient           : Fetching active rules from Rule Cache
2026-09-11T10:43:33.313+05:30  INFO 25444 --- [fraud-engine-service] [scheduling-1] c.s.f.f.client.RuleCacheClient           : Fetched 10 active rules from Rule Cache
2026-09-11T10:43:33.313+05:30  INFO 25444 --- [fraud-engine-service] [scheduling-1] c.s.f.fraudengine.cache.ActiveRuleCache  : Active rule cache refreshed ruleCount=10
2026-09-11T10:44:03.109+05:30  INFO 25444 --- [fraud-engine-service] [scheduling-1] c.s.f.f.client.BlacklistCacheClient      : Fetching active blacklist from Rule Cache
2026-09-11T10:44:03.118+05:30  INFO 25444 --- [fraud-engine-service] [scheduling-1] c.s.f.f.client.BlacklistCacheClient      : Fetched 4 active blacklist entries from Rule Cache
2026-09-11T10:44:03.118+05:30  INFO 25444 --- [fraud-engine-service] [scheduling-1] c.s.f.f.cache.ActiveBlacklistCache       : Active blacklist cache refreshed entryCount=4
2026-09-11T10:44:03.319+05:30  INFO 25444 --- [fraud-engine-service] [scheduling-1] c.s.f.f.client.RuleCacheClient           : Fetching active rules from Rule Cache
2026-09-11T10:44:03.326+05:30  INFO 25444 --- [fraud-engine-service] [scheduling-1] c.s.f.f.client.RuleCacheClient           : Fetched 10 active rules from Rule Cache
2026-09-11T10:44:03.326+05:30  INFO 25444 --- [fraud-engine-service] [scheduling-1] c.s.f.fraudengine.cache.ActiveRuleCache  : Active rule cache refreshed ruleCount=10
2026-09-11T10:44:33.128+05:30  INFO 25444 --- [fraud-engine-service] [scheduling-1] c.s.f.f.client.BlacklistCacheClient      : Fetching active blacklist from Rule Cache
2026-09-11T10:44:33.140+05:30  INFO 25444 --- [fraud-engine-service] [scheduling-1] c.s.f.f.client.BlacklistCacheClient      : Fetched 4 active blacklist entries from Rule Cache
2026-09-11T10:44:33.141+05:30  INFO 25444 --- [fraud-engine-service] [scheduling-1] c.s.f.f.cache.ActiveBlacklistCache       : Active blacklist cache refreshed entryCount=4
2026-09-11T10:44:33.338+05:30  INFO 25444 --- [fraud-engine-service] [scheduling-1] c.s.f.f.client.RuleCacheClient           : Fetching active rules from Rule Cache
2026-09-11T10:44:33.348+05:30  INFO 25444 --- [fraud-engine-service] [scheduling-1] c.s.f.f.client.RuleCacheClient           : Fetched 10 active rules from Rule Cache
2026-09-11T10:44:33.348+05:30  INFO 25444 --- [fraud-engine-service] [scheduling-1] c.s.f.fraudengine.cache.ActiveRuleCache  : Active rule cache refreshed ruleCount=10
2026-09-11T10:45:03.147+05:30  INFO 25444 --- [fraud-engine-service] [scheduling-1] c.s.f.f.client.BlacklistCacheClient      : Fetching active blacklist from Rule Cache
2026-09-11T10:45:03.157+05:30  INFO 25444 --- [fraud-engine-service] [scheduling-1] c.s.f.f.client.BlacklistCacheClient      : Fetched 4 active blacklist entries from Rule Cache
2026-09-11T10:45:03.158+05:30  INFO 25444 --- [fraud-engine-service] [scheduling-1] c.s.f.f.cache.ActiveBlacklistCache       : Active blacklist cache refreshed entryCount=4
2026-09-11T10:45:03.357+05:30  INFO 25444 --- [fraud-engine-service] [scheduling-1] c.s.f.f.client.RuleCacheClient           : Fetching active rules from Rule Cache
2026-09-11T10:45:03.365+05:30  INFO 25444 --- [fraud-engine-service] [scheduling-1] c.s.f.f.client.RuleCacheClient           : Fetched 10 active rules from Rule Cache
2026-09-11T10:45:03.365+05:30  INFO 25444 --- [fraud-engine-service] [scheduling-1] c.s.f.fraudengine.cache.ActiveRuleCache  : Active rule cache refreshed ruleCount=10
2026-09-11T10:45:33.166+05:30  INFO 25444 --- [fraud-engine-service] [scheduling-1] c.s.f.f.client.BlacklistCacheClient      : Fetching active blacklist from Rule Cache
2026-09-11T10:45:33.174+05:30  INFO 25444 --- [fraud-engine-service] [scheduling-1] c.s.f.f.client.BlacklistCacheClient      : Fetched 4 active blacklist entries from Rule Cache
2026-09-11T10:45:33.174+05:30  INFO 25444 --- [fraud-engine-service] [scheduling-1] c.s.f.f.cache.ActiveBlacklistCache       : Active blacklist cache refreshed entryCount=4
2026-09-11T10:45:33.372+05:30  INFO 25444 --- [fraud-engine-service] [scheduling-1] c.s.f.f.client.RuleCacheClient           : Fetching active rules from Rule Cache
2026-09-11T10:45:33.383+05:30  INFO 25444 --- [fraud-engine-service] [scheduling-1] c.s.f.f.client.RuleCacheClient           : Fetched 10 active rules from Rule Cache
2026-09-11T10:45:33.383+05:30  INFO 25444 --- [fraud-engine-service] [scheduling-1] c.s.f.fraudengine.cache.ActiveRuleCache  : Active rule cache refreshed ruleCount=10
2026-09-11T10:46:03.182+05:30  INFO 25444 --- [fraud-engine-service] [scheduling-1] c.s.f.f.client.BlacklistCacheClient      : Fetching active blacklist from Rule Cache
2026-09-11T10:46:03.202+05:30  INFO 25444 --- [fraud-engine-service] [scheduling-1] c.s.f.f.client.BlacklistCacheClient      : Fetched 4 active blacklist entries from Rule Cache
2026-09-11T10:46:03.206+05:30  INFO 25444 --- [fraud-engine-service] [scheduling-1] c.s.f.f.cache.ActiveBlacklistCache       : Active blacklist cache refreshed entryCount=4
2026-09-11T10:46:03.388+05:30  INFO 25444 --- [fraud-engine-service] [scheduling-1] c.s.f.f.client.RuleCacheClient           : Fetching active rules from Rule Cache
2026-09-11T10:46:03.397+05:30  INFO 25444 --- [fraud-engine-service] [scheduling-1] c.s.f.f.client.RuleCacheClient           : Fetched 10 active rules from Rule Cache
2026-09-11T10:46:03.397+05:30  INFO 25444 --- [fraud-engine-service] [scheduling-1] c.s.f.fraudengine.cache.ActiveRuleCache  : Active rule cache refreshed ruleCount=10
2026-09-11T10:46:33.215+05:30  INFO 25444 --- [fraud-engine-service] [scheduling-1] c.s.f.f.client.BlacklistCacheClient      : Fetching active blacklist from Rule Cache
2026-09-11T10:46:33.222+05:30  INFO 25444 --- [fraud-engine-service] [scheduling-1] c.s.f.f.client.BlacklistCacheClient      : Fetched 4 active blacklist entries from Rule Cache
2026-09-11T10:46:33.222+05:30  INFO 25444 --- [fraud-engine-service] [scheduling-1] c.s.f.f.cache.ActiveBlacklistCache       : Active blacklist cache refreshed entryCount=4
2026-09-11T10:46:33.412+05:30  INFO 25444 --- [fraud-engine-service] [scheduling-1] c.s.f.f.client.RuleCacheClient           : Fetching active rules from Rule Cache
2026-09-11T10:46:33.412+05:30  INFO 25444 --- [fraud-engine-service] [scheduling-1] c.s.f.f.client.RuleCacheClient           : Fetched 10 active rules from Rule Cache
2026-09-11T10:46:33.412+05:30  INFO 25444 --- [fraud-engine-service] [scheduling-1] c.s.f.fraudengine.cache.ActiveRuleCache  : Active rule cache refreshed ruleCount=10
2026-09-11T10:47:02.524+05:30  INFO 25444 --- [fraud-engine-service] [AsyncResolver-bootstrap-executor-%d] c.n.d.s.r.aws.ConfigClusterResolver      : Resolving eureka endpoints via configuration
2026-09-11T10:47:03.232+05:30  INFO 25444 --- [fraud-engine-service] [scheduling-1] c.s.f.f.client.BlacklistCacheClient      : Fetching active blacklist from Rule Cache
2026-09-11T10:47:03.242+05:30  INFO 25444 --- [fraud-engine-service] [scheduling-1] c.s.f.f.client.BlacklistCacheClient      : Fetched 4 active blacklist entries from Rule Cache
2026-09-11T10:47:03.242+05:30  INFO 25444 --- [fraud-engine-service] [scheduling-1] c.s.f.f.cache.ActiveBlacklistCache       : Active blacklist cache refreshed entryCount=4
2026-09-11T10:47:03.428+05:30  INFO 25444 --- [fraud-engine-service] [scheduling-1] c.s.f.f.client.RuleCacheClient           : Fetching active rules from Rule Cache
2026-09-11T10:47:03.436+05:30  INFO 25444 --- [fraud-engine-service] [scheduling-1] c.s.f.f.client.RuleCacheClient           : Fetched 10 active rules from Rule Cache
2026-09-11T10:47:03.436+05:30  INFO 25444 --- [fraud-engine-service] [scheduling-1] c.s.f.fraudengine.cache.ActiveRuleCache  : Active rule cache refreshed ruleCount=10
2026-09-11T10:47:33.244+05:30  INFO 25444 --- [fraud-engine-service] [scheduling-1] c.s.f.f.client.BlacklistCacheClient      : Fetching active blacklist from Rule Cache
2026-09-11T10:47:33.252+05:30  INFO 25444 --- [fraud-engine-service] [scheduling-1] c.s.f.f.client.BlacklistCacheClient      : Fetched 4 active blacklist entries from Rule Cache
2026-09-11T10:47:33.252+05:30  INFO 25444 --- [fraud-engine-service] [scheduling-1] c.s.f.f.cache.ActiveBlacklistCache       : Active blacklist cache refreshed entryCount=4
2026-09-11T10:47:33.444+05:30  INFO 25444 --- [fraud-engine-service] [scheduling-1] c.s.f.f.client.RuleCacheClient           : Fetching active rules from Rule Cache
2026-09-11T10:47:33.454+05:30  INFO 25444 --- [fraud-engine-service] [scheduling-1] c.s.f.f.client.RuleCacheClient           : Fetched 10 active rules from Rule Cache
2026-09-11T10:47:33.454+05:30  INFO 25444 --- [fraud-engine-service] [scheduling-1] c.s.f.fraudengine.cache.ActiveRuleCache  : Active rule cache refreshed ruleCount=10
2026-09-11T10:48:03.258+05:30  INFO 25444 --- [fraud-engine-service] [scheduling-1] c.s.f.f.client.BlacklistCacheClient      : Fetching active blacklist from Rule Cache
2026-09-11T10:48:03.267+05:30  INFO 25444 --- [fraud-engine-service] [scheduling-1] c.s.f.f.client.BlacklistCacheClient      : Fetched 4 active blacklist entries from Rule Cache
2026-09-11T10:48:03.267+05:30  INFO 25444 --- [fraud-engine-service] [scheduling-1] c.s.f.f.cache.ActiveBlacklistCache       : Active blacklist cache refreshed entryCount=4
2026-09-11T10:48:03.470+05:30  INFO 25444 --- [fraud-engine-service] [scheduling-1] c.s.f.f.client.RuleCacheClient           : Fetching active rules from Rule Cache
2026-09-11T10:48:03.480+05:30  INFO 25444 --- [fraud-engine-service] [scheduling-1] c.s.f.f.client.RuleCacheClient           : Fetched 10 active rules from Rule Cache
2026-09-11T10:48:03.480+05:30  INFO 25444 --- [fraud-engine-service] [scheduling-1] c.s.f.fraudengine.cache.ActiveRuleCache  : Active rule cache refreshed ruleCount=10
2026-09-11T10:48:33.278+05:30  INFO 25444 --- [fraud-engine-service] [scheduling-1] c.s.f.f.client.BlacklistCacheClient      : Fetching active blacklist from Rule Cache
2026-09-11T10:48:33.340+05:30  INFO 25444 --- [fraud-engine-service] [scheduling-1] c.s.f.f.client.BlacklistCacheClient      : Fetched 4 active blacklist entries from Rule Cache
2026-09-11T10:48:33.340+05:30  INFO 25444 --- [fraud-engine-service] [scheduling-1] c.s.f.f.cache.ActiveBlacklistCache       : Active blacklist cache refreshed entryCount=4
2026-09-11T10:48:33.482+05:30  INFO 25444 --- [fraud-engine-service] [scheduling-1] c.s.f.f.client.RuleCacheClient           : Fetching active rules from Rule Cache
2026-09-11T10:48:33.483+05:30  INFO 25444 --- [fraud-engine-service] [scheduling-1] c.s.f.f.client.RuleCacheClient           : Fetched 10 active rules from Rule Cache
2026-09-11T10:48:33.483+05:30  INFO 25444 --- [fraud-engine-service] [scheduling-1] c.s.f.fraudengine.cache.ActiveRuleCache  : Active rule cache refreshed ruleCount=10
2026-09-11T10:49:03.349+05:30  INFO 25444 --- [fraud-engine-service] [scheduling-1] c.s.f.f.client.BlacklistCacheClient      : Fetching active blacklist from Rule Cache
2026-09-11T10:49:03.359+05:30  INFO 25444 --- [fraud-engine-service] [scheduling-1] c.s.f.f.client.BlacklistCacheClient      : Fetched 4 active blacklist entries from Rule Cache
2026-09-11T10:49:03.361+05:30  INFO 25444 --- [fraud-engine-service] [scheduling-1] c.s.f.f.cache.ActiveBlacklistCache       : Active blacklist cache refreshed entryCount=4
2026-09-11T10:49:03.498+05:30  INFO 25444 --- [fraud-engine-service] [scheduling-1] c.s.f.f.client.RuleCacheClient           : Fetching active rules from Rule Cache
2026-09-11T10:49:03.506+05:30  INFO 25444 --- [fraud-engine-service] [scheduling-1] c.s.f.f.client.RuleCacheClient           : Fetched 10 active rules from Rule Cache
2026-09-11T10:49:03.506+05:30  INFO 25444 --- [fraud-engine-service] [scheduling-1] c.s.f.fraudengine.cache.ActiveRuleCache  : Active rule cache refreshed ruleCount=10
2026-09-11T10:49:33.364+05:30  INFO 25444 --- [fraud-engine-service] [scheduling-1] c.s.f.f.client.BlacklistCacheClient      : Fetching active blacklist from Rule Cache
2026-09-11T10:49:33.371+05:30  INFO 25444 --- [fraud-engine-service] [scheduling-1] c.s.f.f.client.BlacklistCacheClient      : Fetched 4 active blacklist entries from Rule Cache
2026-09-11T10:49:33.371+05:30  INFO 25444 --- [fraud-engine-service] [scheduling-1] c.s.f.f.cache.ActiveBlacklistCache       : Active blacklist cache refreshed entryCount=4
2026-09-11T10:49:33.515+05:30  INFO 25444 --- [fraud-engine-service] [scheduling-1] c.s.f.f.client.RuleCacheClient           : Fetching active rules from Rule Cache
2026-09-11T10:49:33.523+05:30  INFO 25444 --- [fraud-engine-service] [scheduling-1] c.s.f.f.client.RuleCacheClient           : Fetched 10 active rules from Rule Cache
2026-09-11T10:49:33.540+05:30  INFO 25444 --- [fraud-engine-service] [scheduling-1] c.s.f.fraudengine.cache.ActiveRuleCache  : Active rule cache refreshed ruleCount=10
2026-09-11T10:50:03.376+05:30  INFO 25444 --- [fraud-engine-service] [scheduling-1] c.s.f.f.client.BlacklistCacheClient      : Fetching active blacklist from Rule Cache
2026-09-11T10:50:03.384+05:30  INFO 25444 --- [fraud-engine-service] [scheduling-1] c.s.f.f.client.BlacklistCacheClient      : Fetched 4 active blacklist entries from Rule Cache
2026-09-11T10:50:03.384+05:30  INFO 25444 --- [fraud-engine-service] [scheduling-1] c.s.f.f.cache.ActiveBlacklistCache       : Active blacklist cache refreshed entryCount=4
2026-09-11T10:50:03.551+05:30  INFO 25444 --- [fraud-engine-service] [scheduling-1] c.s.f.f.client.RuleCacheClient           : Fetching active rules from Rule Cache
2026-09-11T10:50:03.560+05:30  INFO 25444 --- [fraud-engine-service] [scheduling-1] c.s.f.f.client.RuleCacheClient           : Fetched 10 active rules from Rule Cache
2026-09-11T10:50:03.561+05:30  INFO 25444 --- [fraud-engine-service] [scheduling-1] c.s.f.fraudengine.cache.ActiveRuleCache  : Active rule cache refreshed ruleCount=10
2026-09-11T10:50:33.397+05:30  INFO 25444 --- [fraud-engine-service] [scheduling-1] c.s.f.f.client.BlacklistCacheClient      : Fetching active blacklist from Rule Cache
2026-09-11T10:50:33.406+05:30  INFO 25444 --- [fraud-engine-service] [scheduling-1] c.s.f.f.client.BlacklistCacheClient      : Fetched 4 active blacklist entries from Rule Cache
2026-09-11T10:50:33.406+05:30  INFO 25444 --- [fraud-engine-service] [scheduling-1] c.s.f.f.cache.ActiveBlacklistCache       : Active blacklist cache refreshed entryCount=4
2026-09-11T10:50:33.563+05:30  INFO 25444 --- [fraud-engine-service] [scheduling-1] c.s.f.f.client.RuleCacheClient           : Fetching active rules from Rule Cache
2026-09-11T10:50:33.571+05:30  INFO 25444 --- [fraud-engine-service] [scheduling-1] c.s.f.f.client.RuleCacheClient           : Fetched 10 active rules from Rule Cache
2026-09-11T10:50:33.572+05:30  INFO 25444 --- [fraud-engine-service] [scheduling-1] c.s.f.fraudengine.cache.ActiveRuleCache  : Active rule cache refreshed ruleCount=10
2026-09-11T10:51:03.423+05:30  INFO 25444 --- [fraud-engine-service] [scheduling-1] c.s.f.f.client.BlacklistCacheClient      : Fetching active blacklist from Rule Cache
2026-09-11T10:51:03.431+05:30  INFO 25444 --- [fraud-engine-service] [scheduling-1] c.s.f.f.client.BlacklistCacheClient      : Fetched 4 active blacklist entries from Rule Cache
2026-09-11T10:51:03.431+05:30  INFO 25444 --- [fraud-engine-service] [scheduling-1] c.s.f.f.cache.ActiveBlacklistCache       : Active blacklist cache refreshed entryCount=4
2026-09-11T10:51:03.577+05:30  INFO 25444 --- [fraud-engine-service] [scheduling-1] c.s.f.f.client.RuleCacheClient           : Fetching active rules from Rule Cache
2026-09-11T10:51:03.585+05:30  INFO 25444 --- [fraud-engine-service] [scheduling-1] c.s.f.f.client.RuleCacheClient           : Fetched 10 active rules from Rule Cache
2026-09-11T10:51:03.585+05:30  INFO 25444 --- [fraud-engine-service] [scheduling-1] c.s.f.fraudengine.cache.ActiveRuleCache  : Active rule cache refreshed ruleCount=10
2026-09-11T10:51:33.439+05:30  INFO 25444 --- [fraud-engine-service] [scheduling-1] c.s.f.f.client.BlacklistCacheClient      : Fetching active blacklist from Rule Cache
2026-09-11T10:51:33.448+05:30  INFO 25444 --- [fraud-engine-service] [scheduling-1] c.s.f.f.client.BlacklistCacheClient      : Fetched 4 active blacklist entries from Rule Cache
2026-09-11T10:51:33.448+05:30  INFO 25444 --- [fraud-engine-service] [scheduling-1] c.s.f.f.cache.ActiveBlacklistCache       : Active blacklist cache refreshed entryCount=4
2026-09-11T10:51:33.591+05:30  INFO 25444 --- [fraud-engine-service] [scheduling-1] c.s.f.f.client.RuleCacheClient           : Fetching active rules from Rule Cache
2026-09-11T10:51:33.597+05:30  INFO 25444 --- [fraud-engine-service] [scheduling-1] c.s.f.f.client.RuleCacheClient           : Fetched 10 active rules from Rule Cache
2026-09-11T10:51:33.597+05:30  INFO 25444 --- [fraud-engine-service] [scheduling-1] c.s.f.fraudengine.cache.ActiveRuleCache  : Active rule cache refreshed ruleCount=10
2026-09-11T10:52:02.531+05:30  INFO 25444 --- [fraud-engine-service] [AsyncResolver-bootstrap-executor-%d] c.n.d.s.r.aws.ConfigClusterResolver      : Resolving eureka endpoints via configuration
2026-09-11T10:52:03.451+05:30  INFO 25444 --- [fraud-engine-service] [scheduling-1] c.s.f.f.client.BlacklistCacheClient      : Fetching active blacklist from Rule Cache
2026-09-11T10:52:03.462+05:30  INFO 25444 --- [fraud-engine-service] [scheduling-1] c.s.f.f.client.BlacklistCacheClient      : Fetched 4 active blacklist entries from Rule Cache
2026-09-11T10:52:03.462+05:30  INFO 25444 --- [fraud-engine-service] [scheduling-1] c.s.f.f.cache.ActiveBlacklistCache       : Active blacklist cache refreshed entryCount=4
2026-09-11T10:52:03.613+05:30  INFO 25444 --- [fraud-engine-service] [scheduling-1] c.s.f.f.client.RuleCacheClient           : Fetching active rules from Rule Cache
2026-09-11T10:52:03.621+05:30  INFO 25444 --- [fraud-engine-service] [scheduling-1] c.s.f.f.client.RuleCacheClient           : Fetched 10 active rules from Rule Cache
2026-09-11T10:52:03.621+05:30  INFO 25444 --- [fraud-engine-service] [scheduling-1] c.s.f.fraudengine.cache.ActiveRuleCache  : Active rule cache refreshed ruleCount=10
2026-09-11T10:52:33.475+05:30  INFO 25444 --- [fraud-engine-service] [scheduling-1] c.s.f.f.client.BlacklistCacheClient      : Fetching active blacklist from Rule Cache
2026-09-11T10:52:33.475+05:30  INFO 25444 --- [fraud-engine-service] [scheduling-1] c.s.f.f.client.BlacklistCacheClient      : Fetched 4 active blacklist entries from Rule Cache
2026-09-11T10:52:33.475+05:30  INFO 25444 --- [fraud-engine-service] [scheduling-1] c.s.f.f.cache.ActiveBlacklistCache       : Active blacklist cache refreshed entryCount=4
2026-09-11T10:52:33.635+05:30  INFO 25444 --- [fraud-engine-service] [scheduling-1] c.s.f.f.client.RuleCacheClient           : Fetching active rules from Rule Cache
2026-09-11T10:52:33.642+05:30  INFO 25444 --- [fraud-engine-service] [scheduling-1] c.s.f.f.client.RuleCacheClient           : Fetched 10 active rules from Rule Cache
2026-09-11T10:52:33.642+05:30  INFO 25444 --- [fraud-engine-service] [scheduling-1] c.s.f.fraudengine.cache.ActiveRuleCache  : Active rule cache refreshed ruleCount=10
2026-09-11T10:53:03.493+05:30  INFO 25444 --- [fraud-engine-service] [scheduling-1] c.s.f.f.client.BlacklistCacheClient      : Fetching active blacklist from Rule Cache
2026-09-11T10:53:03.496+05:30  INFO 25444 --- [fraud-engine-service] [scheduling-1] c.s.f.f.client.BlacklistCacheClient      : Fetched 4 active blacklist entries from Rule Cache
2026-09-11T10:53:03.496+05:30  INFO 25444 --- [fraud-engine-service] [scheduling-1] c.s.f.f.cache.ActiveBlacklistCache       : Active blacklist cache refreshed entryCount=4
2026-09-11T10:53:03.645+05:30  INFO 25444 --- [fraud-engine-service] [scheduling-1] c.s.f.f.client.RuleCacheClient           : Fetching active rules from Rule Cache
2026-09-11T10:53:03.646+05:30  INFO 25444 --- [fraud-engine-service] [scheduling-1] c.s.f.f.client.RuleCacheClient           : Fetched 10 active rules from Rule Cache
2026-09-11T10:53:03.646+05:30  INFO 25444 --- [fraud-engine-service] [scheduling-1] c.s.f.fraudengine.cache.ActiveRuleCache  : Active rule cache refreshed ruleCount=10
2026-09-11T10:53:33.516+05:30  INFO 25444 --- [fraud-engine-service] [scheduling-1] c.s.f.f.client.BlacklistCacheClient      : Fetching active blacklist from Rule Cache
2026-09-11T10:53:33.516+05:30  INFO 25444 --- [fraud-engine-service] [scheduling-1] c.s.f.f.client.BlacklistCacheClient      : Fetched 4 active blacklist entries from Rule Cache
2026-09-11T10:53:33.516+05:30  INFO 25444 --- [fraud-engine-service] [scheduling-1] c.s.f.f.cache.ActiveBlacklistCache       : Active blacklist cache refreshed entryCount=4
2026-09-11T10:53:33.660+05:30  INFO 25444 --- [fraud-engine-service] [scheduling-1] c.s.f.f.client.RuleCacheClient           : Fetching active rules from Rule Cache
2026-09-11T10:53:33.668+05:30  INFO 25444 --- [fraud-engine-service] [scheduling-1] c.s.f.f.client.RuleCacheClient           : Fetched 10 active rules from Rule Cache
2026-09-11T10:53:33.668+05:30  INFO 25444 --- [fraud-engine-service] [scheduling-1] c.s.f.fraudengine.cache.ActiveRuleCache  : Active rule cache refreshed ruleCount=10
2026-09-11T10:54:03.531+05:30  INFO 25444 --- [fraud-engine-service] [scheduling-1] c.s.f.f.client.BlacklistCacheClient      : Fetching active blacklist from Rule Cache
2026-09-11T10:54:03.537+05:30  INFO 25444 --- [fraud-engine-service] [scheduling-1] c.s.f.f.client.BlacklistCacheClient      : Fetched 4 active blacklist entries from Rule Cache
2026-09-11T10:54:03.537+05:30  INFO 25444 --- [fraud-engine-service] [scheduling-1] c.s.f.f.cache.ActiveBlacklistCache       : Active blacklist cache refreshed entryCount=4
2026-09-11T10:54:03.683+05:30  INFO 25444 --- [fraud-engine-service] [scheduling-1] c.s.f.f.client.RuleCacheClient           : Fetching active rules from Rule Cache
2026-09-11T10:54:03.687+05:30  INFO 25444 --- [fraud-engine-service] [scheduling-1] c.s.f.f.client.RuleCacheClient           : Fetched 10 active rules from Rule Cache
2026-09-11T10:54:03.687+05:30  INFO 25444 --- [fraud-engine-service] [scheduling-1] c.s.f.fraudengine.cache.ActiveRuleCache  : Active rule cache refreshed ruleCount=10
2026-09-11T10:54:33.555+05:30  INFO 25444 --- [fraud-engine-service] [scheduling-1] c.s.f.f.client.BlacklistCacheClient      : Fetching active blacklist from Rule Cache
2026-09-11T10:54:33.557+05:30  INFO 25444 --- [fraud-engine-service] [scheduling-1] c.s.f.f.client.BlacklistCacheClient      : Fetched 4 active blacklist entries from Rule Cache
2026-09-11T10:54:33.557+05:30  INFO 25444 --- [fraud-engine-service] [scheduling-1] c.s.f.f.cache.ActiveBlacklistCache       : Active blacklist cache refreshed entryCount=4
2026-09-11T10:54:33.706+05:30  INFO 25444 --- [fraud-engine-service] [scheduling-1] c.s.f.f.client.RuleCacheClient           : Fetching active rules from Rule Cache
2026-09-11T10:54:33.717+05:30  INFO 25444 --- [fraud-engine-service] [scheduling-1] c.s.f.f.client.RuleCacheClient           : Fetched 10 active rules from Rule Cache
2026-09-11T10:54:33.717+05:30  INFO 25444 --- [fraud-engine-service] [scheduling-1] c.s.f.fraudengine.cache.ActiveRuleCache  : Active rule cache refreshed ruleCount=10
2026-09-11T10:55:03.576+05:30  INFO 25444 --- [fraud-engine-service] [scheduling-1] c.s.f.f.client.BlacklistCacheClient      : Fetching active blacklist from Rule Cache
2026-09-11T10:55:03.587+05:30  INFO 25444 --- [fraud-engine-service] [scheduling-1] c.s.f.f.client.BlacklistCacheClient      : Fetched 4 active blacklist entries from Rule Cache
2026-09-11T10:55:03.587+05:30  INFO 25444 --- [fraud-engine-service] [scheduling-1] c.s.f.f.cache.ActiveBlacklistCache       : Active blacklist cache refreshed entryCount=4
2026-09-11T10:55:03.720+05:30  INFO 25444 --- [fraud-engine-service] [scheduling-1] c.s.f.f.client.RuleCacheClient           : Fetching active rules from Rule Cache
2026-09-11T10:55:03.728+05:30  INFO 25444 --- [fraud-engine-service] [scheduling-1] c.s.f.f.client.RuleCacheClient           : Fetched 10 active rules from Rule Cache
2026-09-11T10:55:03.728+05:30  INFO 25444 --- [fraud-engine-service] [scheduling-1] c.s.f.fraudengine.cache.ActiveRuleCache  : Active rule cache refreshed ruleCount=10
2026-09-11T10:55:33.599+05:30  INFO 25444 --- [fraud-engine-service] [scheduling-1] c.s.f.f.client.BlacklistCacheClient      : Fetching active blacklist from Rule Cache
2026-09-11T10:55:33.608+05:30  INFO 25444 --- [fraud-engine-service] [scheduling-1] c.s.f.f.client.BlacklistCacheClient      : Fetched 4 active blacklist entries from Rule Cache
2026-09-11T10:55:33.608+05:30  INFO 25444 --- [fraud-engine-service] [scheduling-1] c.s.f.f.cache.ActiveBlacklistCache       : Active blacklist cache refreshed entryCount=4
2026-09-11T10:55:33.740+05:30  INFO 25444 --- [fraud-engine-service] [scheduling-1] c.s.f.f.client.RuleCacheClient           : Fetching active rules from Rule Cache
2026-09-11T10:55:33.748+05:30  INFO 25444 --- [fraud-engine-service] [scheduling-1] c.s.f.f.client.RuleCacheClient           : Fetched 10 active rules from Rule Cache
2026-09-11T10:55:33.749+05:30  INFO 25444 --- [fraud-engine-service] [scheduling-1] c.s.f.fraudengine.cache.ActiveRuleCache  : Active rule cache refreshed ruleCount=10
2026-09-11T10:56:03.612+05:30  INFO 25444 --- [fraud-engine-service] [scheduling-1] c.s.f.f.client.BlacklistCacheClient      : Fetching active blacklist from Rule Cache
2026-09-11T10:56:03.622+05:30  INFO 25444 --- [fraud-engine-service] [scheduling-1] c.s.f.f.client.BlacklistCacheClient      : Fetched 4 active blacklist entries from Rule Cache
2026-09-11T10:56:03.622+05:30  INFO 25444 --- [fraud-engine-service] [scheduling-1] c.s.f.f.cache.ActiveBlacklistCache       : Active blacklist cache refreshed entryCount=4
2026-09-11T10:56:03.753+05:30  INFO 25444 --- [fraud-engine-service] [scheduling-1] c.s.f.f.client.RuleCacheClient           : Fetching active rules from Rule Cache
2026-09-11T10:56:03.761+05:30  INFO 25444 --- [fraud-engine-service] [scheduling-1] c.s.f.f.client.RuleCacheClient           : Fetched 10 active rules from Rule Cache
2026-09-11T10:56:03.761+05:30  INFO 25444 --- [fraud-engine-service] [scheduling-1] c.s.f.fraudengine.cache.ActiveRuleCache  : Active rule cache refreshed ruleCount=10
2026-09-11T10:56:33.631+05:30  INFO 25444 --- [fraud-engine-service] [scheduling-1] c.s.f.f.client.BlacklistCacheClient      : Fetching active blacklist from Rule Cache
2026-09-11T10:56:33.644+05:30  INFO 25444 --- [fraud-engine-service] [scheduling-1] c.s.f.f.client.BlacklistCacheClient      : Fetched 4 active blacklist entries from Rule Cache
2026-09-11T10:56:33.644+05:30  INFO 25444 --- [fraud-engine-service] [scheduling-1] c.s.f.f.cache.ActiveBlacklistCache       : Active blacklist cache refreshed entryCount=4
2026-09-11T10:56:33.772+05:30  INFO 25444 --- [fraud-engine-service] [scheduling-1] c.s.f.f.client.RuleCacheClient           : Fetching active rules from Rule Cache
2026-09-11T10:56:33.782+05:30  INFO 25444 --- [fraud-engine-service] [scheduling-1] c.s.f.f.client.RuleCacheClient           : Fetched 10 active rules from Rule Cache
2026-09-11T10:56:33.782+05:30  INFO 25444 --- [fraud-engine-service] [scheduling-1] c.s.f.fraudengine.cache.ActiveRuleCache  : Active rule cache refreshed ruleCount=10
2026-09-11T10:57:02.540+05:30  INFO 25444 --- [fraud-engine-service] [AsyncResolver-bootstrap-executor-%d] c.n.d.s.r.aws.ConfigClusterResolver      : Resolving eureka endpoints via configuration
2026-09-11T10:57:03.659+05:30  INFO 25444 --- [fraud-engine-service] [scheduling-1] c.s.f.f.client.BlacklistCacheClient      : Fetching active blacklist from Rule Cache
2026-09-11T10:57:03.667+05:30  INFO 25444 --- [fraud-engine-service] [scheduling-1] c.s.f.f.client.BlacklistCacheClient      : Fetched 4 active blacklist entries from Rule Cache
2026-09-11T10:57:03.667+05:30  INFO 25444 --- [fraud-engine-service] [scheduling-1] c.s.f.f.cache.ActiveBlacklistCache       : Active blacklist cache refreshed entryCount=4
2026-09-11T10:57:03.797+05:30  INFO 25444 --- [fraud-engine-service] [scheduling-1] c.s.f.f.client.RuleCacheClient           : Fetching active rules from Rule Cache
2026-09-11T10:57:03.805+05:30  INFO 25444 --- [fraud-engine-service] [scheduling-1] c.s.f.f.client.RuleCacheClient           : Fetched 10 active rules from Rule Cache
2026-09-11T10:57:03.806+05:30  INFO 25444 --- [fraud-engine-service] [scheduling-1] c.s.f.fraudengine.cache.ActiveRuleCache  : Active rule cache refreshed ruleCount=10
2026-09-11T10:57:33.672+05:30  INFO 25444 --- [fraud-engine-service] [scheduling-1] c.s.f.f.client.BlacklistCacheClient      : Fetching active blacklist from Rule Cache
2026-09-11T10:57:33.681+05:30  INFO 25444 --- [fraud-engine-service] [scheduling-1] c.s.f.f.client.BlacklistCacheClient      : Fetched 4 active blacklist entries from Rule Cache
2026-09-11T10:57:33.681+05:30  INFO 25444 --- [fraud-engine-service] [scheduling-1] c.s.f.f.cache.ActiveBlacklistCache       : Active blacklist cache refreshed entryCount=4
2026-09-11T10:57:33.810+05:30  INFO 25444 --- [fraud-engine-service] [scheduling-1] c.s.f.f.client.RuleCacheClient           : Fetching active rules from Rule Cache
2026-09-11T10:57:33.814+05:30  INFO 25444 --- [fraud-engine-service] [scheduling-1] c.s.f.f.client.RuleCacheClient           : Fetched 10 active rules from Rule Cache
2026-09-11T10:57:33.814+05:30  INFO 25444 --- [fraud-engine-service] [scheduling-1] c.s.f.fraudengine.cache.ActiveRuleCache  : Active rule cache refreshed ruleCount=10
2026-09-11T10:58:03.698+05:30  INFO 25444 --- [fraud-engine-service] [scheduling-1] c.s.f.f.client.BlacklistCacheClient      : Fetching active blacklist from Rule Cache
2026-09-11T10:58:03.707+05:30  INFO 25444 --- [fraud-engine-service] [scheduling-1] c.s.f.f.client.BlacklistCacheClient      : Fetched 4 active blacklist entries from Rule Cache
2026-09-11T10:58:03.707+05:30  INFO 25444 --- [fraud-engine-service] [scheduling-1] c.s.f.f.cache.ActiveBlacklistCache       : Active blacklist cache refreshed entryCount=4
2026-09-11T10:58:03.842+05:30  INFO 25444 --- [fraud-engine-service] [scheduling-1] c.s.f.f.client.RuleCacheClient           : Fetching active rules from Rule Cache
2026-09-11T10:58:03.856+05:30  INFO 25444 --- [fraud-engine-service] [scheduling-1] c.s.f.f.client.RuleCacheClient           : Fetched 10 active rules from Rule Cache
2026-09-11T10:58:03.856+05:30  INFO 25444 --- [fraud-engine-service] [scheduling-1] c.s.f.fraudengine.cache.ActiveRuleCache  : Active rule cache refreshed ruleCount=10
2026-09-11T10:58:33.715+05:30  INFO 25444 --- [fraud-engine-service] [scheduling-1] c.s.f.f.client.BlacklistCacheClient      : Fetching active blacklist from Rule Cache
2026-09-11T10:58:33.724+05:30  INFO 25444 --- [fraud-engine-service] [scheduling-1] c.s.f.f.client.BlacklistCacheClient      : Fetched 4 active blacklist entries from Rule Cache
2026-09-11T10:58:33.724+05:30  INFO 25444 --- [fraud-engine-service] [scheduling-1] c.s.f.f.cache.ActiveBlacklistCache       : Active blacklist cache refreshed entryCount=4
2026-09-11T10:58:33.868+05:30  INFO 25444 --- [fraud-engine-service] [scheduling-1] c.s.f.f.client.RuleCacheClient           : Fetching active rules from Rule Cache
2026-09-11T10:58:33.873+05:30  INFO 25444 --- [fraud-engine-service] [scheduling-1] c.s.f.f.client.RuleCacheClient           : Fetched 10 active rules from Rule Cache
2026-09-11T10:58:33.873+05:30  INFO 25444 --- [fraud-engine-service] [scheduling-1] c.s.f.fraudengine.cache.ActiveRuleCache  : Active rule cache refreshed ruleCount=10
2026-09-11T10:59:03.741+05:30  INFO 25444 --- [fraud-engine-service] [scheduling-1] c.s.f.f.client.BlacklistCacheClient      : Fetching active blacklist from Rule Cache
2026-09-11T10:59:03.749+05:30  INFO 25444 --- [fraud-engine-service] [scheduling-1] c.s.f.f.client.BlacklistCacheClient      : Fetched 4 active blacklist entries from Rule Cache
2026-09-11T10:59:03.749+05:30  INFO 25444 --- [fraud-engine-service] [scheduling-1] c.s.f.f.cache.ActiveBlacklistCache       : Active blacklist cache refreshed entryCount=4
2026-09-11T10:59:03.889+05:30  INFO 25444 --- [fraud-engine-service] [scheduling-1] c.s.f.f.client.RuleCacheClient           : Fetching active rules from Rule Cache
2026-09-11T10:59:03.895+05:30  INFO 25444 --- [fraud-engine-service] [scheduling-1] c.s.f.f.client.RuleCacheClient           : Fetched 10 active rules from Rule Cache
2026-09-11T10:59:03.895+05:30  INFO 25444 --- [fraud-engine-service] [scheduling-1] c.s.f.fraudengine.cache.ActiveRuleCache  : Active rule cache refreshed ruleCount=10
2026-09-11T10:59:33.763+05:30  INFO 25444 --- [fraud-engine-service] [scheduling-1] c.s.f.f.client.BlacklistCacheClient      : Fetching active blacklist from Rule Cache
2026-09-11T10:59:33.763+05:30  INFO 25444 --- [fraud-engine-service] [scheduling-1] c.s.f.f.client.BlacklistCacheClient      : Fetched 4 active blacklist entries from Rule Cache
2026-09-11T10:59:33.763+05:30  INFO 25444 --- [fraud-engine-service] [scheduling-1] c.s.f.f.cache.ActiveBlacklistCache       : Active blacklist cache refreshed entryCount=4
2026-09-11T10:59:33.907+05:30  INFO 25444 --- [fraud-engine-service] [scheduling-1] c.s.f.f.client.RuleCacheClient           : Fetching active rules from Rule Cache
2026-09-11T10:59:33.916+05:30  INFO 25444 --- [fraud-engine-service] [scheduling-1] c.s.f.f.client.RuleCacheClient           : Fetched 10 active rules from Rule Cache
2026-09-11T10:59:33.916+05:30  INFO 25444 --- [fraud-engine-service] [scheduling-1] c.s.f.fraudengine.cache.ActiveRuleCache  : Active rule cache refreshed ruleCount=10
2026-09-11T11:00:03.783+05:30  INFO 25444 --- [fraud-engine-service] [scheduling-1] c.s.f.f.client.BlacklistCacheClient      : Fetching active blacklist from Rule Cache
2026-09-11T11:00:03.793+05:30  INFO 25444 --- [fraud-engine-service] [scheduling-1] c.s.f.f.client.BlacklistCacheClient      : Fetched 4 active blacklist entries from Rule Cache
2026-09-11T11:00:03.793+05:30  INFO 25444 --- [fraud-engine-service] [scheduling-1] c.s.f.f.cache.ActiveBlacklistCache       : Active blacklist cache refreshed entryCount=4
2026-09-11T11:00:03.925+05:30  INFO 25444 --- [fraud-engine-service] [scheduling-1] c.s.f.f.client.RuleCacheClient           : Fetching active rules from Rule Cache
2026-09-11T11:00:03.933+05:30  INFO 25444 --- [fraud-engine-service] [scheduling-1] c.s.f.f.client.RuleCacheClient           : Fetched 10 active rules from Rule Cache
2026-09-11T11:00:03.933+05:30  INFO 25444 --- [fraud-engine-service] [scheduling-1] c.s.f.fraudengine.cache.ActiveRuleCache  : Active rule cache refreshed ruleCount=10
2026-09-11T11:00:33.802+05:30  INFO 25444 --- [fraud-engine-service] [scheduling-1] c.s.f.f.client.BlacklistCacheClient      : Fetching active blacklist from Rule Cache
2026-09-11T11:00:33.816+05:30  INFO 25444 --- [fraud-engine-service] [scheduling-1] c.s.f.f.client.BlacklistCacheClient      : Fetched 4 active blacklist entries from Rule Cache
2026-09-11T11:00:33.816+05:30  INFO 25444 --- [fraud-engine-service] [scheduling-1] c.s.f.f.cache.ActiveBlacklistCache       : Active blacklist cache refreshed entryCount=4
2026-09-11T11:00:33.942+05:30  INFO 25444 --- [fraud-engine-service] [scheduling-1] c.s.f.f.client.RuleCacheClient           : Fetching active rules from Rule Cache
2026-09-11T11:00:33.950+05:30  INFO 25444 --- [fraud-engine-service] [scheduling-1] c.s.f.f.client.RuleCacheClient           : Fetched 10 active rules from Rule Cache
2026-09-11T11:00:33.950+05:30  INFO 25444 --- [fraud-engine-service] [scheduling-1] c.s.f.fraudengine.cache.ActiveRuleCache  : Active rule cache refreshed ruleCount=10
2026-09-11T11:01:03.822+05:30  INFO 25444 --- [fraud-engine-service] [scheduling-1] c.s.f.f.client.BlacklistCacheClient      : Fetching active blacklist from Rule Cache
2026-09-11T11:01:03.824+05:30  INFO 25444 --- [fraud-engine-service] [scheduling-1] c.s.f.f.client.BlacklistCacheClient      : Fetched 4 active blacklist entries from Rule Cache
2026-09-11T11:01:03.824+05:30  INFO 25444 --- [fraud-engine-service] [scheduling-1] c.s.f.f.cache.ActiveBlacklistCache       : Active blacklist cache refreshed entryCount=4
2026-09-11T11:01:03.954+05:30  INFO 25444 --- [fraud-engine-service] [scheduling-1] c.s.f.f.client.RuleCacheClient           : Fetching active rules from Rule Cache
2026-09-11T11:01:03.960+05:30  INFO 25444 --- [fraud-engine-service] [scheduling-1] c.s.f.f.client.RuleCacheClient           : Fetched 10 active rules from Rule Cache
2026-09-11T11:01:03.960+05:30  INFO 25444 --- [fraud-engine-service] [scheduling-1] c.s.f.fraudengine.cache.ActiveRuleCache  : Active rule cache refreshed ruleCount=10
2026-09-11T11:01:33.841+05:30  INFO 25444 --- [fraud-engine-service] [scheduling-1] c.s.f.f.client.BlacklistCacheClient      : Fetching active blacklist from Rule Cache
2026-09-11T11:01:33.845+05:30  INFO 25444 --- [fraud-engine-service] [scheduling-1] c.s.f.f.client.BlacklistCacheClient      : Fetched 4 active blacklist entries from Rule Cache
2026-09-11T11:01:33.845+05:30  INFO 25444 --- [fraud-engine-service] [scheduling-1] c.s.f.f.cache.ActiveBlacklistCache       : Active blacklist cache refreshed entryCount=4
2026-09-11T11:01:33.978+05:30  INFO 25444 --- [fraud-engine-service] [scheduling-1] c.s.f.f.client.RuleCacheClient           : Fetching active rules from Rule Cache
2026-09-11T11:01:33.982+05:30  INFO 25444 --- [fraud-engine-service] [scheduling-1] c.s.f.f.client.RuleCacheClient           : Fetched 10 active rules from Rule Cache
2026-09-11T11:01:33.982+05:30  INFO 25444 --- [fraud-engine-service] [scheduling-1] c.s.f.fraudengine.cache.ActiveRuleCache  : Active rule cache refreshed ruleCount=10
2026-09-11T11:02:02.542+05:30  INFO 25444 --- [fraud-engine-service] [AsyncResolver-bootstrap-executor-%d] c.n.d.s.r.aws.ConfigClusterResolver      : Resolving eureka endpoints via configuration
2026-09-11T11:02:03.857+05:30  INFO 25444 --- [fraud-engine-service] [scheduling-1] c.s.f.f.client.BlacklistCacheClient      : Fetching active blacklist from Rule Cache
2026-09-11T11:02:03.865+05:30  INFO 25444 --- [fraud-engine-service] [scheduling-1] c.s.f.f.client.BlacklistCacheClient      : Fetched 4 active blacklist entries from Rule Cache
2026-09-11T11:02:03.865+05:30  INFO 25444 --- [fraud-engine-service] [scheduling-1] c.s.f.f.cache.ActiveBlacklistCache       : Active blacklist cache refreshed entryCount=4
2026-09-11T11:02:03.998+05:30  INFO 25444 --- [fraud-engine-service] [scheduling-1] c.s.f.f.client.RuleCacheClient           : Fetching active rules from Rule Cache
2026-09-11T11:02:04.006+05:30  INFO 25444 --- [fraud-engine-service] [scheduling-1] c.s.f.f.client.RuleCacheClient           : Fetched 10 active rules from Rule Cache
2026-09-11T11:02:04.008+05:30  INFO 25444 --- [fraud-engine-service] [scheduling-1] c.s.f.fraudengine.cache.ActiveRuleCache  : Active rule cache refreshed ruleCount=10
2026-09-11T11:02:33.885+05:30  INFO 25444 --- [fraud-engine-service] [scheduling-1] c.s.f.f.client.BlacklistCacheClient      : Fetching active blacklist from Rule Cache
2026-09-11T11:02:33.902+05:30  INFO 25444 --- [fraud-engine-service] [scheduling-1] c.s.f.f.client.BlacklistCacheClient      : Fetched 4 active blacklist entries from Rule Cache
2026-09-11T11:02:33.902+05:30  INFO 25444 --- [fraud-engine-service] [scheduling-1] c.s.f.f.cache.ActiveBlacklistCache       : Active blacklist cache refreshed entryCount=4
2026-09-11T11:02:34.016+05:30  INFO 25444 --- [fraud-engine-service] [scheduling-1] c.s.f.f.client.RuleCacheClient           : Fetching active rules from Rule Cache
2026-09-11T11:02:34.019+05:30  INFO 25444 --- [fraud-engine-service] [scheduling-1] c.s.f.f.client.RuleCacheClient           : Fetched 10 active rules from Rule Cache
2026-09-11T11:02:34.019+05:30  INFO 25444 --- [fraud-engine-service] [scheduling-1] c.s.f.fraudengine.cache.ActiveRuleCache  : Active rule cache refreshed ruleCount=10
2026-09-11T11:03:03.923+05:30  INFO 25444 --- [fraud-engine-service] [scheduling-1] c.s.f.f.client.BlacklistCacheClient      : Fetching active blacklist from Rule Cache
2026-09-11T11:03:03.933+05:30  INFO 25444 --- [fraud-engine-service] [scheduling-1] c.s.f.f.client.BlacklistCacheClient      : Fetched 4 active blacklist entries from Rule Cache
2026-09-11T11:03:03.934+05:30  INFO 25444 --- [fraud-engine-service] [scheduling-1] c.s.f.f.cache.ActiveBlacklistCache       : Active blacklist cache refreshed entryCount=4
2026-09-11T11:03:04.031+05:30  INFO 25444 --- [fraud-engine-service] [scheduling-1] c.s.f.f.client.RuleCacheClient           : Fetching active rules from Rule Cache
2026-09-11T11:03:04.039+05:30  INFO 25444 --- [fraud-engine-service] [scheduling-1] c.s.f.f.client.RuleCacheClient           : Fetched 10 active rules from Rule Cache
2026-09-11T11:03:04.040+05:30  INFO 25444 --- [fraud-engine-service] [scheduling-1] c.s.f.fraudengine.cache.ActiveRuleCache  : Active rule cache refreshed ruleCount=10
2026-09-11T11:03:33.939+05:30  INFO 25444 --- [fraud-engine-service] [scheduling-1] c.s.f.f.client.BlacklistCacheClient      : Fetching active blacklist from Rule Cache
2026-09-11T11:03:33.950+05:30  INFO 25444 --- [fraud-engine-service] [scheduling-1] c.s.f.f.client.BlacklistCacheClient      : Fetched 4 active blacklist entries from Rule Cache
2026-09-11T11:03:33.951+05:30  INFO 25444 --- [fraud-engine-service] [scheduling-1] c.s.f.f.cache.ActiveBlacklistCache       : Active blacklist cache refreshed entryCount=4
2026-09-11T11:03:34.048+05:30  INFO 25444 --- [fraud-engine-service] [scheduling-1] c.s.f.f.client.RuleCacheClient           : Fetching active rules from Rule Cache
2026-09-11T11:03:34.057+05:30  INFO 25444 --- [fraud-engine-service] [scheduling-1] c.s.f.f.client.RuleCacheClient           : Fetched 10 active rules from Rule Cache
2026-09-11T11:03:34.058+05:30  INFO 25444 --- [fraud-engine-service] [scheduling-1] c.s.f.fraudengine.cache.ActiveRuleCache  : Active rule cache refreshed ruleCount=10
2026-09-11T11:04:03.958+05:30  INFO 25444 --- [fraud-engine-service] [scheduling-1] c.s.f.f.client.BlacklistCacheClient      : Fetching active blacklist from Rule Cache
2026-09-11T11:04:03.967+05:30  INFO 25444 --- [fraud-engine-service] [scheduling-1] c.s.f.f.client.BlacklistCacheClient      : Fetched 4 active blacklist entries from Rule Cache
2026-09-11T11:04:03.967+05:30  INFO 25444 --- [fraud-engine-service] [scheduling-1] c.s.f.f.cache.ActiveBlacklistCache       : Active blacklist cache refreshed entryCount=4
2026-09-11T11:04:04.066+05:30  INFO 25444 --- [fraud-engine-service] [scheduling-1] c.s.f.f.client.RuleCacheClient           : Fetching active rules from Rule Cache
2026-09-11T11:04:04.074+05:30  INFO 25444 --- [fraud-engine-service] [scheduling-1] c.s.f.f.client.RuleCacheClient           : Fetched 10 active rules from Rule Cache
2026-09-11T11:04:04.074+05:30  INFO 25444 --- [fraud-engine-service] [scheduling-1] c.s.f.fraudengine.cache.ActiveRuleCache  : Active rule cache refreshed ruleCount=10
2026-09-11T11:04:33.969+05:30  INFO 25444 --- [fraud-engine-service] [scheduling-1] c.s.f.f.client.BlacklistCacheClient      : Fetching active blacklist from Rule Cache
2026-09-11T11:04:33.979+05:30  INFO 25444 --- [fraud-engine-service] [scheduling-1] c.s.f.f.client.BlacklistCacheClient      : Fetched 4 active blacklist entries from Rule Cache
2026-09-11T11:04:33.979+05:30  INFO 25444 --- [fraud-engine-service] [scheduling-1] c.s.f.f.cache.ActiveBlacklistCache       : Active blacklist cache refreshed entryCount=4
2026-09-11T11:04:34.079+05:30  INFO 25444 --- [fraud-engine-service] [scheduling-1] c.s.f.f.client.RuleCacheClient           : Fetching active rules from Rule Cache
2026-09-11T11:04:34.092+05:30  INFO 25444 --- [fraud-engine-service] [scheduling-1] c.s.f.f.client.RuleCacheClient           : Fetched 10 active rules from Rule Cache
2026-09-11T11:04:34.092+05:30  INFO 25444 --- [fraud-engine-service] [scheduling-1] c.s.f.fraudengine.cache.ActiveRuleCache  : Active rule cache refreshed ruleCount=10
2026-09-11T11:05:03.985+05:30  INFO 25444 --- [fraud-engine-service] [scheduling-1] c.s.f.f.client.BlacklistCacheClient      : Fetching active blacklist from Rule Cache
2026-09-11T11:05:03.995+05:30  INFO 25444 --- [fraud-engine-service] [scheduling-1] c.s.f.f.client.BlacklistCacheClient      : Fetched 4 active blacklist entries from Rule Cache
2026-09-11T11:05:03.995+05:30  INFO 25444 --- [fraud-engine-service] [scheduling-1] c.s.f.f.cache.ActiveBlacklistCache       : Active blacklist cache refreshed entryCount=4
2026-09-11T11:05:04.094+05:30  INFO 25444 --- [fraud-engine-service] [scheduling-1] c.s.f.f.client.RuleCacheClient           : Fetching active rules from Rule Cache
2026-09-11T11:05:04.100+05:30  INFO 25444 --- [fraud-engine-service] [scheduling-1] c.s.f.f.client.RuleCacheClient           : Fetched 10 active rules from Rule Cache
2026-09-11T11:05:04.100+05:30  INFO 25444 --- [fraud-engine-service] [scheduling-1] c.s.f.fraudengine.cache.ActiveRuleCache  : Active rule cache refreshed ruleCount=10
2026-09-11T11:05:33.999+05:30  INFO 25444 --- [fraud-engine-service] [scheduling-1] c.s.f.f.client.BlacklistCacheClient      : Fetching active blacklist from Rule Cache
2026-09-11T11:05:34.009+05:30  INFO 25444 --- [fraud-engine-service] [scheduling-1] c.s.f.f.client.BlacklistCacheClient      : Fetched 4 active blacklist entries from Rule Cache
2026-09-11T11:05:34.009+05:30  INFO 25444 --- [fraud-engine-service] [scheduling-1] c.s.f.f.cache.ActiveBlacklistCache       : Active blacklist cache refreshed entryCount=4
2026-09-11T11:05:34.109+05:30  INFO 25444 --- [fraud-engine-service] [scheduling-1] c.s.f.f.client.RuleCacheClient           : Fetching active rules from Rule Cache
2026-09-11T11:05:34.117+05:30  INFO 25444 --- [fraud-engine-service] [scheduling-1] c.s.f.f.client.RuleCacheClient           : Fetched 10 active rules from Rule Cache
2026-09-11T11:05:34.117+05:30  INFO 25444 --- [fraud-engine-service] [scheduling-1] c.s.f.fraudengine.cache.ActiveRuleCache  : Active rule cache refreshed ruleCount=10
2026-09-11T11:06:04.019+05:30  INFO 25444 --- [fraud-engine-service] [scheduling-1] c.s.f.f.client.BlacklistCacheClient      : Fetching active blacklist from Rule Cache
2026-09-11T11:06:04.031+05:30  INFO 25444 --- [fraud-engine-service] [scheduling-1] c.s.f.f.client.BlacklistCacheClient      : Fetched 4 active blacklist entries from Rule Cache
2026-09-11T11:06:04.031+05:30  INFO 25444 --- [fraud-engine-service] [scheduling-1] c.s.f.f.cache.ActiveBlacklistCache       : Active blacklist cache refreshed entryCount=4
2026-09-11T11:06:04.129+05:30  INFO 25444 --- [fraud-engine-service] [scheduling-1] c.s.f.f.client.RuleCacheClient           : Fetching active rules from Rule Cache
2026-09-11T11:06:04.137+05:30  INFO 25444 --- [fraud-engine-service] [scheduling-1] c.s.f.f.client.RuleCacheClient           : Fetched 10 active rules from Rule Cache
2026-09-11T11:06:04.137+05:30  INFO 25444 --- [fraud-engine-service] [scheduling-1] c.s.f.fraudengine.cache.ActiveRuleCache  : Active rule cache refreshed ruleCount=10
2026-09-11T11:07:06.808+05:30  INFO 25444 --- [fraud-engine-service] [scheduling-1] c.s.f.f.client.BlacklistCacheClient      : Fetching active blacklist from Rule Cache
2026-09-11T11:07:07.263+05:30  INFO 25444 --- [fraud-engine-service] [scheduling-1] c.s.f.f.client.BlacklistCacheClient      : Fetched 4 active blacklist entries from Rule Cache
2026-09-11T11:07:07.263+05:30  INFO 25444 --- [fraud-engine-service] [scheduling-1] c.s.f.f.cache.ActiveBlacklistCache       : Active blacklist cache refreshed entryCount=4
2026-09-11T11:07:07.263+05:30  INFO 25444 --- [fraud-engine-service] [scheduling-1] c.s.f.f.client.RuleCacheClient           : Fetching active rules from Rule Cache
2026-09-11T11:07:07.615+05:30  INFO 25444 --- [fraud-engine-service] [scheduling-1] c.s.f.f.client.RuleCacheClient           : Fetched 10 active rules from Rule Cache
2026-09-11T11:07:07.615+05:30  INFO 25444 --- [fraud-engine-service] [scheduling-1] c.s.f.fraudengine.cache.ActiveRuleCache  : Active rule cache refreshed ruleCount=10
2026-09-11T11:07:35.310+05:30  INFO 25444 --- [fraud-engine-service] [AsyncResolver-bootstrap-executor-%d] c.n.d.s.r.aws.ConfigClusterResolver      : Resolving eureka endpoints via configuration
2026-09-11T11:07:37.279+05:30  INFO 25444 --- [fraud-engine-service] [scheduling-1] c.s.f.f.client.BlacklistCacheClient      : Fetching active blacklist from Rule Cache
2026-09-11T11:07:37.287+05:30  INFO 25444 --- [fraud-engine-service] [scheduling-1] c.s.f.f.client.BlacklistCacheClient      : Fetched 4 active blacklist entries from Rule Cache
2026-09-11T11:07:37.287+05:30  INFO 25444 --- [fraud-engine-service] [scheduling-1] c.s.f.f.cache.ActiveBlacklistCache       : Active blacklist cache refreshed entryCount=4
2026-09-11T11:07:37.620+05:30  INFO 25444 --- [fraud-engine-service] [scheduling-1] c.s.f.f.client.RuleCacheClient           : Fetching active rules from Rule Cache
2026-09-11T11:07:37.629+05:30  INFO 25444 --- [fraud-engine-service] [scheduling-1] c.s.f.f.client.RuleCacheClient           : Fetched 10 active rules from Rule Cache
2026-09-11T11:07:37.629+05:30  INFO 25444 --- [fraud-engine-service] [scheduling-1] c.s.f.fraudengine.cache.ActiveRuleCache  : Active rule cache refreshed ruleCount=10
2026-09-11T11:08:07.293+05:30  INFO 25444 --- [fraud-engine-service] [scheduling-1] c.s.f.f.client.BlacklistCacheClient      : Fetching active blacklist from Rule Cache
2026-09-11T11:08:07.300+05:30  INFO 25444 --- [fraud-engine-service] [scheduling-1] c.s.f.f.client.BlacklistCacheClient      : Fetched 4 active blacklist entries from Rule Cache
2026-09-11T11:08:07.300+05:30  INFO 25444 --- [fraud-engine-service] [scheduling-1] c.s.f.f.cache.ActiveBlacklistCache       : Active blacklist cache refreshed entryCount=4
2026-09-11T11:08:07.638+05:30  INFO 25444 --- [fraud-engine-service] [scheduling-1] c.s.f.f.client.RuleCacheClient           : Fetching active rules from Rule Cache
2026-09-11T11:08:07.646+05:30  INFO 25444 --- [fraud-engine-service] [scheduling-1] c.s.f.f.client.RuleCacheClient           : Fetched 10 active rules from Rule Cache
2026-09-11T11:08:07.646+05:30  INFO 25444 --- [fraud-engine-service] [scheduling-1] c.s.f.fraudengine.cache.ActiveRuleCache  : Active rule cache refreshed ruleCount=10
2026-09-11T11:08:37.311+05:30  INFO 25444 --- [fraud-engine-service] [scheduling-1] c.s.f.f.client.BlacklistCacheClient      : Fetching active blacklist from Rule Cache
2026-09-11T11:08:37.314+05:30  INFO 25444 --- [fraud-engine-service] [scheduling-1] c.s.f.f.client.BlacklistCacheClient      : Fetched 4 active blacklist entries from Rule Cache
2026-09-11T11:08:37.314+05:30  INFO 25444 --- [fraud-engine-service] [scheduling-1] c.s.f.f.cache.ActiveBlacklistCache       : Active blacklist cache refreshed entryCount=4
2026-09-11T11:08:37.665+05:30  INFO 25444 --- [fraud-engine-service] [scheduling-1] c.s.f.f.client.RuleCacheClient           : Fetching active rules from Rule Cache
2026-09-11T11:08:37.843+05:30  INFO 25444 --- [fraud-engine-service] [scheduling-1] c.s.f.f.client.RuleCacheClient           : Fetched 10 active rules from Rule Cache
2026-09-11T11:08:37.843+05:30  INFO 25444 --- [fraud-engine-service] [scheduling-1] c.s.f.fraudengine.cache.ActiveRuleCache  : Active rule cache refreshed ruleCount=10
2026-09-11T11:09:07.328+05:30  INFO 25444 --- [fraud-engine-service] [scheduling-1] c.s.f.f.client.BlacklistCacheClient      : Fetching active blacklist from Rule Cache
2026-09-11T11:09:07.341+05:30  INFO 25444 --- [fraud-engine-service] [scheduling-1] c.s.f.f.client.BlacklistCacheClient      : Fetched 4 active blacklist entries from Rule Cache
2026-09-11T11:09:07.341+05:30  INFO 25444 --- [fraud-engine-service] [scheduling-1] c.s.f.f.cache.ActiveBlacklistCache       : Active blacklist cache refreshed entryCount=4
2026-09-11T11:09:07.849+05:30  INFO 25444 --- [fraud-engine-service] [scheduling-1] c.s.f.f.client.RuleCacheClient           : Fetching active rules from Rule Cache
2026-09-11T11:09:07.860+05:30  INFO 25444 --- [fraud-engine-service] [scheduling-1] c.s.f.f.client.RuleCacheClient           : Fetched 10 active rules from Rule Cache
2026-09-11T11:09:07.860+05:30  INFO 25444 --- [fraud-engine-service] [scheduling-1] c.s.f.fraudengine.cache.ActiveRuleCache  : Active rule cache refreshed ruleCount=10
2026-09-11T11:09:37.352+05:30  INFO 25444 --- [fraud-engine-service] [scheduling-1] c.s.f.f.client.BlacklistCacheClient      : Fetching active blacklist from Rule Cache
2026-09-11T11:09:37.366+05:30  INFO 25444 --- [fraud-engine-service] [scheduling-1] c.s.f.f.client.BlacklistCacheClient      : Fetched 4 active blacklist entries from Rule Cache
2026-09-11T11:09:37.366+05:30  INFO 25444 --- [fraud-engine-service] [scheduling-1] c.s.f.f.cache.ActiveBlacklistCache       : Active blacklist cache refreshed entryCount=4
2026-09-11T11:09:37.876+05:30  INFO 25444 --- [fraud-engine-service] [scheduling-1] c.s.f.f.client.RuleCacheClient           : Fetching active rules from Rule Cache
2026-09-11T11:09:37.884+05:30  INFO 25444 --- [fraud-engine-service] [scheduling-1] c.s.f.f.client.RuleCacheClient           : Fetched 10 active rules from Rule Cache
2026-09-11T11:09:37.885+05:30  INFO 25444 --- [fraud-engine-service] [scheduling-1] c.s.f.fraudengine.cache.ActiveRuleCache  : Active rule cache refreshed ruleCount=10
2026-09-11T11:10:07.386+05:30  INFO 25444 --- [fraud-engine-service] [scheduling-1] c.s.f.f.client.BlacklistCacheClient      : Fetching active blacklist from Rule Cache
2026-09-11T11:10:07.396+05:30  INFO 25444 --- [fraud-engine-service] [scheduling-1] c.s.f.f.client.BlacklistCacheClient      : Fetched 4 active blacklist entries from Rule Cache
2026-09-11T11:10:07.396+05:30  INFO 25444 --- [fraud-engine-service] [scheduling-1] c.s.f.f.cache.ActiveBlacklistCache       : Active blacklist cache refreshed entryCount=4
2026-09-11T11:10:07.891+05:30  INFO 25444 --- [fraud-engine-service] [scheduling-1] c.s.f.f.client.RuleCacheClient           : Fetching active rules from Rule Cache
2026-09-11T11:10:07.900+05:30  INFO 25444 --- [fraud-engine-service] [scheduling-1] c.s.f.f.client.RuleCacheClient           : Fetched 10 active rules from Rule Cache
2026-09-11T11:10:07.900+05:30  INFO 25444 --- [fraud-engine-service] [scheduling-1] c.s.f.fraudengine.cache.ActiveRuleCache  : Active rule cache refreshed ruleCount=10
2026-09-11T11:10:37.406+05:30  INFO 25444 --- [fraud-engine-service] [scheduling-1] c.s.f.f.client.BlacklistCacheClient      : Fetching active blacklist from Rule Cache
2026-09-11T11:10:37.414+05:30  INFO 25444 --- [fraud-engine-service] [scheduling-1] c.s.f.f.client.BlacklistCacheClient      : Fetched 4 active blacklist entries from Rule Cache
2026-09-11T11:10:37.414+05:30  INFO 25444 --- [fraud-engine-service] [scheduling-1] c.s.f.f.cache.ActiveBlacklistCache       : Active blacklist cache refreshed entryCount=4
2026-09-11T11:10:37.902+05:30  INFO 25444 --- [fraud-engine-service] [scheduling-1] c.s.f.f.client.RuleCacheClient           : Fetching active rules from Rule Cache
2026-09-11T11:10:37.912+05:30  INFO 25444 --- [fraud-engine-service] [scheduling-1] c.s.f.f.client.RuleCacheClient           : Fetched 10 active rules from Rule Cache
2026-09-11T11:10:37.912+05:30  INFO 25444 --- [fraud-engine-service] [scheduling-1] c.s.f.fraudengine.cache.ActiveRuleCache  : Active rule cache refreshed ruleCount=10
2026-09-11T11:11:07.431+05:30  INFO 25444 --- [fraud-engine-service] [scheduling-1] c.s.f.f.client.BlacklistCacheClient      : Fetching active blacklist from Rule Cache
2026-09-11T11:11:07.442+05:30  INFO 25444 --- [fraud-engine-service] [scheduling-1] c.s.f.f.client.BlacklistCacheClient      : Fetched 4 active blacklist entries from Rule Cache
2026-09-11T11:11:07.442+05:30  INFO 25444 --- [fraud-engine-service] [scheduling-1] c.s.f.f.cache.ActiveBlacklistCache       : Active blacklist cache refreshed entryCount=4
2026-09-11T11:11:07.913+05:30  INFO 25444 --- [fraud-engine-service] [scheduling-1] c.s.f.f.client.RuleCacheClient           : Fetching active rules from Rule Cache
2026-09-11T11:11:07.924+05:30  INFO 25444 --- [fraud-engine-service] [scheduling-1] c.s.f.f.client.RuleCacheClient           : Fetched 10 active rules from Rule Cache
2026-09-11T11:11:07.924+05:30  INFO 25444 --- [fraud-engine-service] [scheduling-1] c.s.f.fraudengine.cache.ActiveRuleCache  : Active rule cache refreshed ruleCount=10
2026-09-11T11:11:37.449+05:30  INFO 25444 --- [fraud-engine-service] [scheduling-1] c.s.f.f.client.BlacklistCacheClient      : Fetching active blacklist from Rule Cache
2026-09-11T11:11:37.454+05:30  INFO 25444 --- [fraud-engine-service] [scheduling-1] c.s.f.f.client.BlacklistCacheClient      : Fetched 4 active blacklist entries from Rule Cache
2026-09-11T11:11:37.454+05:30  INFO 25444 --- [fraud-engine-service] [scheduling-1] c.s.f.f.cache.ActiveBlacklistCache       : Active blacklist cache refreshed entryCount=4
2026-09-11T11:11:37.952+05:30  INFO 25444 --- [fraud-engine-service] [scheduling-1] c.s.f.f.client.RuleCacheClient           : Fetching active rules from Rule Cache
2026-09-11T11:11:37.971+05:30  INFO 25444 --- [fraud-engine-service] [scheduling-1] c.s.f.f.client.RuleCacheClient           : Fetched 10 active rules from Rule Cache
2026-09-11T11:11:37.971+05:30  INFO 25444 --- [fraud-engine-service] [scheduling-1] c.s.f.fraudengine.cache.ActiveRuleCache  : Active rule cache refreshed ruleCount=10
2026-09-11T11:12:07.470+05:30  INFO 25444 --- [fraud-engine-service] [scheduling-1] c.s.f.f.client.BlacklistCacheClient      : Fetching active blacklist from Rule Cache
2026-09-11T11:12:07.481+05:30  INFO 25444 --- [fraud-engine-service] [scheduling-1] c.s.f.f.client.BlacklistCacheClient      : Fetched 4 active blacklist entries from Rule Cache
2026-09-11T11:12:07.482+05:30  INFO 25444 --- [fraud-engine-service] [scheduling-1] c.s.f.f.cache.ActiveBlacklistCache       : Active blacklist cache refreshed entryCount=4
2026-09-11T11:12:07.983+05:30  INFO 25444 --- [fraud-engine-service] [scheduling-1] c.s.f.f.client.RuleCacheClient           : Fetching active rules from Rule Cache
2026-09-11T11:12:07.994+05:30  INFO 25444 --- [fraud-engine-service] [scheduling-1] c.s.f.f.client.RuleCacheClient           : Fetched 10 active rules from Rule Cache
2026-09-11T11:12:07.994+05:30  INFO 25444 --- [fraud-engine-service] [scheduling-1] c.s.f.fraudengine.cache.ActiveRuleCache  : Active rule cache refreshed ruleCount=10
2026-09-11T11:12:35.326+05:30  INFO 25444 --- [fraud-engine-service] [AsyncResolver-bootstrap-executor-%d] c.n.d.s.r.aws.ConfigClusterResolver      : Resolving eureka endpoints via configuration
2026-09-11T11:12:37.491+05:30  INFO 25444 --- [fraud-engine-service] [scheduling-1] c.s.f.f.client.BlacklistCacheClient      : Fetching active blacklist from Rule Cache
2026-09-11T11:12:37.500+05:30  INFO 25444 --- [fraud-engine-service] [scheduling-1] c.s.f.f.client.BlacklistCacheClient      : Fetched 4 active blacklist entries from Rule Cache
2026-09-11T11:12:37.500+05:30  INFO 25444 --- [fraud-engine-service] [scheduling-1] c.s.f.f.cache.ActiveBlacklistCache       : Active blacklist cache refreshed entryCount=4
2026-09-11T11:12:38.005+05:30  INFO 25444 --- [fraud-engine-service] [scheduling-1] c.s.f.f.client.RuleCacheClient           : Fetching active rules from Rule Cache
2026-09-11T11:12:38.014+05:30  INFO 25444 --- [fraud-engine-service] [scheduling-1] c.s.f.f.client.RuleCacheClient           : Fetched 10 active rules from Rule Cache
2026-09-11T11:12:38.014+05:30  INFO 25444 --- [fraud-engine-service] [scheduling-1] c.s.f.fraudengine.cache.ActiveRuleCache  : Active rule cache refreshed ruleCount=10
2026-09-11T11:13:07.514+05:30  INFO 25444 --- [fraud-engine-service] [scheduling-1] c.s.f.f.client.BlacklistCacheClient      : Fetching active blacklist from Rule Cache
2026-09-11T11:13:07.526+05:30  INFO 25444 --- [fraud-engine-service] [scheduling-1] c.s.f.f.client.BlacklistCacheClient      : Fetched 4 active blacklist entries from Rule Cache
2026-09-11T11:13:07.527+05:30  INFO 25444 --- [fraud-engine-service] [scheduling-1] c.s.f.f.cache.ActiveBlacklistCache       : Active blacklist cache refreshed entryCount=4
2026-09-11T11:13:08.028+05:30  INFO 25444 --- [fraud-engine-service] [scheduling-1] c.s.f.f.client.RuleCacheClient           : Fetching active rules from Rule Cache
2026-09-11T11:13:08.040+05:30  INFO 25444 --- [fraud-engine-service] [scheduling-1] c.s.f.f.client.RuleCacheClient           : Fetched 10 active rules from Rule Cache
2026-09-11T11:13:08.040+05:30  INFO 25444 --- [fraud-engine-service] [scheduling-1] c.s.f.fraudengine.cache.ActiveRuleCache  : Active rule cache refreshed ruleCount=10
2026-09-11T11:13:37.540+05:30  INFO 25444 --- [fraud-engine-service] [scheduling-1] c.s.f.f.client.BlacklistCacheClient      : Fetching active blacklist from Rule Cache
2026-09-11T11:13:37.550+05:30  INFO 25444 --- [fraud-engine-service] [scheduling-1] c.s.f.f.client.BlacklistCacheClient      : Fetched 4 active blacklist entries from Rule Cache
2026-09-11T11:13:37.550+05:30  INFO 25444 --- [fraud-engine-service] [scheduling-1] c.s.f.f.cache.ActiveBlacklistCache       : Active blacklist cache refreshed entryCount=4
2026-09-11T11:13:38.052+05:30  INFO 25444 --- [fraud-engine-service] [scheduling-1] c.s.f.f.client.RuleCacheClient           : Fetching active rules from Rule Cache
2026-09-11T11:13:38.076+05:30  INFO 25444 --- [fraud-engine-service] [scheduling-1] c.s.f.f.client.RuleCacheClient           : Fetched 10 active rules from Rule Cache
2026-09-11T11:13:38.076+05:30  INFO 25444 --- [fraud-engine-service] [scheduling-1] c.s.f.fraudengine.cache.ActiveRuleCache  : Active rule cache refreshed ruleCount=10
2026-09-11T11:14:07.560+05:30  INFO 25444 --- [fraud-engine-service] [scheduling-1] c.s.f.f.client.BlacklistCacheClient      : Fetching active blacklist from Rule Cache
2026-09-11T11:14:07.570+05:30  INFO 25444 --- [fraud-engine-service] [scheduling-1] c.s.f.f.client.BlacklistCacheClient      : Fetched 4 active blacklist entries from Rule Cache
2026-09-11T11:14:07.570+05:30  INFO 25444 --- [fraud-engine-service] [scheduling-1] c.s.f.f.cache.ActiveBlacklistCache       : Active blacklist cache refreshed entryCount=4
2026-09-11T11:14:08.090+05:30  INFO 25444 --- [fraud-engine-service] [scheduling-1] c.s.f.f.client.RuleCacheClient           : Fetching active rules from Rule Cache
2026-09-11T11:14:08.097+05:30  INFO 25444 --- [fraud-engine-service] [scheduling-1] c.s.f.f.client.RuleCacheClient           : Fetched 10 active rules from Rule Cache
2026-09-11T11:14:08.098+05:30  INFO 25444 --- [fraud-engine-service] [scheduling-1] c.s.f.fraudengine.cache.ActiveRuleCache  : Active rule cache refreshed ruleCount=10
2026-09-11T11:14:37.585+05:30  INFO 25444 --- [fraud-engine-service] [scheduling-1] c.s.f.f.client.BlacklistCacheClient      : Fetching active blacklist from Rule Cache
2026-09-11T11:14:37.594+05:30  INFO 25444 --- [fraud-engine-service] [scheduling-1] c.s.f.f.client.BlacklistCacheClient      : Fetched 4 active blacklist entries from Rule Cache
2026-09-11T11:14:37.594+05:30  INFO 25444 --- [fraud-engine-service] [scheduling-1] c.s.f.f.cache.ActiveBlacklistCache       : Active blacklist cache refreshed entryCount=4
2026-09-11T11:14:38.110+05:30  INFO 25444 --- [fraud-engine-service] [scheduling-1] c.s.f.f.client.RuleCacheClient           : Fetching active rules from Rule Cache
2026-09-11T11:14:38.119+05:30  INFO 25444 --- [fraud-engine-service] [scheduling-1] c.s.f.f.client.RuleCacheClient           : Fetched 10 active rules from Rule Cache
2026-09-11T11:14:38.119+05:30  INFO 25444 --- [fraud-engine-service] [scheduling-1] c.s.f.fraudengine.cache.ActiveRuleCache  : Active rule cache refreshed ruleCount=10
2026-09-11T11:15:07.610+05:30  INFO 25444 --- [fraud-engine-service] [scheduling-1] c.s.f.f.client.BlacklistCacheClient      : Fetching active blacklist from Rule Cache
2026-09-11T11:15:07.621+05:30  INFO 25444 --- [fraud-engine-service] [scheduling-1] c.s.f.f.client.BlacklistCacheClient      : Fetched 4 active blacklist entries from Rule Cache
2026-09-11T11:15:07.621+05:30  INFO 25444 --- [fraud-engine-service] [scheduling-1] c.s.f.f.cache.ActiveBlacklistCache       : Active blacklist cache refreshed entryCount=4
2026-09-11T11:15:08.123+05:30  INFO 25444 --- [fraud-engine-service] [scheduling-1] c.s.f.f.client.RuleCacheClient           : Fetching active rules from Rule Cache
2026-09-11T11:15:08.134+05:30  INFO 25444 --- [fraud-engine-service] [scheduling-1] c.s.f.f.client.RuleCacheClient           : Fetched 10 active rules from Rule Cache
2026-09-11T11:15:08.134+05:30  INFO 25444 --- [fraud-engine-service] [scheduling-1] c.s.f.fraudengine.cache.ActiveRuleCache  : Active rule cache refreshed ruleCount=10
2026-09-11T11:15:37.629+05:30  INFO 25444 --- [fraud-engine-service] [scheduling-1] c.s.f.f.client.BlacklistCacheClient      : Fetching active blacklist from Rule Cache
2026-09-11T11:15:37.639+05:30  INFO 25444 --- [fraud-engine-service] [scheduling-1] c.s.f.f.client.BlacklistCacheClient      : Fetched 4 active blacklist entries from Rule Cache
2026-09-11T11:15:37.639+05:30  INFO 25444 --- [fraud-engine-service] [scheduling-1] c.s.f.f.cache.ActiveBlacklistCache       : Active blacklist cache refreshed entryCount=4
2026-09-11T11:15:38.146+05:30  INFO 25444 --- [fraud-engine-service] [scheduling-1] c.s.f.f.client.RuleCacheClient           : Fetching active rules from Rule Cache
2026-09-11T11:15:38.156+05:30  INFO 25444 --- [fraud-engine-service] [scheduling-1] c.s.f.f.client.RuleCacheClient           : Fetched 10 active rules from Rule Cache
2026-09-11T11:15:38.157+05:30  INFO 25444 --- [fraud-engine-service] [scheduling-1] c.s.f.fraudengine.cache.ActiveRuleCache  : Active rule cache refreshed ruleCount=10
2026-09-11T11:16:07.643+05:30  INFO 25444 --- [fraud-engine-service] [scheduling-1] c.s.f.f.client.BlacklistCacheClient      : Fetching active blacklist from Rule Cache
2026-09-11T11:16:07.653+05:30  INFO 25444 --- [fraud-engine-service] [scheduling-1] c.s.f.f.client.BlacklistCacheClient      : Fetched 4 active blacklist entries from Rule Cache
2026-09-11T11:16:07.653+05:30  INFO 25444 --- [fraud-engine-service] [scheduling-1] c.s.f.f.cache.ActiveBlacklistCache       : Active blacklist cache refreshed entryCount=4
2026-09-11T11:16:08.160+05:30  INFO 25444 --- [fraud-engine-service] [scheduling-1] c.s.f.f.client.RuleCacheClient           : Fetching active rules from Rule Cache
2026-09-11T11:16:08.169+05:30  INFO 25444 --- [fraud-engine-service] [scheduling-1] c.s.f.f.client.RuleCacheClient           : Fetched 10 active rules from Rule Cache
2026-09-11T11:16:08.169+05:30  INFO 25444 --- [fraud-engine-service] [scheduling-1] c.s.f.fraudengine.cache.ActiveRuleCache  : Active rule cache refreshed ruleCount=10
2026-09-11T11:16:37.663+05:30  INFO 25444 --- [fraud-engine-service] [scheduling-1] c.s.f.f.client.BlacklistCacheClient      : Fetching active blacklist from Rule Cache
2026-09-11T11:16:37.673+05:30  INFO 25444 --- [fraud-engine-service] [scheduling-1] c.s.f.f.client.BlacklistCacheClient      : Fetched 4 active blacklist entries from Rule Cache
2026-09-11T11:16:37.673+05:30  INFO 25444 --- [fraud-engine-service] [scheduling-1] c.s.f.f.cache.ActiveBlacklistCache       : Active blacklist cache refreshed entryCount=4
2026-09-11T11:16:38.177+05:30  INFO 25444 --- [fraud-engine-service] [scheduling-1] c.s.f.f.client.RuleCacheClient           : Fetching active rules from Rule Cache
2026-09-11T11:16:38.188+05:30  INFO 25444 --- [fraud-engine-service] [scheduling-1] c.s.f.f.client.RuleCacheClient           : Fetched 10 active rules from Rule Cache
2026-09-11T11:16:38.188+05:30  INFO 25444 --- [fraud-engine-service] [scheduling-1] c.s.f.fraudengine.cache.ActiveRuleCache  : Active rule cache refreshed ruleCount=10
2026-09-11T11:17:07.685+05:30  INFO 25444 --- [fraud-engine-service] [scheduling-1] c.s.f.f.client.BlacklistCacheClient      : Fetching active blacklist from Rule Cache
2026-09-11T11:17:07.696+05:30  INFO 25444 --- [fraud-engine-service] [scheduling-1] c.s.f.f.client.BlacklistCacheClient      : Fetched 4 active blacklist entries from Rule Cache
2026-09-11T11:17:07.696+05:30  INFO 25444 --- [fraud-engine-service] [scheduling-1] c.s.f.f.cache.ActiveBlacklistCache       : Active blacklist cache refreshed entryCount=4
2026-09-11T11:17:08.201+05:30  INFO 25444 --- [fraud-engine-service] [scheduling-1] c.s.f.f.client.RuleCacheClient           : Fetching active rules from Rule Cache
2026-09-11T11:17:08.211+05:30  INFO 25444 --- [fraud-engine-service] [scheduling-1] c.s.f.f.client.RuleCacheClient           : Fetched 10 active rules from Rule Cache
2026-09-11T11:17:08.212+05:30  INFO 25444 --- [fraud-engine-service] [scheduling-1] c.s.f.fraudengine.cache.ActiveRuleCache  : Active rule cache refreshed ruleCount=10
2026-09-11T11:17:35.334+05:30  INFO 25444 --- [fraud-engine-service] [AsyncResolver-bootstrap-executor-%d] c.n.d.s.r.aws.ConfigClusterResolver      : Resolving eureka endpoints via configuration
2026-09-11T11:17:37.697+05:30  INFO 25444 --- [fraud-engine-service] [scheduling-1] c.s.f.f.client.BlacklistCacheClient      : Fetching active blacklist from Rule Cache
2026-09-11T11:17:37.707+05:30  INFO 25444 --- [fraud-engine-service] [scheduling-1] c.s.f.f.client.BlacklistCacheClient      : Fetched 4 active blacklist entries from Rule Cache
2026-09-11T11:17:37.707+05:30  INFO 25444 --- [fraud-engine-service] [scheduling-1] c.s.f.f.cache.ActiveBlacklistCache       : Active blacklist cache refreshed entryCount=4
2026-09-11T11:17:38.223+05:30  INFO 25444 --- [fraud-engine-service] [scheduling-1] c.s.f.f.client.RuleCacheClient           : Fetching active rules from Rule Cache
2026-09-11T11:17:38.233+05:30  INFO 25444 --- [fraud-engine-service] [scheduling-1] c.s.f.f.client.RuleCacheClient           : Fetched 10 active rules from Rule Cache
2026-09-11T11:17:38.233+05:30  INFO 25444 --- [fraud-engine-service] [scheduling-1] c.s.f.fraudengine.cache.ActiveRuleCache  : Active rule cache refreshed ruleCount=10
2026-09-11T11:18:07.710+05:30  INFO 25444 --- [fraud-engine-service] [scheduling-1] c.s.f.f.client.BlacklistCacheClient      : Fetching active blacklist from Rule Cache
2026-09-11T11:18:07.722+05:30  INFO 25444 --- [fraud-engine-service] [scheduling-1] c.s.f.f.client.BlacklistCacheClient      : Fetched 4 active blacklist entries from Rule Cache
2026-09-11T11:18:07.722+05:30  INFO 25444 --- [fraud-engine-service] [scheduling-1] c.s.f.f.cache.ActiveBlacklistCache       : Active blacklist cache refreshed entryCount=4
2026-09-11T11:18:08.241+05:30  INFO 25444 --- [fraud-engine-service] [scheduling-1] c.s.f.f.client.RuleCacheClient           : Fetching active rules from Rule Cache
2026-09-11T11:18:08.251+05:30  INFO 25444 --- [fraud-engine-service] [scheduling-1] c.s.f.f.client.RuleCacheClient           : Fetched 10 active rules from Rule Cache
2026-09-11T11:18:08.251+05:30  INFO 25444 --- [fraud-engine-service] [scheduling-1] c.s.f.fraudengine.cache.ActiveRuleCache  : Active rule cache refreshed ruleCount=10
2026-09-11T11:18:37.733+05:30  INFO 25444 --- [fraud-engine-service] [scheduling-1] c.s.f.f.client.BlacklistCacheClient      : Fetching active blacklist from Rule Cache
2026-09-11T11:18:37.745+05:30  INFO 25444 --- [fraud-engine-service] [scheduling-1] c.s.f.f.client.BlacklistCacheClient      : Fetched 4 active blacklist entries from Rule Cache
2026-09-11T11:18:37.745+05:30  INFO 25444 --- [fraud-engine-service] [scheduling-1] c.s.f.f.cache.ActiveBlacklistCache       : Active blacklist cache refreshed entryCount=4
2026-09-11T11:18:38.262+05:30  INFO 25444 --- [fraud-engine-service] [scheduling-1] c.s.f.f.client.RuleCacheClient           : Fetching active rules from Rule Cache
2026-09-11T11:18:38.273+05:30  INFO 25444 --- [fraud-engine-service] [scheduling-1] c.s.f.f.client.RuleCacheClient           : Fetched 10 active rules from Rule Cache
2026-09-11T11:18:38.273+05:30  INFO 25444 --- [fraud-engine-service] [scheduling-1] c.s.f.fraudengine.cache.ActiveRuleCache  : Active rule cache refreshed ruleCount=10
2026-09-11T11:19:07.747+05:30  INFO 25444 --- [fraud-engine-service] [scheduling-1] c.s.f.f.client.BlacklistCacheClient      : Fetching active blacklist from Rule Cache
2026-09-11T11:19:07.758+05:30  INFO 25444 --- [fraud-engine-service] [scheduling-1] c.s.f.f.client.BlacklistCacheClient      : Fetched 4 active blacklist entries from Rule Cache
2026-09-11T11:19:07.758+05:30  INFO 25444 --- [fraud-engine-service] [scheduling-1] c.s.f.f.cache.ActiveBlacklistCache       : Active blacklist cache refreshed entryCount=4
2026-09-11T11:19:08.275+05:30  INFO 25444 --- [fraud-engine-service] [scheduling-1] c.s.f.f.client.RuleCacheClient           : Fetching active rules from Rule Cache
2026-09-11T11:19:08.283+05:30  INFO 25444 --- [fraud-engine-service] [scheduling-1] c.s.f.f.client.RuleCacheClient           : Fetched 10 active rules from Rule Cache
2026-09-11T11:19:08.284+05:30  INFO 25444 --- [fraud-engine-service] [scheduling-1] c.s.f.fraudengine.cache.ActiveRuleCache  : Active rule cache refreshed ruleCount=10
2026-09-11T11:19:37.762+05:30  INFO 25444 --- [fraud-engine-service] [scheduling-1] c.s.f.f.client.BlacklistCacheClient      : Fetching active blacklist from Rule Cache
2026-09-11T11:19:37.773+05:30  INFO 25444 --- [fraud-engine-service] [scheduling-1] c.s.f.f.client.BlacklistCacheClient      : Fetched 4 active blacklist entries from Rule Cache
2026-09-11T11:19:37.773+05:30  INFO 25444 --- [fraud-engine-service] [scheduling-1] c.s.f.f.cache.ActiveBlacklistCache       : Active blacklist cache refreshed entryCount=4
2026-09-11T11:19:38.289+05:30  INFO 25444 --- [fraud-engine-service] [scheduling-1] c.s.f.f.client.RuleCacheClient           : Fetching active rules from Rule Cache
2026-09-11T11:19:38.298+05:30  INFO 25444 --- [fraud-engine-service] [scheduling-1] c.s.f.f.client.RuleCacheClient           : Fetched 10 active rules from Rule Cache
2026-09-11T11:19:38.299+05:30  INFO 25444 --- [fraud-engine-service] [scheduling-1] c.s.f.fraudengine.cache.ActiveRuleCache  : Active rule cache refreshed ruleCount=10
2026-09-11T11:20:07.782+05:30  INFO 25444 --- [fraud-engine-service] [scheduling-1] c.s.f.f.client.BlacklistCacheClient      : Fetching active blacklist from Rule Cache
2026-09-11T11:20:07.790+05:30  INFO 25444 --- [fraud-engine-service] [scheduling-1] c.s.f.f.client.BlacklistCacheClient      : Fetched 4 active blacklist entries from Rule Cache
2026-09-11T11:20:07.790+05:30  INFO 25444 --- [fraud-engine-service] [scheduling-1] c.s.f.f.cache.ActiveBlacklistCache       : Active blacklist cache refreshed entryCount=4
2026-09-11T11:20:08.301+05:30  INFO 25444 --- [fraud-engine-service] [scheduling-1] c.s.f.f.client.RuleCacheClient           : Fetching active rules from Rule Cache
2026-09-11T11:20:08.311+05:30  INFO 25444 --- [fraud-engine-service] [scheduling-1] c.s.f.f.client.RuleCacheClient           : Fetched 10 active rules from Rule Cache
2026-09-11T11:20:08.311+05:30  INFO 25444 --- [fraud-engine-service] [scheduling-1] c.s.f.fraudengine.cache.ActiveRuleCache  : Active rule cache refreshed ruleCount=10
2026-09-11T11:20:37.806+05:30  INFO 25444 --- [fraud-engine-service] [scheduling-1] c.s.f.f.client.BlacklistCacheClient      : Fetching active blacklist from Rule Cache
2026-09-11T11:20:37.821+05:30  INFO 25444 --- [fraud-engine-service] [scheduling-1] c.s.f.f.client.BlacklistCacheClient      : Fetched 4 active blacklist entries from Rule Cache
2026-09-11T11:20:37.821+05:30  INFO 25444 --- [fraud-engine-service] [scheduling-1] c.s.f.f.cache.ActiveBlacklistCache       : Active blacklist cache refreshed entryCount=4
2026-09-11T11:20:38.318+05:30  INFO 25444 --- [fraud-engine-service] [scheduling-1] c.s.f.f.client.RuleCacheClient           : Fetching active rules from Rule Cache
2026-09-11T11:20:38.341+05:30  INFO 25444 --- [fraud-engine-service] [scheduling-1] c.s.f.f.client.RuleCacheClient           : Fetched 10 active rules from Rule Cache
2026-09-11T11:20:38.341+05:30  INFO 25444 --- [fraud-engine-service] [scheduling-1] c.s.f.fraudengine.cache.ActiveRuleCache  : Active rule cache refreshed ruleCount=10
2026-09-11T11:21:07.823+05:30  INFO 25444 --- [fraud-engine-service] [scheduling-1] c.s.f.f.client.BlacklistCacheClient      : Fetching active blacklist from Rule Cache
2026-09-11T11:21:07.848+05:30  INFO 25444 --- [fraud-engine-service] [scheduling-1] c.s.f.f.client.BlacklistCacheClient      : Fetched 4 active blacklist entries from Rule Cache
2026-09-11T11:21:07.848+05:30  INFO 25444 --- [fraud-engine-service] [scheduling-1] c.s.f.f.cache.ActiveBlacklistCache       : Active blacklist cache refreshed entryCount=4
2026-09-11T11:21:08.356+05:30  INFO 25444 --- [fraud-engine-service] [scheduling-1] c.s.f.f.client.RuleCacheClient           : Fetching active rules from Rule Cache
2026-09-11T11:21:08.364+05:30  INFO 25444 --- [fraud-engine-service] [scheduling-1] c.s.f.f.client.RuleCacheClient           : Fetched 10 active rules from Rule Cache
2026-09-11T11:21:08.364+05:30  INFO 25444 --- [fraud-engine-service] [scheduling-1] c.s.f.fraudengine.cache.ActiveRuleCache  : Active rule cache refreshed ruleCount=10
2026-09-11T11:21:37.865+05:30  INFO 25444 --- [fraud-engine-service] [scheduling-1] c.s.f.f.client.BlacklistCacheClient      : Fetching active blacklist from Rule Cache
2026-09-11T11:21:37.886+05:30  INFO 25444 --- [fraud-engine-service] [scheduling-1] c.s.f.f.client.BlacklistCacheClient      : Fetched 4 active blacklist entries from Rule Cache
2026-09-11T11:21:37.886+05:30  INFO 25444 --- [fraud-engine-service] [scheduling-1] c.s.f.f.cache.ActiveBlacklistCache       : Active blacklist cache refreshed entryCount=4
2026-09-11T11:21:38.377+05:30  INFO 25444 --- [fraud-engine-service] [scheduling-1] c.s.f.f.client.RuleCacheClient           : Fetching active rules from Rule Cache
2026-09-11T11:21:38.385+05:30  INFO 25444 --- [fraud-engine-service] [scheduling-1] c.s.f.f.client.RuleCacheClient           : Fetched 10 active rules from Rule Cache
2026-09-11T11:21:38.385+05:30  INFO 25444 --- [fraud-engine-service] [scheduling-1] c.s.f.fraudengine.cache.ActiveRuleCache  : Active rule cache refreshed ruleCount=10
2026-09-11T11:22:07.897+05:30  INFO 25444 --- [fraud-engine-service] [scheduling-1] c.s.f.f.client.BlacklistCacheClient      : Fetching active blacklist from Rule Cache
2026-09-11T11:22:07.910+05:30  INFO 25444 --- [fraud-engine-service] [scheduling-1] c.s.f.f.client.BlacklistCacheClient      : Fetched 4 active blacklist entries from Rule Cache
2026-09-11T11:22:07.910+05:30  INFO 25444 --- [fraud-engine-service] [scheduling-1] c.s.f.f.cache.ActiveBlacklistCache       : Active blacklist cache refreshed entryCount=4
2026-09-11T11:22:08.396+05:30  INFO 25444 --- [fraud-engine-service] [scheduling-1] c.s.f.f.client.RuleCacheClient           : Fetching active rules from Rule Cache
2026-09-11T11:22:08.408+05:30  INFO 25444 --- [fraud-engine-service] [scheduling-1] c.s.f.f.client.RuleCacheClient           : Fetched 10 active rules from Rule Cache
2026-09-11T11:22:08.408+05:30  INFO 25444 --- [fraud-engine-service] [scheduling-1] c.s.f.fraudengine.cache.ActiveRuleCache  : Active rule cache refreshed ruleCount=10
2026-09-11T11:22:35.336+05:30  INFO 25444 --- [fraud-engine-service] [AsyncResolver-bootstrap-executor-%d] c.n.d.s.r.aws.ConfigClusterResolver      : Resolving eureka endpoints via configuration
2026-09-11T11:22:37.921+05:30  INFO 25444 --- [fraud-engine-service] [scheduling-1] c.s.f.f.client.BlacklistCacheClient      : Fetching active blacklist from Rule Cache
2026-09-11T11:22:37.956+05:30  INFO 25444 --- [fraud-engine-service] [scheduling-1] c.s.f.f.client.BlacklistCacheClient      : Fetched 4 active blacklist entries from Rule Cache
2026-09-11T11:22:37.956+05:30  INFO 25444 --- [fraud-engine-service] [scheduling-1] c.s.f.f.cache.ActiveBlacklistCache       : Active blacklist cache refreshed entryCount=4
2026-09-11T11:22:38.417+05:30  INFO 25444 --- [fraud-engine-service] [scheduling-1] c.s.f.f.client.RuleCacheClient           : Fetching active rules from Rule Cache
2026-09-11T11:22:38.442+05:30  INFO 25444 --- [fraud-engine-service] [scheduling-1] c.s.f.f.client.RuleCacheClient           : Fetched 10 active rules from Rule Cache
2026-09-11T11:22:38.443+05:30  INFO 25444 --- [fraud-engine-service] [scheduling-1] c.s.f.fraudengine.cache.ActiveRuleCache  : Active rule cache refreshed ruleCount=10
2026-09-11T11:23:07.966+05:30  INFO 25444 --- [fraud-engine-service] [scheduling-1] c.s.f.f.client.BlacklistCacheClient      : Fetching active blacklist from Rule Cache
2026-09-11T11:23:07.993+05:30  INFO 25444 --- [fraud-engine-service] [scheduling-1] c.s.f.f.client.BlacklistCacheClient      : Fetched 4 active blacklist entries from Rule Cache
2026-09-11T11:23:07.994+05:30  INFO 25444 --- [fraud-engine-service] [scheduling-1] c.s.f.f.cache.ActiveBlacklistCache       : Active blacklist cache refreshed entryCount=4
2026-09-11T11:23:08.446+05:30  INFO 25444 --- [fraud-engine-service] [scheduling-1] c.s.f.f.client.RuleCacheClient           : Fetching active rules from Rule Cache
2026-09-11T11:23:08.470+05:30  INFO 25444 --- [fraud-engine-service] [scheduling-1] c.s.f.f.client.RuleCacheClient           : Fetched 10 active rules from Rule Cache
2026-09-11T11:23:08.470+05:30  INFO 25444 --- [fraud-engine-service] [scheduling-1] c.s.f.fraudengine.cache.ActiveRuleCache  : Active rule cache refreshed ruleCount=10
2026-09-11T11:23:37.997+05:30  INFO 25444 --- [fraud-engine-service] [scheduling-1] c.s.f.f.client.BlacklistCacheClient      : Fetching active blacklist from Rule Cache
2026-09-11T11:23:38.006+05:30  INFO 25444 --- [fraud-engine-service] [scheduling-1] c.s.f.f.client.BlacklistCacheClient      : Fetched 4 active blacklist entries from Rule Cache
2026-09-11T11:23:38.009+05:30  INFO 25444 --- [fraud-engine-service] [scheduling-1] c.s.f.f.cache.ActiveBlacklistCache       : Active blacklist cache refreshed entryCount=4
2026-09-11T11:23:38.474+05:30  INFO 25444 --- [fraud-engine-service] [scheduling-1] c.s.f.f.client.RuleCacheClient           : Fetching active rules from Rule Cache
2026-09-11T11:23:38.485+05:30  INFO 25444 --- [fraud-engine-service] [scheduling-1] c.s.f.f.client.RuleCacheClient           : Fetched 10 active rules from Rule Cache
2026-09-11T11:23:38.485+05:30  INFO 25444 --- [fraud-engine-service] [scheduling-1] c.s.f.fraudengine.cache.ActiveRuleCache  : Active rule cache refreshed ruleCount=10
2026-09-11T11:24:08.017+05:30  INFO 25444 --- [fraud-engine-service] [scheduling-1] c.s.f.f.client.BlacklistCacheClient      : Fetching active blacklist from Rule Cache
2026-09-11T11:24:08.021+05:30  INFO 25444 --- [fraud-engine-service] [scheduling-1] c.s.f.f.client.BlacklistCacheClient      : Fetched 4 active blacklist entries from Rule Cache
2026-09-11T11:24:08.021+05:30  INFO 25444 --- [fraud-engine-service] [scheduling-1] c.s.f.f.cache.ActiveBlacklistCache       : Active blacklist cache refreshed entryCount=4
2026-09-11T11:24:08.487+05:30  INFO 25444 --- [fraud-engine-service] [scheduling-1] c.s.f.f.client.RuleCacheClient           : Fetching active rules from Rule Cache
2026-09-11T11:24:08.511+05:30  INFO 25444 --- [fraud-engine-service] [scheduling-1] c.s.f.f.client.RuleCacheClient           : Fetched 10 active rules from Rule Cache
2026-09-11T11:24:08.511+05:30  INFO 25444 --- [fraud-engine-service] [scheduling-1] c.s.f.fraudengine.cache.ActiveRuleCache  : Active rule cache refreshed ruleCount=10
2026-09-11T11:24:38.032+05:30  INFO 25444 --- [fraud-engine-service] [scheduling-1] c.s.f.f.client.BlacklistCacheClient      : Fetching active blacklist from Rule Cache
2026-09-11T11:24:38.055+05:30  INFO 25444 --- [fraud-engine-service] [scheduling-1] c.s.f.f.client.BlacklistCacheClient      : Fetched 4 active blacklist entries from Rule Cache
2026-09-11T11:24:38.059+05:30  INFO 25444 --- [fraud-engine-service] [scheduling-1] c.s.f.f.cache.ActiveBlacklistCache       : Active blacklist cache refreshed entryCount=4
2026-09-11T11:24:38.516+05:30  INFO 25444 --- [fraud-engine-service] [scheduling-1] c.s.f.f.client.RuleCacheClient           : Fetching active rules from Rule Cache
2026-09-11T11:24:38.538+05:30  INFO 25444 --- [fraud-engine-service] [scheduling-1] c.s.f.f.client.RuleCacheClient           : Fetched 10 active rules from Rule Cache
2026-09-11T11:24:38.538+05:30  INFO 25444 --- [fraud-engine-service] [scheduling-1] c.s.f.fraudengine.cache.ActiveRuleCache  : Active rule cache refreshed ruleCount=10
2026-09-11T11:25:08.062+05:30  INFO 25444 --- [fraud-engine-service] [scheduling-1] c.s.f.f.client.BlacklistCacheClient      : Fetching active blacklist from Rule Cache
2026-09-11T11:25:08.080+05:30  INFO 25444 --- [fraud-engine-service] [scheduling-1] c.s.f.f.client.BlacklistCacheClient      : Fetched 4 active blacklist entries from Rule Cache
2026-09-11T11:25:08.080+05:30  INFO 25444 --- [fraud-engine-service] [scheduling-1] c.s.f.f.cache.ActiveBlacklistCache       : Active blacklist cache refreshed entryCount=4
2026-09-11T11:25:08.544+05:30  INFO 25444 --- [fraud-engine-service] [scheduling-1] c.s.f.f.client.RuleCacheClient           : Fetching active rules from Rule Cache
2026-09-11T11:25:08.553+05:30  INFO 25444 --- [fraud-engine-service] [scheduling-1] c.s.f.f.client.RuleCacheClient           : Fetched 10 active rules from Rule Cache
2026-09-11T11:25:08.553+05:30  INFO 25444 --- [fraud-engine-service] [scheduling-1] c.s.f.fraudengine.cache.ActiveRuleCache  : Active rule cache refreshed ruleCount=10
2026-09-11T11:25:38.091+05:30  INFO 25444 --- [fraud-engine-service] [scheduling-1] c.s.f.f.client.BlacklistCacheClient      : Fetching active blacklist from Rule Cache
2026-09-11T11:25:38.100+05:30  INFO 25444 --- [fraud-engine-service] [scheduling-1] c.s.f.f.client.BlacklistCacheClient      : Fetched 4 active blacklist entries from Rule Cache
2026-09-11T11:25:38.100+05:30  INFO 25444 --- [fraud-engine-service] [scheduling-1] c.s.f.f.cache.ActiveBlacklistCache       : Active blacklist cache refreshed entryCount=4
2026-09-11T11:25:38.556+05:30  INFO 25444 --- [fraud-engine-service] [scheduling-1] c.s.f.f.client.RuleCacheClient           : Fetching active rules from Rule Cache
2026-09-11T11:25:38.568+05:30  INFO 25444 --- [fraud-engine-service] [scheduling-1] c.s.f.f.client.RuleCacheClient           : Fetched 10 active rules from Rule Cache
2026-09-11T11:25:38.568+05:30  INFO 25444 --- [fraud-engine-service] [scheduling-1] c.s.f.fraudengine.cache.ActiveRuleCache  : Active rule cache refreshed ruleCount=10
2026-09-11T11:26:08.111+05:30  INFO 25444 --- [fraud-engine-service] [scheduling-1] c.s.f.f.client.BlacklistCacheClient      : Fetching active blacklist from Rule Cache
2026-09-11T11:26:08.122+05:30  INFO 25444 --- [fraud-engine-service] [scheduling-1] c.s.f.f.client.BlacklistCacheClient      : Fetched 4 active blacklist entries from Rule Cache
2026-09-11T11:26:08.122+05:30  INFO 25444 --- [fraud-engine-service] [scheduling-1] c.s.f.f.cache.ActiveBlacklistCache       : Active blacklist cache refreshed entryCount=4
2026-09-11T11:26:08.580+05:30  INFO 25444 --- [fraud-engine-service] [scheduling-1] c.s.f.f.client.RuleCacheClient           : Fetching active rules from Rule Cache
2026-09-11T11:26:08.599+05:30  INFO 25444 --- [fraud-engine-service] [scheduling-1] c.s.f.f.client.RuleCacheClient           : Fetched 10 active rules from Rule Cache
2026-09-11T11:26:08.599+05:30  INFO 25444 --- [fraud-engine-service] [scheduling-1] c.s.f.fraudengine.cache.ActiveRuleCache  : Active rule cache refreshed ruleCount=10
2026-09-11T11:29:31.126+05:30  INFO 25444 --- [fraud-engine-service] [scheduling-1] c.s.f.f.client.BlacklistCacheClient      : Fetching active blacklist from Rule Cache
2026-09-11T11:29:31.153+05:30  INFO 25444 --- [fraud-engine-service] [scheduling-1] c.s.f.f.client.BlacklistCacheClient      : Fetched 4 active blacklist entries from Rule Cache
2026-09-11T11:29:31.153+05:30  INFO 25444 --- [fraud-engine-service] [scheduling-1] c.s.f.f.cache.ActiveBlacklistCache       : Active blacklist cache refreshed entryCount=4
2026-09-11T11:29:31.153+05:30  INFO 25444 --- [fraud-engine-service] [scheduling-1] c.s.f.f.client.RuleCacheClient           : Fetching active rules from Rule Cache
2026-09-11T11:29:31.205+05:30  INFO 25444 --- [fraud-engine-service] [scheduling-1] c.s.f.f.client.RuleCacheClient           : Fetched 10 active rules from Rule Cache
2026-09-11T11:29:31.205+05:30  INFO 25444 --- [fraud-engine-service] [scheduling-1] c.s.f.fraudengine.cache.ActiveRuleCache  : Active rule cache refreshed ruleCount=10
2026-09-11T11:30:01.165+05:30  INFO 25444 --- [fraud-engine-service] [scheduling-1] c.s.f.f.client.BlacklistCacheClient      : Fetching active blacklist from Rule Cache
2026-09-11T11:30:01.175+05:30  INFO 25444 --- [fraud-engine-service] [scheduling-1] c.s.f.f.client.BlacklistCacheClient      : Fetched 4 active blacklist entries from Rule Cache
2026-09-11T11:30:01.175+05:30  INFO 25444 --- [fraud-engine-service] [scheduling-1] c.s.f.f.cache.ActiveBlacklistCache       : Active blacklist cache refreshed entryCount=4
2026-09-11T11:30:01.222+05:30  INFO 25444 --- [fraud-engine-service] [scheduling-1] c.s.f.f.client.RuleCacheClient           : Fetching active rules from Rule Cache
2026-09-11T11:30:01.230+05:30  INFO 25444 --- [fraud-engine-service] [scheduling-1] c.s.f.f.client.RuleCacheClient           : Fetched 10 active rules from Rule Cache
2026-09-11T11:30:01.230+05:30  INFO 25444 --- [fraud-engine-service] [scheduling-1] c.s.f.fraudengine.cache.ActiveRuleCache  : Active rule cache refreshed ruleCount=10
2026-09-11T11:30:28.345+05:30  INFO 25444 --- [fraud-engine-service] [AsyncResolver-bootstrap-executor-%d] c.n.d.s.r.aws.ConfigClusterResolver      : Resolving eureka endpoints via configuration
2026-09-11T11:30:31.190+05:30  INFO 25444 --- [fraud-engine-service] [scheduling-1] c.s.f.f.client.BlacklistCacheClient      : Fetching active blacklist from Rule Cache
2026-09-11T11:30:31.203+05:30  INFO 25444 --- [fraud-engine-service] [scheduling-1] c.s.f.f.client.BlacklistCacheClient      : Fetched 4 active blacklist entries from Rule Cache
2026-09-11T11:30:31.203+05:30  INFO 25444 --- [fraud-engine-service] [scheduling-1] c.s.f.f.cache.ActiveBlacklistCache       : Active blacklist cache refreshed entryCount=4
2026-09-11T11:30:31.237+05:30  INFO 25444 --- [fraud-engine-service] [scheduling-1] c.s.f.f.client.RuleCacheClient           : Fetching active rules from Rule Cache
2026-09-11T11:30:31.248+05:30  INFO 25444 --- [fraud-engine-service] [scheduling-1] c.s.f.f.client.RuleCacheClient           : Fetched 10 active rules from Rule Cache
2026-09-11T11:30:31.249+05:30  INFO 25444 --- [fraud-engine-service] [scheduling-1] c.s.f.fraudengine.cache.ActiveRuleCache  : Active rule cache refreshed ruleCount=10
2026-09-11T11:31:01.214+05:30  INFO 25444 --- [fraud-engine-service] [scheduling-1] c.s.f.f.client.BlacklistCacheClient      : Fetching active blacklist from Rule Cache
2026-09-11T11:31:01.225+05:30  INFO 25444 --- [fraud-engine-service] [scheduling-1] c.s.f.f.client.BlacklistCacheClient      : Fetched 4 active blacklist entries from Rule Cache
2026-09-11T11:31:01.226+05:30  INFO 25444 --- [fraud-engine-service] [scheduling-1] c.s.f.f.cache.ActiveBlacklistCache       : Active blacklist cache refreshed entryCount=4
2026-09-11T11:31:01.262+05:30  INFO 25444 --- [fraud-engine-service] [scheduling-1] c.s.f.f.client.RuleCacheClient           : Fetching active rules from Rule Cache
2026-09-11T11:31:01.286+05:30  INFO 25444 --- [fraud-engine-service] [scheduling-1] c.s.f.f.client.RuleCacheClient           : Fetched 10 active rules from Rule Cache
2026-09-11T11:31:01.286+05:30  INFO 25444 --- [fraud-engine-service] [scheduling-1] c.s.f.fraudengine.cache.ActiveRuleCache  : Active rule cache refreshed ruleCount=10
2026-09-11T11:31:31.229+05:30  INFO 25444 --- [fraud-engine-service] [scheduling-1] c.s.f.f.client.BlacklistCacheClient      : Fetching active blacklist from Rule Cache
2026-09-11T11:31:31.241+05:30  INFO 25444 --- [fraud-engine-service] [scheduling-1] c.s.f.f.client.BlacklistCacheClient      : Fetched 4 active blacklist entries from Rule Cache
2026-09-11T11:31:31.241+05:30  INFO 25444 --- [fraud-engine-service] [scheduling-1] c.s.f.f.cache.ActiveBlacklistCache       : Active blacklist cache refreshed entryCount=4
2026-09-11T11:31:31.287+05:30  INFO 25444 --- [fraud-engine-service] [scheduling-1] c.s.f.f.client.RuleCacheClient           : Fetching active rules from Rule Cache
2026-09-11T11:31:31.296+05:30  INFO 25444 --- [fraud-engine-service] [scheduling-1] c.s.f.f.client.RuleCacheClient           : Fetched 10 active rules from Rule Cache
2026-09-11T11:31:31.296+05:30  INFO 25444 --- [fraud-engine-service] [scheduling-1] c.s.f.fraudengine.cache.ActiveRuleCache  : Active rule cache refreshed ruleCount=10
2026-09-11T11:32:01.253+05:30  INFO 25444 --- [fraud-engine-service] [scheduling-1] c.s.f.f.client.BlacklistCacheClient      : Fetching active blacklist from Rule Cache
2026-09-11T11:32:01.262+05:30  INFO 25444 --- [fraud-engine-service] [scheduling-1] c.s.f.f.client.BlacklistCacheClient      : Fetched 4 active blacklist entries from Rule Cache
2026-09-11T11:32:01.262+05:30  INFO 25444 --- [fraud-engine-service] [scheduling-1] c.s.f.f.cache.ActiveBlacklistCache       : Active blacklist cache refreshed entryCount=4
2026-09-11T11:32:01.302+05:30  INFO 25444 --- [fraud-engine-service] [scheduling-1] c.s.f.f.client.RuleCacheClient           : Fetching active rules from Rule Cache
2026-09-11T11:32:01.326+05:30  INFO 25444 --- [fraud-engine-service] [scheduling-1] c.s.f.f.client.RuleCacheClient           : Fetched 10 active rules from Rule Cache
2026-09-11T11:32:01.326+05:30  INFO 25444 --- [fraud-engine-service] [scheduling-1] c.s.f.fraudengine.cache.ActiveRuleCache  : Active rule cache refreshed ruleCount=10
2026-09-11T11:32:31.268+05:30  INFO 25444 --- [fraud-engine-service] [scheduling-1] c.s.f.f.client.BlacklistCacheClient      : Fetching active blacklist from Rule Cache
2026-09-11T11:32:31.277+05:30  INFO 25444 --- [fraud-engine-service] [scheduling-1] c.s.f.f.client.BlacklistCacheClient      : Fetched 4 active blacklist entries from Rule Cache
2026-09-11T11:32:31.277+05:30  INFO 25444 --- [fraud-engine-service] [scheduling-1] c.s.f.f.cache.ActiveBlacklistCache       : Active blacklist cache refreshed entryCount=4
2026-09-11T11:32:31.332+05:30  INFO 25444 --- [fraud-engine-service] [scheduling-1] c.s.f.f.client.RuleCacheClient           : Fetching active rules from Rule Cache
2026-09-11T11:32:31.341+05:30  INFO 25444 --- [fraud-engine-service] [scheduling-1] c.s.f.f.client.RuleCacheClient           : Fetched 10 active rules from Rule Cache
2026-09-11T11:32:31.341+05:30  INFO 25444 --- [fraud-engine-service] [scheduling-1] c.s.f.fraudengine.cache.ActiveRuleCache  : Active rule cache refreshed ruleCount=10
2026-09-11T11:33:01.291+05:30  INFO 25444 --- [fraud-engine-service] [scheduling-1] c.s.f.f.client.BlacklistCacheClient      : Fetching active blacklist from Rule Cache
2026-09-11T11:33:01.303+05:30  INFO 25444 --- [fraud-engine-service] [scheduling-1] c.s.f.f.client.BlacklistCacheClient      : Fetched 4 active blacklist entries from Rule Cache
2026-09-11T11:33:01.303+05:30  INFO 25444 --- [fraud-engine-service] [scheduling-1] c.s.f.f.cache.ActiveBlacklistCache       : Active blacklist cache refreshed entryCount=4
2026-09-11T11:33:01.345+05:30  INFO 25444 --- [fraud-engine-service] [scheduling-1] c.s.f.f.client.RuleCacheClient           : Fetching active rules from Rule Cache
2026-09-11T11:33:01.352+05:30  INFO 25444 --- [fraud-engine-service] [scheduling-1] c.s.f.f.client.RuleCacheClient           : Fetched 10 active rules from Rule Cache
2026-09-11T11:33:01.352+05:30  INFO 25444 --- [fraud-engine-service] [scheduling-1] c.s.f.fraudengine.cache.ActiveRuleCache  : Active rule cache refreshed ruleCount=10
2026-09-11T11:33:31.313+05:30  INFO 25444 --- [fraud-engine-service] [scheduling-1] c.s.f.f.client.BlacklistCacheClient      : Fetching active blacklist from Rule Cache
2026-09-11T11:33:31.321+05:30  INFO 25444 --- [fraud-engine-service] [scheduling-1] c.s.f.f.client.BlacklistCacheClient      : Fetched 4 active blacklist entries from Rule Cache
2026-09-11T11:33:31.321+05:30  INFO 25444 --- [fraud-engine-service] [scheduling-1] c.s.f.f.cache.ActiveBlacklistCache       : Active blacklist cache refreshed entryCount=4
2026-09-11T11:33:31.355+05:30  INFO 25444 --- [fraud-engine-service] [scheduling-1] c.s.f.f.client.RuleCacheClient           : Fetching active rules from Rule Cache
2026-09-11T11:33:31.367+05:30  INFO 25444 --- [fraud-engine-service] [scheduling-1] c.s.f.f.client.RuleCacheClient           : Fetched 10 active rules from Rule Cache
2026-09-11T11:33:31.367+05:30  INFO 25444 --- [fraud-engine-service] [scheduling-1] c.s.f.fraudengine.cache.ActiveRuleCache  : Active rule cache refreshed ruleCount=10
2026-09-11T11:34:01.332+05:30  INFO 25444 --- [fraud-engine-service] [scheduling-1] c.s.f.f.client.BlacklistCacheClient      : Fetching active blacklist from Rule Cache
2026-09-11T11:34:01.357+05:30  INFO 25444 --- [fraud-engine-service] [scheduling-1] c.s.f.f.client.BlacklistCacheClient      : Fetched 4 active blacklist entries from Rule Cache
2026-09-11T11:34:01.357+05:30  INFO 25444 --- [fraud-engine-service] [scheduling-1] c.s.f.f.cache.ActiveBlacklistCache       : Active blacklist cache refreshed entryCount=4
2026-09-11T11:34:01.369+05:30  INFO 25444 --- [fraud-engine-service] [scheduling-1] c.s.f.f.client.RuleCacheClient           : Fetching active rules from Rule Cache
2026-09-11T11:34:01.375+05:30  INFO 25444 --- [fraud-engine-service] [scheduling-1] c.s.f.f.client.RuleCacheClient           : Fetched 10 active rules from Rule Cache
2026-09-11T11:34:01.375+05:30  INFO 25444 --- [fraud-engine-service] [scheduling-1] c.s.f.fraudengine.cache.ActiveRuleCache  : Active rule cache refreshed ruleCount=10
2026-09-11T11:34:31.373+05:30  INFO 25444 --- [fraud-engine-service] [scheduling-1] c.s.f.f.client.BlacklistCacheClient      : Fetching active blacklist from Rule Cache
2026-09-11T11:34:31.399+05:30  INFO 25444 --- [fraud-engine-service] [scheduling-1] c.s.f.f.client.BlacklistCacheClient      : Fetched 4 active blacklist entries from Rule Cache
2026-09-11T11:34:31.399+05:30  INFO 25444 --- [fraud-engine-service] [scheduling-1] c.s.f.f.cache.ActiveBlacklistCache       : Active blacklist cache refreshed entryCount=4
2026-09-11T11:34:31.399+05:30  INFO 25444 --- [fraud-engine-service] [scheduling-1] c.s.f.f.client.RuleCacheClient           : Fetching active rules from Rule Cache
2026-09-11T11:34:31.410+05:30  INFO 25444 --- [fraud-engine-service] [scheduling-1] c.s.f.f.client.RuleCacheClient           : Fetched 10 active rules from Rule Cache
2026-09-11T11:34:31.411+05:30  INFO 25444 --- [fraud-engine-service] [scheduling-1] c.s.f.fraudengine.cache.ActiveRuleCache  : Active rule cache refreshed ruleCount=10
2026-09-11T11:35:01.426+05:30  INFO 25444 --- [fraud-engine-service] [scheduling-1] c.s.f.f.client.BlacklistCacheClient      : Fetching active blacklist from Rule Cache
2026-09-11T11:35:01.434+05:30  INFO 25444 --- [fraud-engine-service] [scheduling-1] c.s.f.f.client.BlacklistCacheClient      : Fetched 4 active blacklist entries from Rule Cache
2026-09-11T11:35:01.434+05:30  INFO 25444 --- [fraud-engine-service] [scheduling-1] c.s.f.f.cache.ActiveBlacklistCache       : Active blacklist cache refreshed entryCount=4
2026-09-11T11:35:01.436+05:30  INFO 25444 --- [fraud-engine-service] [scheduling-1] c.s.f.f.client.RuleCacheClient           : Fetching active rules from Rule Cache
2026-09-11T11:35:01.442+05:30  INFO 25444 --- [fraud-engine-service] [scheduling-1] c.s.f.f.client.RuleCacheClient           : Fetched 10 active rules from Rule Cache
2026-09-11T11:35:01.442+05:30  INFO 25444 --- [fraud-engine-service] [scheduling-1] c.s.f.fraudengine.cache.ActiveRuleCache  : Active rule cache refreshed ruleCount=10
2026-09-11T11:35:28.353+05:30  INFO 25444 --- [fraud-engine-service] [AsyncResolver-bootstrap-executor-%d] c.n.d.s.r.aws.ConfigClusterResolver      : Resolving eureka endpoints via configuration
2026-09-11T11:35:31.439+05:30  INFO 25444 --- [fraud-engine-service] [scheduling-1] c.s.f.f.client.BlacklistCacheClient      : Fetching active blacklist from Rule Cache
2026-09-11T11:35:31.453+05:30  INFO 25444 --- [fraud-engine-service] [scheduling-1] c.s.f.f.client.BlacklistCacheClient      : Fetched 4 active blacklist entries from Rule Cache
2026-09-11T11:35:31.453+05:30  INFO 25444 --- [fraud-engine-service] [scheduling-1] c.s.f.f.cache.ActiveBlacklistCache       : Active blacklist cache refreshed entryCount=4
2026-09-11T11:35:31.453+05:30  INFO 25444 --- [fraud-engine-service] [scheduling-1] c.s.f.f.client.RuleCacheClient           : Fetching active rules from Rule Cache
2026-09-11T11:35:31.466+05:30  INFO 25444 --- [fraud-engine-service] [scheduling-1] c.s.f.f.client.RuleCacheClient           : Fetched 10 active rules from Rule Cache
2026-09-11T11:35:31.466+05:30  INFO 25444 --- [fraud-engine-service] [scheduling-1] c.s.f.fraudengine.cache.ActiveRuleCache  : Active rule cache refreshed ruleCount=10
2026-09-11T11:36:01.458+05:30  INFO 25444 --- [fraud-engine-service] [scheduling-1] c.s.f.f.client.BlacklistCacheClient      : Fetching active blacklist from Rule Cache
2026-09-11T11:36:01.468+05:30  INFO 25444 --- [fraud-engine-service] [scheduling-1] c.s.f.f.client.BlacklistCacheClient      : Fetched 4 active blacklist entries from Rule Cache
2026-09-11T11:36:01.468+05:30  INFO 25444 --- [fraud-engine-service] [scheduling-1] c.s.f.f.cache.ActiveBlacklistCache       : Active blacklist cache refreshed entryCount=4
2026-09-11T11:36:01.468+05:30  INFO 25444 --- [fraud-engine-service] [scheduling-1] c.s.f.f.client.RuleCacheClient           : Fetching active rules from Rule Cache
2026-09-11T11:36:01.485+05:30  INFO 25444 --- [fraud-engine-service] [scheduling-1] c.s.f.f.client.RuleCacheClient           : Fetched 10 active rules from Rule Cache
2026-09-11T11:36:01.485+05:30  INFO 25444 --- [fraud-engine-service] [scheduling-1] c.s.f.fraudengine.cache.ActiveRuleCache  : Active rule cache refreshed ruleCount=10
2026-09-11T11:36:31.485+05:30  INFO 25444 --- [fraud-engine-service] [scheduling-1] c.s.f.f.client.BlacklistCacheClient      : Fetching active blacklist from Rule Cache
2026-09-11T11:36:31.511+05:30  INFO 25444 --- [fraud-engine-service] [scheduling-1] c.s.f.f.client.BlacklistCacheClient      : Fetched 4 active blacklist entries from Rule Cache
2026-09-11T11:36:31.511+05:30  INFO 25444 --- [fraud-engine-service] [scheduling-1] c.s.f.f.cache.ActiveBlacklistCache       : Active blacklist cache refreshed entryCount=4
2026-09-11T11:36:31.511+05:30  INFO 25444 --- [fraud-engine-service] [scheduling-1] c.s.f.f.client.RuleCacheClient           : Fetching active rules from Rule Cache
2026-09-11T11:36:31.525+05:30  INFO 25444 --- [fraud-engine-service] [scheduling-1] c.s.f.f.client.RuleCacheClient           : Fetched 10 active rules from Rule Cache
2026-09-11T11:36:31.525+05:30  INFO 25444 --- [fraud-engine-service] [scheduling-1] c.s.f.fraudengine.cache.ActiveRuleCache  : Active rule cache refreshed ruleCount=10
2026-09-11T11:37:01.516+05:30  INFO 25444 --- [fraud-engine-service] [scheduling-1] c.s.f.f.client.BlacklistCacheClient      : Fetching active blacklist from Rule Cache
2026-09-11T11:37:01.530+05:30  INFO 25444 --- [fraud-engine-service] [scheduling-1] c.s.f.f.client.BlacklistCacheClient      : Fetched 4 active blacklist entries from Rule Cache
2026-09-11T11:37:01.530+05:30  INFO 25444 --- [fraud-engine-service] [scheduling-1] c.s.f.f.cache.ActiveBlacklistCache       : Active blacklist cache refreshed entryCount=4
2026-09-11T11:37:01.530+05:30  INFO 25444 --- [fraud-engine-service] [scheduling-1] c.s.f.f.client.RuleCacheClient           : Fetching active rules from Rule Cache
2026-09-11T11:37:01.544+05:30  INFO 25444 --- [fraud-engine-service] [scheduling-1] c.s.f.f.client.RuleCacheClient           : Fetched 10 active rules from Rule Cache
2026-09-11T11:37:01.544+05:30  INFO 25444 --- [fraud-engine-service] [scheduling-1] c.s.f.fraudengine.cache.ActiveRuleCache  : Active rule cache refreshed ruleCount=10
2026-09-11T11:37:31.540+05:30  INFO 25444 --- [fraud-engine-service] [scheduling-1] c.s.f.f.client.BlacklistCacheClient      : Fetching active blacklist from Rule Cache
2026-09-11T11:37:31.555+05:30  INFO 25444 --- [fraud-engine-service] [scheduling-1] c.s.f.f.client.BlacklistCacheClient      : Fetched 4 active blacklist entries from Rule Cache
2026-09-11T11:37:31.555+05:30  INFO 25444 --- [fraud-engine-service] [scheduling-1] c.s.f.f.cache.ActiveBlacklistCache       : Active blacklist cache refreshed entryCount=4
2026-09-11T11:37:31.555+05:30  INFO 25444 --- [fraud-engine-service] [scheduling-1] c.s.f.f.client.RuleCacheClient           : Fetching active rules from Rule Cache
2026-09-11T11:37:31.563+05:30  INFO 25444 --- [fraud-engine-service] [scheduling-1] c.s.f.f.client.RuleCacheClient           : Fetched 10 active rules from Rule Cache
2026-09-11T11:37:31.563+05:30  INFO 25444 --- [fraud-engine-service] [scheduling-1] c.s.f.fraudengine.cache.ActiveRuleCache  : Active rule cache refreshed ruleCount=10
2026-09-11T11:38:01.574+05:30  INFO 25444 --- [fraud-engine-service] [scheduling-1] c.s.f.f.client.BlacklistCacheClient      : Fetching active blacklist from Rule Cache
2026-09-11T11:38:01.595+05:30  INFO 25444 --- [fraud-engine-service] [scheduling-1] c.s.f.f.client.BlacklistCacheClient      : Fetched 4 active blacklist entries from Rule Cache
2026-09-11T11:38:01.595+05:30  INFO 25444 --- [fraud-engine-service] [scheduling-1] c.s.f.f.cache.ActiveBlacklistCache       : Active blacklist cache refreshed entryCount=4
2026-09-11T11:38:01.598+05:30  INFO 25444 --- [fraud-engine-service] [scheduling-1] c.s.f.f.client.RuleCacheClient           : Fetching active rules from Rule Cache
2026-09-11T11:38:01.606+05:30  INFO 25444 --- [fraud-engine-service] [scheduling-1] c.s.f.f.client.RuleCacheClient           : Fetched 10 active rules from Rule Cache
2026-09-11T11:38:01.606+05:30  INFO 25444 --- [fraud-engine-service] [scheduling-1] c.s.f.fraudengine.cache.ActiveRuleCache  : Active rule cache refreshed ruleCount=10
2026-09-11T11:38:31.602+05:30  INFO 25444 --- [fraud-engine-service] [scheduling-1] c.s.f.f.client.BlacklistCacheClient      : Fetching active blacklist from Rule Cache
2026-09-11T11:38:31.612+05:30  INFO 25444 --- [fraud-engine-service] [scheduling-1] c.s.f.f.client.BlacklistCacheClient      : Fetched 4 active blacklist entries from Rule Cache
2026-09-11T11:38:31.612+05:30  INFO 25444 --- [fraud-engine-service] [scheduling-1] c.s.f.f.cache.ActiveBlacklistCache       : Active blacklist cache refreshed entryCount=4
2026-09-11T11:38:31.614+05:30  INFO 25444 --- [fraud-engine-service] [scheduling-1] c.s.f.f.client.RuleCacheClient           : Fetching active rules from Rule Cache
2026-09-11T11:38:31.637+05:30  INFO 25444 --- [fraud-engine-service] [scheduling-1] c.s.f.f.client.RuleCacheClient           : Fetched 10 active rules from Rule Cache
2026-09-11T11:38:31.640+05:30  INFO 25444 --- [fraud-engine-service] [scheduling-1] c.s.f.fraudengine.cache.ActiveRuleCache  : Active rule cache refreshed ruleCount=10
2026-09-11T11:39:01.618+05:30  INFO 25444 --- [fraud-engine-service] [scheduling-1] c.s.f.f.client.BlacklistCacheClient      : Fetching active blacklist from Rule Cache
2026-09-11T11:39:01.624+05:30  INFO 25444 --- [fraud-engine-service] [scheduling-1] c.s.f.f.client.BlacklistCacheClient      : Fetched 4 active blacklist entries from Rule Cache
2026-09-11T11:39:01.624+05:30  INFO 25444 --- [fraud-engine-service] [scheduling-1] c.s.f.f.cache.ActiveBlacklistCache       : Active blacklist cache refreshed entryCount=4
2026-09-11T11:39:01.642+05:30  INFO 25444 --- [fraud-engine-service] [scheduling-1] c.s.f.f.client.RuleCacheClient           : Fetching active rules from Rule Cache
2026-09-11T11:39:01.665+05:30  INFO 25444 --- [fraud-engine-service] [scheduling-1] c.s.f.f.client.RuleCacheClient           : Fetched 10 active rules from Rule Cache
2026-09-11T11:39:01.665+05:30  INFO 25444 --- [fraud-engine-service] [scheduling-1] c.s.f.fraudengine.cache.ActiveRuleCache  : Active rule cache refreshed ruleCount=10
2026-09-11T11:39:31.642+05:30  INFO 25444 --- [fraud-engine-service] [scheduling-1] c.s.f.f.client.BlacklistCacheClient      : Fetching active blacklist from Rule Cache
2026-09-11T11:39:31.665+05:30  INFO 25444 --- [fraud-engine-service] [scheduling-1] c.s.f.f.client.BlacklistCacheClient      : Fetched 4 active blacklist entries from Rule Cache
2026-09-11T11:39:31.665+05:30  INFO 25444 --- [fraud-engine-service] [scheduling-1] c.s.f.f.cache.ActiveBlacklistCache       : Active blacklist cache refreshed entryCount=4
2026-09-11T11:39:31.674+05:30  INFO 25444 --- [fraud-engine-service] [scheduling-1] c.s.f.f.client.RuleCacheClient           : Fetching active rules from Rule Cache
2026-09-11T11:39:31.687+05:30  INFO 25444 --- [fraud-engine-service] [scheduling-1] c.s.f.f.client.RuleCacheClient           : Fetched 10 active rules from Rule Cache
2026-09-11T11:39:31.687+05:30  INFO 25444 --- [fraud-engine-service] [scheduling-1] c.s.f.fraudengine.cache.ActiveRuleCache  : Active rule cache refreshed ruleCount=10
2026-09-11T11:40:01.681+05:30  INFO 25444 --- [fraud-engine-service] [scheduling-1] c.s.f.f.client.BlacklistCacheClient      : Fetching active blacklist from Rule Cache
2026-09-11T11:40:01.699+05:30  INFO 25444 --- [fraud-engine-service] [scheduling-1] c.s.f.f.client.BlacklistCacheClient      : Fetched 4 active blacklist entries from Rule Cache
2026-09-11T11:40:01.699+05:30  INFO 25444 --- [fraud-engine-service] [scheduling-1] c.s.f.f.cache.ActiveBlacklistCache       : Active blacklist cache refreshed entryCount=4
2026-09-11T11:40:01.699+05:30  INFO 25444 --- [fraud-engine-service] [scheduling-1] c.s.f.f.client.RuleCacheClient           : Fetching active rules from Rule Cache
2026-09-11T11:40:01.715+05:30  INFO 25444 --- [fraud-engine-service] [scheduling-1] c.s.f.f.client.RuleCacheClient           : Fetched 10 active rules from Rule Cache
2026-09-11T11:40:01.715+05:30  INFO 25444 --- [fraud-engine-service] [scheduling-1] c.s.f.fraudengine.cache.ActiveRuleCache  : Active rule cache refreshed ruleCount=10
2026-09-11T11:40:28.357+05:30  INFO 25444 --- [fraud-engine-service] [AsyncResolver-bootstrap-executor-%d] c.n.d.s.r.aws.ConfigClusterResolver      : Resolving eureka endpoints via configuration
2026-09-11T11:40:31.713+05:30  INFO 25444 --- [fraud-engine-service] [scheduling-1] c.s.f.f.client.BlacklistCacheClient      : Fetching active blacklist from Rule Cache
2026-09-11T11:40:31.726+05:30  INFO 25444 --- [fraud-engine-service] [scheduling-1] c.s.f.f.client.BlacklistCacheClient      : Fetched 4 active blacklist entries from Rule Cache
2026-09-11T11:40:31.726+05:30  INFO 25444 --- [fraud-engine-service] [scheduling-1] c.s.f.f.cache.ActiveBlacklistCache       : Active blacklist cache refreshed entryCount=4
2026-09-11T11:40:31.726+05:30  INFO 25444 --- [fraud-engine-service] [scheduling-1] c.s.f.f.client.RuleCacheClient           : Fetching active rules from Rule Cache
2026-09-11T11:40:31.736+05:30  INFO 25444 --- [fraud-engine-service] [scheduling-1] c.s.f.f.client.RuleCacheClient           : Fetched 10 active rules from Rule Cache
2026-09-11T11:40:31.741+05:30  INFO 25444 --- [fraud-engine-service] [scheduling-1] c.s.f.fraudengine.cache.ActiveRuleCache  : Active rule cache refreshed ruleCount=10
2026-09-11T11:41:01.740+05:30  INFO 25444 --- [fraud-engine-service] [scheduling-1] c.s.f.f.client.BlacklistCacheClient      : Fetching active blacklist from Rule Cache
2026-09-11T11:41:01.764+05:30  INFO 25444 --- [fraud-engine-service] [scheduling-1] c.s.f.f.client.BlacklistCacheClient      : Fetched 4 active blacklist entries from Rule Cache
2026-09-11T11:41:01.764+05:30  INFO 25444 --- [fraud-engine-service] [scheduling-1] c.s.f.f.cache.ActiveBlacklistCache       : Active blacklist cache refreshed entryCount=4
2026-09-11T11:41:01.764+05:30  INFO 25444 --- [fraud-engine-service] [scheduling-1] c.s.f.f.client.RuleCacheClient           : Fetching active rules from Rule Cache
2026-09-11T11:41:01.775+05:30  INFO 25444 --- [fraud-engine-service] [scheduling-1] c.s.f.f.client.RuleCacheClient           : Fetched 10 active rules from Rule Cache
2026-09-11T11:41:01.776+05:30  INFO 25444 --- [fraud-engine-service] [scheduling-1] c.s.f.fraudengine.cache.ActiveRuleCache  : Active rule cache refreshed ruleCount=10
2026-09-11T11:41:31.768+05:30  INFO 25444 --- [fraud-engine-service] [scheduling-1] c.s.f.f.client.BlacklistCacheClient      : Fetching active blacklist from Rule Cache
2026-09-11T11:41:31.795+05:30  INFO 25444 --- [fraud-engine-service] [scheduling-1] c.s.f.f.client.BlacklistCacheClient      : Fetched 4 active blacklist entries from Rule Cache
2026-09-11T11:41:31.795+05:30  INFO 25444 --- [fraud-engine-service] [scheduling-1] c.s.f.f.cache.ActiveBlacklistCache       : Active blacklist cache refreshed entryCount=4
2026-09-11T11:41:31.795+05:30  INFO 25444 --- [fraud-engine-service] [scheduling-1] c.s.f.f.client.RuleCacheClient           : Fetching active rules from Rule Cache
2026-09-11T11:41:31.800+05:30  INFO 25444 --- [fraud-engine-service] [scheduling-1] c.s.f.f.client.RuleCacheClient           : Fetched 10 active rules from Rule Cache
2026-09-11T11:41:31.800+05:30  INFO 25444 --- [fraud-engine-service] [scheduling-1] c.s.f.fraudengine.cache.ActiveRuleCache  : Active rule cache refreshed ruleCount=10
2026-09-11T11:42:01.806+05:30  INFO 25444 --- [fraud-engine-service] [scheduling-1] c.s.f.f.client.BlacklistCacheClient      : Fetching active blacklist from Rule Cache
2026-09-11T11:42:01.817+05:30  INFO 25444 --- [fraud-engine-service] [scheduling-1] c.s.f.f.client.BlacklistCacheClient      : Fetched 4 active blacklist entries from Rule Cache
2026-09-11T11:42:01.818+05:30  INFO 25444 --- [fraud-engine-service] [scheduling-1] c.s.f.f.cache.ActiveBlacklistCache       : Active blacklist cache refreshed entryCount=4
2026-09-11T11:42:01.818+05:30  INFO 25444 --- [fraud-engine-service] [scheduling-1] c.s.f.f.client.RuleCacheClient           : Fetching active rules from Rule Cache
2026-09-11T11:42:01.826+05:30  INFO 25444 --- [fraud-engine-service] [scheduling-1] c.s.f.f.client.RuleCacheClient           : Fetched 10 active rules from Rule Cache
2026-09-11T11:42:01.826+05:30  INFO 25444 --- [fraud-engine-service] [scheduling-1] c.s.f.fraudengine.cache.ActiveRuleCache  : Active rule cache refreshed ruleCount=10
2026-09-11T11:42:31.823+05:30  INFO 25444 --- [fraud-engine-service] [scheduling-1] c.s.f.f.client.BlacklistCacheClient      : Fetching active blacklist from Rule Cache
2026-09-11T11:42:31.835+05:30  INFO 25444 --- [fraud-engine-service] [scheduling-1] c.s.f.f.client.BlacklistCacheClient      : Fetched 4 active blacklist entries from Rule Cache
2026-09-11T11:42:31.835+05:30  INFO 25444 --- [fraud-engine-service] [scheduling-1] c.s.f.f.cache.ActiveBlacklistCache       : Active blacklist cache refreshed entryCount=4
2026-09-11T11:42:31.835+05:30  INFO 25444 --- [fraud-engine-service] [scheduling-1] c.s.f.f.client.RuleCacheClient           : Fetching active rules from Rule Cache
2026-09-11T11:42:31.841+05:30  INFO 25444 --- [fraud-engine-service] [scheduling-1] c.s.f.f.client.RuleCacheClient           : Fetched 10 active rules from Rule Cache
2026-09-11T11:42:31.841+05:30  INFO 25444 --- [fraud-engine-service] [scheduling-1] c.s.f.fraudengine.cache.ActiveRuleCache  : Active rule cache refreshed ruleCount=10
2026-09-11T11:43:01.845+05:30  INFO 25444 --- [fraud-engine-service] [scheduling-1] c.s.f.f.client.BlacklistCacheClient      : Fetching active blacklist from Rule Cache
2026-09-11T11:43:01.856+05:30  INFO 25444 --- [fraud-engine-service] [scheduling-1] c.s.f.f.client.BlacklistCacheClient      : Fetched 4 active blacklist entries from Rule Cache
2026-09-11T11:43:01.857+05:30  INFO 25444 --- [fraud-engine-service] [scheduling-1] c.s.f.f.cache.ActiveBlacklistCache       : Active blacklist cache refreshed entryCount=4
2026-09-11T11:43:01.858+05:30  INFO 25444 --- [fraud-engine-service] [scheduling-1] c.s.f.f.client.RuleCacheClient           : Fetching active rules from Rule Cache
2026-09-11T11:43:01.866+05:30  INFO 25444 --- [fraud-engine-service] [scheduling-1] c.s.f.f.client.RuleCacheClient           : Fetched 10 active rules from Rule Cache
2026-09-11T11:43:01.866+05:30  INFO 25444 --- [fraud-engine-service] [scheduling-1] c.s.f.fraudengine.cache.ActiveRuleCache  : Active rule cache refreshed ruleCount=10
2026-09-11T11:43:31.860+05:30  INFO 25444 --- [fraud-engine-service] [scheduling-1] c.s.f.f.client.BlacklistCacheClient      : Fetching active blacklist from Rule Cache
2026-09-11T11:43:31.872+05:30  INFO 25444 --- [fraud-engine-service] [scheduling-1] c.s.f.f.client.BlacklistCacheClient      : Fetched 4 active blacklist entries from Rule Cache
2026-09-11T11:43:31.872+05:30  INFO 25444 --- [fraud-engine-service] [scheduling-1] c.s.f.f.cache.ActiveBlacklistCache       : Active blacklist cache refreshed entryCount=4
2026-09-11T11:43:31.873+05:30  INFO 25444 --- [fraud-engine-service] [scheduling-1] c.s.f.f.client.RuleCacheClient           : Fetching active rules from Rule Cache
2026-09-11T11:43:31.881+05:30  INFO 25444 --- [fraud-engine-service] [scheduling-1] c.s.f.f.client.RuleCacheClient           : Fetched 10 active rules from Rule Cache
2026-09-11T11:43:31.881+05:30  INFO 25444 --- [fraud-engine-service] [scheduling-1] c.s.f.fraudengine.cache.ActiveRuleCache  : Active rule cache refreshed ruleCount=10
2026-09-11T11:44:01.875+05:30  INFO 25444 --- [fraud-engine-service] [scheduling-1] c.s.f.f.client.BlacklistCacheClient      : Fetching active blacklist from Rule Cache
2026-09-11T11:44:01.890+05:30  INFO 25444 --- [fraud-engine-service] [scheduling-1] c.s.f.f.client.BlacklistCacheClient      : Fetched 4 active blacklist entries from Rule Cache
2026-09-11T11:44:01.890+05:30  INFO 25444 --- [fraud-engine-service] [scheduling-1] c.s.f.f.cache.ActiveBlacklistCache       : Active blacklist cache refreshed entryCount=4
2026-09-11T11:44:01.890+05:30  INFO 25444 --- [fraud-engine-service] [scheduling-1] c.s.f.f.client.RuleCacheClient           : Fetching active rules from Rule Cache
2026-09-11T11:44:01.898+05:30  INFO 25444 --- [fraud-engine-service] [scheduling-1] c.s.f.f.client.RuleCacheClient           : Fetched 10 active rules from Rule Cache
2026-09-11T11:44:01.898+05:30  INFO 25444 --- [fraud-engine-service] [scheduling-1] c.s.f.fraudengine.cache.ActiveRuleCache  : Active rule cache refreshed ruleCount=10
2026-09-11T11:44:31.903+05:30  INFO 25444 --- [fraud-engine-service] [scheduling-1] c.s.f.f.client.BlacklistCacheClient      : Fetching active blacklist from Rule Cache
2026-09-11T11:44:31.916+05:30  INFO 25444 --- [fraud-engine-service] [scheduling-1] c.s.f.f.client.BlacklistCacheClient      : Fetched 4 active blacklist entries from Rule Cache
2026-09-11T11:44:31.918+05:30  INFO 25444 --- [fraud-engine-service] [scheduling-1] c.s.f.f.cache.ActiveBlacklistCache       : Active blacklist cache refreshed entryCount=4
2026-09-11T11:44:31.918+05:30  INFO 25444 --- [fraud-engine-service] [scheduling-1] c.s.f.f.client.RuleCacheClient           : Fetching active rules from Rule Cache
2026-09-11T11:44:31.958+05:30  INFO 25444 --- [fraud-engine-service] [scheduling-1] c.s.f.f.client.RuleCacheClient           : Fetched 10 active rules from Rule Cache
2026-09-11T11:44:31.958+05:30  INFO 25444 --- [fraud-engine-service] [scheduling-1] c.s.f.fraudengine.cache.ActiveRuleCache  : Active rule cache refreshed ruleCount=10
2026-09-11T11:45:01.931+05:30  INFO 25444 --- [fraud-engine-service] [scheduling-1] c.s.f.f.client.BlacklistCacheClient      : Fetching active blacklist from Rule Cache
2026-09-11T11:45:01.961+05:30  INFO 25444 --- [fraud-engine-service] [scheduling-1] c.s.f.f.client.BlacklistCacheClient      : Fetched 4 active blacklist entries from Rule Cache
2026-09-11T11:45:01.961+05:30  INFO 25444 --- [fraud-engine-service] [scheduling-1] c.s.f.f.cache.ActiveBlacklistCache       : Active blacklist cache refreshed entryCount=4
2026-09-11T11:45:01.961+05:30  INFO 25444 --- [fraud-engine-service] [scheduling-1] c.s.f.f.client.RuleCacheClient           : Fetching active rules from Rule Cache
2026-09-11T11:45:01.970+05:30  INFO 25444 --- [fraud-engine-service] [scheduling-1] c.s.f.f.client.RuleCacheClient           : Fetched 10 active rules from Rule Cache
2026-09-11T11:45:01.970+05:30  INFO 25444 --- [fraud-engine-service] [scheduling-1] c.s.f.fraudengine.cache.ActiveRuleCache  : Active rule cache refreshed ruleCount=10
2026-09-11T11:45:28.370+05:30  INFO 25444 --- [fraud-engine-service] [AsyncResolver-bootstrap-executor-%d] c.n.d.s.r.aws.ConfigClusterResolver      : Resolving eureka endpoints via configuration
2026-09-11T11:45:31.974+05:30  INFO 25444 --- [fraud-engine-service] [scheduling-1] c.s.f.f.client.BlacklistCacheClient      : Fetching active blacklist from Rule Cache
2026-09-11T11:45:31.979+05:30  INFO 25444 --- [fraud-engine-service] [scheduling-1] c.s.f.f.client.BlacklistCacheClient      : Fetched 4 active blacklist entries from Rule Cache
2026-09-11T11:45:31.979+05:30  INFO 25444 --- [fraud-engine-service] [scheduling-1] c.s.f.f.cache.ActiveBlacklistCache       : Active blacklist cache refreshed entryCount=4
2026-09-11T11:45:31.979+05:30  INFO 25444 --- [fraud-engine-service] [scheduling-1] c.s.f.f.client.RuleCacheClient           : Fetching active rules from Rule Cache
2026-09-11T11:45:31.990+05:30  INFO 25444 --- [fraud-engine-service] [scheduling-1] c.s.f.f.client.RuleCacheClient           : Fetched 10 active rules from Rule Cache
2026-09-11T11:45:31.990+05:30  INFO 25444 --- [fraud-engine-service] [scheduling-1] c.s.f.fraudengine.cache.ActiveRuleCache  : Active rule cache refreshed ruleCount=10
2026-09-11T11:46:02.000+05:30  INFO 25444 --- [fraud-engine-service] [scheduling-1] c.s.f.f.client.BlacklistCacheClient      : Fetching active blacklist from Rule Cache
2026-09-11T11:46:02.013+05:30  INFO 25444 --- [fraud-engine-service] [scheduling-1] c.s.f.f.client.BlacklistCacheClient      : Fetched 4 active blacklist entries from Rule Cache
2026-09-11T11:46:02.013+05:30  INFO 25444 --- [fraud-engine-service] [scheduling-1] c.s.f.f.cache.ActiveBlacklistCache       : Active blacklist cache refreshed entryCount=4
2026-09-11T11:46:02.013+05:30  INFO 25444 --- [fraud-engine-service] [scheduling-1] c.s.f.f.client.RuleCacheClient           : Fetching active rules from Rule Cache
2026-09-11T11:46:02.023+05:30  INFO 25444 --- [fraud-engine-service] [scheduling-1] c.s.f.f.client.RuleCacheClient           : Fetched 10 active rules from Rule Cache
2026-09-11T11:46:02.023+05:30  INFO 25444 --- [fraud-engine-service] [scheduling-1] c.s.f.fraudengine.cache.ActiveRuleCache  : Active rule cache refreshed ruleCount=10
2026-09-11T11:46:32.014+05:30  INFO 25444 --- [fraud-engine-service] [scheduling-1] c.s.f.f.client.BlacklistCacheClient      : Fetching active blacklist from Rule Cache
2026-09-11T11:46:32.025+05:30  INFO 25444 --- [fraud-engine-service] [scheduling-1] c.s.f.f.client.BlacklistCacheClient      : Fetched 4 active blacklist entries from Rule Cache
2026-09-11T11:46:32.025+05:30  INFO 25444 --- [fraud-engine-service] [scheduling-1] c.s.f.f.cache.ActiveBlacklistCache       : Active blacklist cache refreshed entryCount=4
2026-09-11T11:46:32.025+05:30  INFO 25444 --- [fraud-engine-service] [scheduling-1] c.s.f.f.client.RuleCacheClient           : Fetching active rules from Rule Cache
2026-09-11T11:46:32.033+05:30  INFO 25444 --- [fraud-engine-service] [scheduling-1] c.s.f.f.client.RuleCacheClient           : Fetched 10 active rules from Rule Cache
2026-09-11T11:46:32.033+05:30  INFO 25444 --- [fraud-engine-service] [scheduling-1] c.s.f.fraudengine.cache.ActiveRuleCache  : Active rule cache refreshed ruleCount=10
2026-09-11T11:47:02.031+05:30  INFO 25444 --- [fraud-engine-service] [scheduling-1] c.s.f.f.client.BlacklistCacheClient      : Fetching active blacklist from Rule Cache
2026-09-11T11:47:02.041+05:30  INFO 25444 --- [fraud-engine-service] [scheduling-1] c.s.f.f.client.BlacklistCacheClient      : Fetched 4 active blacklist entries from Rule Cache
2026-09-11T11:47:02.041+05:30  INFO 25444 --- [fraud-engine-service] [scheduling-1] c.s.f.f.cache.ActiveBlacklistCache       : Active blacklist cache refreshed entryCount=4
2026-09-11T11:47:02.041+05:30  INFO 25444 --- [fraud-engine-service] [scheduling-1] c.s.f.f.client.RuleCacheClient           : Fetching active rules from Rule Cache
2026-09-11T11:47:02.052+05:30  INFO 25444 --- [fraud-engine-service] [scheduling-1] c.s.f.f.client.RuleCacheClient           : Fetched 10 active rules from Rule Cache
2026-09-11T11:47:02.052+05:30  INFO 25444 --- [fraud-engine-service] [scheduling-1] c.s.f.fraudengine.cache.ActiveRuleCache  : Active rule cache refreshed ruleCount=10
2026-09-11T11:47:32.055+05:30  INFO 25444 --- [fraud-engine-service] [scheduling-1] c.s.f.f.client.BlacklistCacheClient      : Fetching active blacklist from Rule Cache
2026-09-11T11:47:32.081+05:30  INFO 25444 --- [fraud-engine-service] [scheduling-1] c.s.f.f.client.BlacklistCacheClient      : Fetched 4 active blacklist entries from Rule Cache
2026-09-11T11:47:32.083+05:30  INFO 25444 --- [fraud-engine-service] [scheduling-1] c.s.f.f.cache.ActiveBlacklistCache       : Active blacklist cache refreshed entryCount=4
2026-09-11T11:47:32.083+05:30  INFO 25444 --- [fraud-engine-service] [scheduling-1] c.s.f.f.client.RuleCacheClient           : Fetching active rules from Rule Cache
2026-09-11T11:47:32.089+05:30  INFO 25444 --- [fraud-engine-service] [scheduling-1] c.s.f.f.client.RuleCacheClient           : Fetched 10 active rules from Rule Cache
2026-09-11T11:47:32.089+05:30  INFO 25444 --- [fraud-engine-service] [scheduling-1] c.s.f.fraudengine.cache.ActiveRuleCache  : Active rule cache refreshed ruleCount=10
2026-09-11T11:48:02.087+05:30  INFO 25444 --- [fraud-engine-service] [scheduling-1] c.s.f.f.client.BlacklistCacheClient      : Fetching active blacklist from Rule Cache
2026-09-11T11:48:02.111+05:30  INFO 25444 --- [fraud-engine-service] [scheduling-1] c.s.f.f.client.BlacklistCacheClient      : Fetched 4 active blacklist entries from Rule Cache
2026-09-11T11:48:02.111+05:30  INFO 25444 --- [fraud-engine-service] [scheduling-1] c.s.f.f.cache.ActiveBlacklistCache       : Active blacklist cache refreshed entryCount=4
2026-09-11T11:48:02.111+05:30  INFO 25444 --- [fraud-engine-service] [scheduling-1] c.s.f.f.client.RuleCacheClient           : Fetching active rules from Rule Cache
2026-09-11T11:48:02.119+05:30  INFO 25444 --- [fraud-engine-service] [scheduling-1] c.s.f.f.client.RuleCacheClient           : Fetched 10 active rules from Rule Cache
2026-09-11T11:48:02.119+05:30  INFO 25444 --- [fraud-engine-service] [scheduling-1] c.s.f.fraudengine.cache.ActiveRuleCache  : Active rule cache refreshed ruleCount=10
2026-09-11T11:48:32.127+05:30  INFO 25444 --- [fraud-engine-service] [scheduling-1] c.s.f.f.client.BlacklistCacheClient      : Fetching active blacklist from Rule Cache
2026-09-11T11:48:32.130+05:30  INFO 25444 --- [fraud-engine-service] [scheduling-1] c.s.f.f.client.BlacklistCacheClient      : Fetched 4 active blacklist entries from Rule Cache
2026-09-11T11:48:32.130+05:30  INFO 25444 --- [fraud-engine-service] [scheduling-1] c.s.f.f.cache.ActiveBlacklistCache       : Active blacklist cache refreshed entryCount=4
2026-09-11T11:48:32.130+05:30  INFO 25444 --- [fraud-engine-service] [scheduling-1] c.s.f.f.client.RuleCacheClient           : Fetching active rules from Rule Cache
2026-09-11T11:48:32.147+05:30  INFO 25444 --- [fraud-engine-service] [scheduling-1] c.s.f.f.client.RuleCacheClient           : Fetched 10 active rules from Rule Cache
2026-09-11T11:48:32.147+05:30  INFO 25444 --- [fraud-engine-service] [scheduling-1] c.s.f.fraudengine.cache.ActiveRuleCache  : Active rule cache refreshed ruleCount=10
2026-09-11T11:49:02.143+05:30  INFO 25444 --- [fraud-engine-service] [scheduling-1] c.s.f.f.client.BlacklistCacheClient      : Fetching active blacklist from Rule Cache
2026-09-11T11:49:02.151+05:30  INFO 25444 --- [fraud-engine-service] [scheduling-1] c.s.f.f.client.BlacklistCacheClient      : Fetched 4 active blacklist entries from Rule Cache
2026-09-11T11:49:02.151+05:30  INFO 25444 --- [fraud-engine-service] [scheduling-1] c.s.f.f.cache.ActiveBlacklistCache       : Active blacklist cache refreshed entryCount=4
2026-09-11T11:49:02.151+05:30  INFO 25444 --- [fraud-engine-service] [scheduling-1] c.s.f.f.client.RuleCacheClient           : Fetching active rules from Rule Cache
2026-09-11T11:49:02.151+05:30  INFO 25444 --- [fraud-engine-service] [scheduling-1] c.s.f.f.client.RuleCacheClient           : Fetched 10 active rules from Rule Cache
2026-09-11T11:49:02.151+05:30  INFO 25444 --- [fraud-engine-service] [scheduling-1] c.s.f.fraudengine.cache.ActiveRuleCache  : Active rule cache refreshed ruleCount=10
2026-09-11T11:49:32.163+05:30  INFO 25444 --- [fraud-engine-service] [scheduling-1] c.s.f.f.client.BlacklistCacheClient      : Fetching active blacklist from Rule Cache
2026-09-11T11:49:32.171+05:30  INFO 25444 --- [fraud-engine-service] [scheduling-1] c.s.f.f.client.BlacklistCacheClient      : Fetched 4 active blacklist entries from Rule Cache
2026-09-11T11:49:32.171+05:30  INFO 25444 --- [fraud-engine-service] [scheduling-1] c.s.f.f.cache.ActiveBlacklistCache       : Active blacklist cache refreshed entryCount=4
2026-09-11T11:49:32.171+05:30  INFO 25444 --- [fraud-engine-service] [scheduling-1] c.s.f.f.client.RuleCacheClient           : Fetching active rules from Rule Cache
2026-09-11T11:49:32.188+05:30  INFO 25444 --- [fraud-engine-service] [scheduling-1] c.s.f.f.client.RuleCacheClient           : Fetched 10 active rules from Rule Cache
2026-09-11T11:49:32.188+05:30  INFO 25444 --- [fraud-engine-service] [scheduling-1] c.s.f.fraudengine.cache.ActiveRuleCache  : Active rule cache refreshed ruleCount=10
2026-09-11T11:50:02.192+05:30  INFO 25444 --- [fraud-engine-service] [scheduling-1] c.s.f.f.client.BlacklistCacheClient      : Fetching active blacklist from Rule Cache
2026-09-11T11:50:02.202+05:30  INFO 25444 --- [fraud-engine-service] [scheduling-1] c.s.f.f.client.BlacklistCacheClient      : Fetched 4 active blacklist entries from Rule Cache
2026-09-11T11:50:02.203+05:30  INFO 25444 --- [fraud-engine-service] [scheduling-1] c.s.f.f.cache.ActiveBlacklistCache       : Active blacklist cache refreshed entryCount=4
2026-09-11T11:50:02.203+05:30  INFO 25444 --- [fraud-engine-service] [scheduling-1] c.s.f.f.client.RuleCacheClient           : Fetching active rules from Rule Cache
2026-09-11T11:50:02.210+05:30  INFO 25444 --- [fraud-engine-service] [scheduling-1] c.s.f.f.client.RuleCacheClient           : Fetched 10 active rules from Rule Cache
2026-09-11T11:50:02.210+05:30  INFO 25444 --- [fraud-engine-service] [scheduling-1] c.s.f.fraudengine.cache.ActiveRuleCache  : Active rule cache refreshed ruleCount=10
2026-09-11T11:50:28.376+05:30  INFO 25444 --- [fraud-engine-service] [AsyncResolver-bootstrap-executor-%d] c.n.d.s.r.aws.ConfigClusterResolver      : Resolving eureka endpoints via configuration
2026-09-11T11:50:32.209+05:30  INFO 25444 --- [fraud-engine-service] [scheduling-1] c.s.f.f.client.BlacklistCacheClient      : Fetching active blacklist from Rule Cache
2026-09-11T11:50:32.223+05:30  INFO 25444 --- [fraud-engine-service] [scheduling-1] c.s.f.f.client.BlacklistCacheClient      : Fetched 4 active blacklist entries from Rule Cache
2026-09-11T11:50:32.223+05:30  INFO 25444 --- [fraud-engine-service] [scheduling-1] c.s.f.f.cache.ActiveBlacklistCache       : Active blacklist cache refreshed entryCount=4
2026-09-11T11:50:32.223+05:30  INFO 25444 --- [fraud-engine-service] [scheduling-1] c.s.f.f.client.RuleCacheClient           : Fetching active rules from Rule Cache
2026-09-11T11:50:32.231+05:30  INFO 25444 --- [fraud-engine-service] [scheduling-1] c.s.f.f.client.RuleCacheClient           : Fetched 10 active rules from Rule Cache
2026-09-11T11:50:32.231+05:30  INFO 25444 --- [fraud-engine-service] [scheduling-1] c.s.f.fraudengine.cache.ActiveRuleCache  : Active rule cache refreshed ruleCount=10
2026-09-11T11:51:02.232+05:30  INFO 25444 --- [fraud-engine-service] [scheduling-1] c.s.f.f.client.BlacklistCacheClient      : Fetching active blacklist from Rule Cache
2026-09-11T11:51:02.257+05:30  INFO 25444 --- [fraud-engine-service] [scheduling-1] c.s.f.f.client.BlacklistCacheClient      : Fetched 4 active blacklist entries from Rule Cache
2026-09-11T11:51:02.257+05:30  INFO 25444 --- [fraud-engine-service] [scheduling-1] c.s.f.f.cache.ActiveBlacklistCache       : Active blacklist cache refreshed entryCount=4
2026-09-11T11:51:02.257+05:30  INFO 25444 --- [fraud-engine-service] [scheduling-1] c.s.f.f.client.RuleCacheClient           : Fetching active rules from Rule Cache
2026-09-11T11:51:02.264+05:30  INFO 25444 --- [fraud-engine-service] [scheduling-1] c.s.f.f.client.RuleCacheClient           : Fetched 10 active rules from Rule Cache
2026-09-11T11:51:02.264+05:30  INFO 25444 --- [fraud-engine-service] [scheduling-1] c.s.f.fraudengine.cache.ActiveRuleCache  : Active rule cache refreshed ruleCount=10
2026-09-11T11:51:32.259+05:30  INFO 25444 --- [fraud-engine-service] [scheduling-1] c.s.f.f.client.BlacklistCacheClient      : Fetching active blacklist from Rule Cache
2026-09-11T11:51:32.269+05:30  INFO 25444 --- [fraud-engine-service] [scheduling-1] c.s.f.f.client.BlacklistCacheClient      : Fetched 4 active blacklist entries from Rule Cache
2026-09-11T11:51:32.270+05:30  INFO 25444 --- [fraud-engine-service] [scheduling-1] c.s.f.f.cache.ActiveBlacklistCache       : Active blacklist cache refreshed entryCount=4
2026-09-11T11:51:32.270+05:30  INFO 25444 --- [fraud-engine-service] [scheduling-1] c.s.f.f.client.RuleCacheClient           : Fetching active rules from Rule Cache
2026-09-11T11:51:32.280+05:30  INFO 25444 --- [fraud-engine-service] [scheduling-1] c.s.f.f.client.RuleCacheClient           : Fetched 10 active rules from Rule Cache
2026-09-11T11:51:32.280+05:30  INFO 25444 --- [fraud-engine-service] [scheduling-1] c.s.f.fraudengine.cache.ActiveRuleCache  : Active rule cache refreshed ruleCount=10
2026-09-11T11:52:02.279+05:30  INFO 25444 --- [fraud-engine-service] [scheduling-1] c.s.f.f.client.BlacklistCacheClient      : Fetching active blacklist from Rule Cache
2026-09-11T11:52:02.293+05:30  INFO 25444 --- [fraud-engine-service] [scheduling-1] c.s.f.f.client.BlacklistCacheClient      : Fetched 4 active blacklist entries from Rule Cache
2026-09-11T11:52:02.293+05:30  INFO 25444 --- [fraud-engine-service] [scheduling-1] c.s.f.f.cache.ActiveBlacklistCache       : Active blacklist cache refreshed entryCount=4
2026-09-11T11:52:02.293+05:30  INFO 25444 --- [fraud-engine-service] [scheduling-1] c.s.f.f.client.RuleCacheClient           : Fetching active rules from Rule Cache
2026-09-11T11:52:02.301+05:30  INFO 25444 --- [fraud-engine-service] [scheduling-1] c.s.f.f.client.RuleCacheClient           : Fetched 10 active rules from Rule Cache
2026-09-11T11:52:02.301+05:30  INFO 25444 --- [fraud-engine-service] [scheduling-1] c.s.f.fraudengine.cache.ActiveRuleCache  : Active rule cache refreshed ruleCount=10
2026-09-11T11:52:32.303+05:30  INFO 25444 --- [fraud-engine-service] [scheduling-1] c.s.f.f.client.BlacklistCacheClient      : Fetching active blacklist from Rule Cache
2026-09-11T11:52:32.314+05:30  INFO 25444 --- [fraud-engine-service] [scheduling-1] c.s.f.f.client.BlacklistCacheClient      : Fetched 4 active blacklist entries from Rule Cache
2026-09-11T11:52:32.314+05:30  INFO 25444 --- [fraud-engine-service] [scheduling-1] c.s.f.f.cache.ActiveBlacklistCache       : Active blacklist cache refreshed entryCount=4
2026-09-11T11:52:32.314+05:30  INFO 25444 --- [fraud-engine-service] [scheduling-1] c.s.f.f.client.RuleCacheClient           : Fetching active rules from Rule Cache
2026-09-11T11:52:32.333+05:30  INFO 25444 --- [fraud-engine-service] [scheduling-1] c.s.f.f.client.RuleCacheClient           : Fetched 10 active rules from Rule Cache
2026-09-11T11:52:32.333+05:30  INFO 25444 --- [fraud-engine-service] [scheduling-1] c.s.f.fraudengine.cache.ActiveRuleCache  : Active rule cache refreshed ruleCount=10
2026-09-11T11:53:02.323+05:30  INFO 25444 --- [fraud-engine-service] [scheduling-1] c.s.f.f.client.BlacklistCacheClient      : Fetching active blacklist from Rule Cache
2026-09-11T11:53:02.350+05:30  INFO 25444 --- [fraud-engine-service] [scheduling-1] c.s.f.f.client.BlacklistCacheClient      : Fetched 4 active blacklist entries from Rule Cache
2026-09-11T11:53:02.350+05:30  INFO 25444 --- [fraud-engine-service] [scheduling-1] c.s.f.f.cache.ActiveBlacklistCache       : Active blacklist cache refreshed entryCount=4
2026-09-11T11:53:02.350+05:30  INFO 25444 --- [fraud-engine-service] [scheduling-1] c.s.f.f.client.RuleCacheClient           : Fetching active rules from Rule Cache
2026-09-11T11:53:02.357+05:30  INFO 25444 --- [fraud-engine-service] [scheduling-1] c.s.f.f.client.RuleCacheClient           : Fetched 10 active rules from Rule Cache
2026-09-11T11:53:02.357+05:30  INFO 25444 --- [fraud-engine-service] [scheduling-1] c.s.f.fraudengine.cache.ActiveRuleCache  : Active rule cache refreshed ruleCount=10
2026-09-11T11:53:32.365+05:30  INFO 25444 --- [fraud-engine-service] [scheduling-1] c.s.f.f.client.BlacklistCacheClient      : Fetching active blacklist from Rule Cache
2026-09-11T11:53:32.376+05:30  INFO 25444 --- [fraud-engine-service] [scheduling-1] c.s.f.f.client.BlacklistCacheClient      : Fetched 4 active blacklist entries from Rule Cache
2026-09-11T11:53:32.376+05:30  INFO 25444 --- [fraud-engine-service] [scheduling-1] c.s.f.f.cache.ActiveBlacklistCache       : Active blacklist cache refreshed entryCount=4
2026-09-11T11:53:32.376+05:30  INFO 25444 --- [fraud-engine-service] [scheduling-1] c.s.f.f.client.RuleCacheClient           : Fetching active rules from Rule Cache
2026-09-11T11:53:32.383+05:30  INFO 25444 --- [fraud-engine-service] [scheduling-1] c.s.f.f.client.RuleCacheClient           : Fetched 10 active rules from Rule Cache
2026-09-11T11:53:32.384+05:30  INFO 25444 --- [fraud-engine-service] [scheduling-1] c.s.f.fraudengine.cache.ActiveRuleCache  : Active rule cache refreshed ruleCount=10
2026-09-11T11:54:02.388+05:30  INFO 25444 --- [fraud-engine-service] [scheduling-1] c.s.f.f.client.BlacklistCacheClient      : Fetching active blacklist from Rule Cache
2026-09-11T11:54:02.412+05:30  INFO 25444 --- [fraud-engine-service] [scheduling-1] c.s.f.f.client.BlacklistCacheClient      : Fetched 4 active blacklist entries from Rule Cache
2026-09-11T11:54:02.412+05:30  INFO 25444 --- [fraud-engine-service] [scheduling-1] c.s.f.f.cache.ActiveBlacklistCache       : Active blacklist cache refreshed entryCount=4
2026-09-11T11:54:02.412+05:30  INFO 25444 --- [fraud-engine-service] [scheduling-1] c.s.f.f.client.RuleCacheClient           : Fetching active rules from Rule Cache
2026-09-11T11:54:02.417+05:30  INFO 25444 --- [fraud-engine-service] [scheduling-1] c.s.f.f.client.RuleCacheClient           : Fetched 10 active rules from Rule Cache
2026-09-11T11:54:02.417+05:30  INFO 25444 --- [fraud-engine-service] [scheduling-1] c.s.f.fraudengine.cache.ActiveRuleCache  : Active rule cache refreshed ruleCount=10
2026-09-11T11:54:32.417+05:30  INFO 25444 --- [fraud-engine-service] [scheduling-1] c.s.f.f.client.BlacklistCacheClient      : Fetching active blacklist from Rule Cache
2026-09-11T11:54:32.443+05:30  INFO 25444 --- [fraud-engine-service] [scheduling-1] c.s.f.f.client.BlacklistCacheClient      : Fetched 4 active blacklist entries from Rule Cache
2026-09-11T11:54:32.443+05:30  INFO 25444 --- [fraud-engine-service] [scheduling-1] c.s.f.f.cache.ActiveBlacklistCache       : Active blacklist cache refreshed entryCount=4
2026-09-11T11:54:32.443+05:30  INFO 25444 --- [fraud-engine-service] [scheduling-1] c.s.f.f.client.RuleCacheClient           : Fetching active rules from Rule Cache
2026-09-11T11:54:32.452+05:30  INFO 25444 --- [fraud-engine-service] [scheduling-1] c.s.f.f.client.RuleCacheClient           : Fetched 10 active rules from Rule Cache
2026-09-11T11:54:32.452+05:30  INFO 25444 --- [fraud-engine-service] [scheduling-1] c.s.f.fraudengine.cache.ActiveRuleCache  : Active rule cache refreshed ruleCount=10
2026-09-11T11:55:02.456+05:30  INFO 25444 --- [fraud-engine-service] [scheduling-1] c.s.f.f.client.BlacklistCacheClient      : Fetching active blacklist from Rule Cache
2026-09-11T11:55:02.466+05:30  INFO 25444 --- [fraud-engine-service] [scheduling-1] c.s.f.f.client.BlacklistCacheClient      : Fetched 4 active blacklist entries from Rule Cache
2026-09-11T11:55:02.466+05:30  INFO 25444 --- [fraud-engine-service] [scheduling-1] c.s.f.f.cache.ActiveBlacklistCache       : Active blacklist cache refreshed entryCount=4
2026-09-11T11:55:02.467+05:30  INFO 25444 --- [fraud-engine-service] [scheduling-1] c.s.f.f.client.RuleCacheClient           : Fetching active rules from Rule Cache
2026-09-11T11:55:02.476+05:30  INFO 25444 --- [fraud-engine-service] [scheduling-1] c.s.f.f.client.RuleCacheClient           : Fetched 10 active rules from Rule Cache
2026-09-11T11:55:02.476+05:30  INFO 25444 --- [fraud-engine-service] [scheduling-1] c.s.f.fraudengine.cache.ActiveRuleCache  : Active rule cache refreshed ruleCount=10
2026-09-11T11:55:28.393+05:30  INFO 25444 --- [fraud-engine-service] [AsyncResolver-bootstrap-executor-%d] c.n.d.s.r.aws.ConfigClusterResolver      : Resolving eureka endpoints via configuration
2026-09-11T11:55:32.468+05:30  INFO 25444 --- [fraud-engine-service] [scheduling-1] c.s.f.f.client.BlacklistCacheClient      : Fetching active blacklist from Rule Cache
2026-09-11T11:55:32.484+05:30  INFO 25444 --- [fraud-engine-service] [scheduling-1] c.s.f.f.client.BlacklistCacheClient      : Fetched 4 active blacklist entries from Rule Cache
2026-09-11T11:55:32.484+05:30  INFO 25444 --- [fraud-engine-service] [scheduling-1] c.s.f.f.cache.ActiveBlacklistCache       : Active blacklist cache refreshed entryCount=4
2026-09-11T11:55:32.484+05:30  INFO 25444 --- [fraud-engine-service] [scheduling-1] c.s.f.f.client.RuleCacheClient           : Fetching active rules from Rule Cache
2026-09-11T11:55:32.492+05:30  INFO 25444 --- [fraud-engine-service] [scheduling-1] c.s.f.f.client.RuleCacheClient           : Fetched 10 active rules from Rule Cache
2026-09-11T11:55:32.492+05:30  INFO 25444 --- [fraud-engine-service] [scheduling-1] c.s.f.fraudengine.cache.ActiveRuleCache  : Active rule cache refreshed ruleCount=10
2026-09-11T11:56:02.494+05:30  INFO 25444 --- [fraud-engine-service] [scheduling-1] c.s.f.f.client.BlacklistCacheClient      : Fetching active blacklist from Rule Cache
2026-09-11T11:56:02.505+05:30  INFO 25444 --- [fraud-engine-service] [scheduling-1] c.s.f.f.client.BlacklistCacheClient      : Fetched 4 active blacklist entries from Rule Cache
2026-09-11T11:56:02.505+05:30  INFO 25444 --- [fraud-engine-service] [scheduling-1] c.s.f.f.cache.ActiveBlacklistCache       : Active blacklist cache refreshed entryCount=4
2026-09-11T11:56:02.505+05:30  INFO 25444 --- [fraud-engine-service] [scheduling-1] c.s.f.f.client.RuleCacheClient           : Fetching active rules from Rule Cache
2026-09-11T11:56:02.516+05:30  INFO 25444 --- [fraud-engine-service] [scheduling-1] c.s.f.f.client.RuleCacheClient           : Fetched 10 active rules from Rule Cache
2026-09-11T11:56:02.516+05:30  INFO 25444 --- [fraud-engine-service] [scheduling-1] c.s.f.fraudengine.cache.ActiveRuleCache  : Active rule cache refreshed ruleCount=10
2026-09-11T11:56:32.508+05:30  INFO 25444 --- [fraud-engine-service] [scheduling-1] c.s.f.f.client.BlacklistCacheClient      : Fetching active blacklist from Rule Cache
2026-09-11T11:56:32.520+05:30  INFO 25444 --- [fraud-engine-service] [scheduling-1] c.s.f.f.client.BlacklistCacheClient      : Fetched 4 active blacklist entries from Rule Cache
2026-09-11T11:56:32.520+05:30  INFO 25444 --- [fraud-engine-service] [scheduling-1] c.s.f.f.cache.ActiveBlacklistCache       : Active blacklist cache refreshed entryCount=4
2026-09-11T11:56:32.522+05:30  INFO 25444 --- [fraud-engine-service] [scheduling-1] c.s.f.f.client.RuleCacheClient           : Fetching active rules from Rule Cache
2026-09-11T11:56:32.534+05:30  INFO 25444 --- [fraud-engine-service] [scheduling-1] c.s.f.f.client.RuleCacheClient           : Fetched 10 active rules from Rule Cache
2026-09-11T11:56:32.534+05:30  INFO 25444 --- [fraud-engine-service] [scheduling-1] c.s.f.fraudengine.cache.ActiveRuleCache  : Active rule cache refreshed ruleCount=10
2026-09-11T11:57:02.523+05:30  INFO 25444 --- [fraud-engine-service] [scheduling-1] c.s.f.f.client.BlacklistCacheClient      : Fetching active blacklist from Rule Cache
2026-09-11T11:57:02.535+05:30  INFO 25444 --- [fraud-engine-service] [scheduling-1] c.s.f.f.client.BlacklistCacheClient      : Fetched 4 active blacklist entries from Rule Cache
2026-09-11T11:57:02.535+05:30  INFO 25444 --- [fraud-engine-service] [scheduling-1] c.s.f.f.cache.ActiveBlacklistCache       : Active blacklist cache refreshed entryCount=4
2026-09-11T11:57:02.535+05:30  INFO 25444 --- [fraud-engine-service] [scheduling-1] c.s.f.f.client.RuleCacheClient           : Fetching active rules from Rule Cache
2026-09-11T11:57:02.544+05:30  INFO 25444 --- [fraud-engine-service] [scheduling-1] c.s.f.f.client.RuleCacheClient           : Fetched 10 active rules from Rule Cache
2026-09-11T11:57:02.544+05:30  INFO 25444 --- [fraud-engine-service] [scheduling-1] c.s.f.fraudengine.cache.ActiveRuleCache  : Active rule cache refreshed ruleCount=10
2026-09-11T11:57:32.549+05:30  INFO 25444 --- [fraud-engine-service] [scheduling-1] c.s.f.f.client.BlacklistCacheClient      : Fetching active blacklist from Rule Cache
2026-09-11T11:57:32.549+05:30  INFO 25444 --- [fraud-engine-service] [scheduling-1] c.s.f.f.client.BlacklistCacheClient      : Fetched 4 active blacklist entries from Rule Cache
2026-09-11T11:57:32.549+05:30  INFO 25444 --- [fraud-engine-service] [scheduling-1] c.s.f.f.cache.ActiveBlacklistCache       : Active blacklist cache refreshed entryCount=4
2026-09-11T11:57:32.549+05:30  INFO 25444 --- [fraud-engine-service] [scheduling-1] c.s.f.f.client.RuleCacheClient           : Fetching active rules from Rule Cache
2026-09-11T11:57:32.566+05:30  INFO 25444 --- [fraud-engine-service] [scheduling-1] c.s.f.f.client.RuleCacheClient           : Fetched 10 active rules from Rule Cache
2026-09-11T11:57:32.566+05:30  INFO 25444 --- [fraud-engine-service] [scheduling-1] c.s.f.fraudengine.cache.ActiveRuleCache  : Active rule cache refreshed ruleCount=10
2026-09-11T11:58:02.563+05:30  INFO 25444 --- [fraud-engine-service] [scheduling-1] c.s.f.f.client.BlacklistCacheClient      : Fetching active blacklist from Rule Cache
2026-09-11T11:58:02.572+05:30  INFO 25444 --- [fraud-engine-service] [scheduling-1] c.s.f.f.client.BlacklistCacheClient      : Fetched 4 active blacklist entries from Rule Cache
2026-09-11T11:58:02.572+05:30  INFO 25444 --- [fraud-engine-service] [scheduling-1] c.s.f.f.cache.ActiveBlacklistCache       : Active blacklist cache refreshed entryCount=4
2026-09-11T11:58:02.572+05:30  INFO 25444 --- [fraud-engine-service] [scheduling-1] c.s.f.f.client.RuleCacheClient           : Fetching active rules from Rule Cache
2026-09-11T11:58:02.588+05:30  INFO 25444 --- [fraud-engine-service] [scheduling-1] c.s.f.f.client.RuleCacheClient           : Fetched 10 active rules from Rule Cache
2026-09-11T11:58:02.588+05:30  INFO 25444 --- [fraud-engine-service] [scheduling-1] c.s.f.fraudengine.cache.ActiveRuleCache  : Active rule cache refreshed ruleCount=10
2026-09-11T11:58:32.590+05:30  INFO 25444 --- [fraud-engine-service] [scheduling-1] c.s.f.f.client.BlacklistCacheClient      : Fetching active blacklist from Rule Cache
2026-09-11T11:58:32.629+05:30  INFO 25444 --- [fraud-engine-service] [scheduling-1] c.s.f.f.client.BlacklistCacheClient      : Fetched 4 active blacklist entries from Rule Cache
2026-09-11T11:58:32.629+05:30  INFO 25444 --- [fraud-engine-service] [scheduling-1] c.s.f.f.cache.ActiveBlacklistCache       : Active blacklist cache refreshed entryCount=4
2026-09-11T11:58:32.629+05:30  INFO 25444 --- [fraud-engine-service] [scheduling-1] c.s.f.f.client.RuleCacheClient           : Fetching active rules from Rule Cache
2026-09-11T11:58:32.643+05:30  INFO 25444 --- [fraud-engine-service] [scheduling-1] c.s.f.f.client.RuleCacheClient           : Fetched 10 active rules from Rule Cache
2026-09-11T11:58:32.643+05:30  INFO 25444 --- [fraud-engine-service] [scheduling-1] c.s.f.fraudengine.cache.ActiveRuleCache  : Active rule cache refreshed ruleCount=10
2026-09-11T11:59:02.649+05:30  INFO 25444 --- [fraud-engine-service] [scheduling-1] c.s.f.f.client.BlacklistCacheClient      : Fetching active blacklist from Rule Cache
2026-09-11T11:59:02.661+05:30  INFO 25444 --- [fraud-engine-service] [scheduling-1] c.s.f.f.client.BlacklistCacheClient      : Fetched 4 active blacklist entries from Rule Cache
2026-09-11T11:59:02.663+05:30  INFO 25444 --- [fraud-engine-service] [scheduling-1] c.s.f.f.cache.ActiveBlacklistCache       : Active blacklist cache refreshed entryCount=4
2026-09-11T11:59:02.663+05:30  INFO 25444 --- [fraud-engine-service] [scheduling-1] c.s.f.f.client.RuleCacheClient           : Fetching active rules from Rule Cache
2026-09-11T11:59:02.677+05:30  INFO 25444 --- [fraud-engine-service] [scheduling-1] c.s.f.f.client.RuleCacheClient           : Fetched 10 active rules from Rule Cache
2026-09-11T11:59:02.677+05:30  INFO 25444 --- [fraud-engine-service] [scheduling-1] c.s.f.fraudengine.cache.ActiveRuleCache  : Active rule cache refreshed ruleCount=10
2026-09-11T11:59:32.665+05:30  INFO 25444 --- [fraud-engine-service] [scheduling-1] c.s.f.f.client.BlacklistCacheClient      : Fetching active blacklist from Rule Cache
2026-09-11T11:59:32.681+05:30  INFO 25444 --- [fraud-engine-service] [scheduling-1] c.s.f.f.client.BlacklistCacheClient      : Fetched 4 active blacklist entries from Rule Cache
2026-09-11T11:59:32.681+05:30  INFO 25444 --- [fraud-engine-service] [scheduling-1] c.s.f.f.cache.ActiveBlacklistCache       : Active blacklist cache refreshed entryCount=4
2026-09-11T11:59:32.681+05:30  INFO 25444 --- [fraud-engine-service] [scheduling-1] c.s.f.f.client.RuleCacheClient           : Fetching active rules from Rule Cache
2026-09-11T11:59:32.698+05:30  INFO 25444 --- [fraud-engine-service] [scheduling-1] c.s.f.f.client.RuleCacheClient           : Fetched 10 active rules from Rule Cache
2026-09-11T11:59:32.698+05:30  INFO 25444 --- [fraud-engine-service] [scheduling-1] c.s.f.fraudengine.cache.ActiveRuleCache  : Active rule cache refreshed ruleCount=10
2026-09-11T12:00:02.702+05:30  INFO 25444 --- [fraud-engine-service] [scheduling-1] c.s.f.f.client.BlacklistCacheClient      : Fetching active blacklist from Rule Cache
2026-09-11T12:00:02.721+05:30  INFO 25444 --- [fraud-engine-service] [scheduling-1] c.s.f.f.client.BlacklistCacheClient      : Fetched 4 active blacklist entries from Rule Cache
2026-09-11T12:00:02.721+05:30  INFO 25444 --- [fraud-engine-service] [scheduling-1] c.s.f.f.cache.ActiveBlacklistCache       : Active blacklist cache refreshed entryCount=4
2026-09-11T12:00:02.721+05:30  INFO 25444 --- [fraud-engine-service] [scheduling-1] c.s.f.f.client.RuleCacheClient           : Fetching active rules from Rule Cache
2026-09-11T12:00:02.735+05:30  INFO 25444 --- [fraud-engine-service] [scheduling-1] c.s.f.f.client.RuleCacheClient           : Fetched 10 active rules from Rule Cache
2026-09-11T12:00:02.735+05:30  INFO 25444 --- [fraud-engine-service] [scheduling-1] c.s.f.fraudengine.cache.ActiveRuleCache  : Active rule cache refreshed ruleCount=10
2026-09-11T12:00:28.409+05:30  INFO 25444 --- [fraud-engine-service] [AsyncResolver-bootstrap-executor-%d] c.n.d.s.r.aws.ConfigClusterResolver      : Resolving eureka endpoints via configuration
2026-09-11T12:00:32.737+05:30  INFO 25444 --- [fraud-engine-service] [scheduling-1] c.s.f.f.client.BlacklistCacheClient      : Fetching active blacklist from Rule Cache
2026-09-11T12:00:32.746+05:30  INFO 25444 --- [fraud-engine-service] [scheduling-1] c.s.f.f.client.BlacklistCacheClient      : Fetched 4 active blacklist entries from Rule Cache
2026-09-11T12:00:32.752+05:30  INFO 25444 --- [fraud-engine-service] [scheduling-1] c.s.f.f.cache.ActiveBlacklistCache       : Active blacklist cache refreshed entryCount=4
2026-09-11T12:00:32.752+05:30  INFO 25444 --- [fraud-engine-service] [scheduling-1] c.s.f.f.client.RuleCacheClient           : Fetching active rules from Rule Cache
2026-09-11T12:00:32.762+05:30  INFO 25444 --- [fraud-engine-service] [scheduling-1] c.s.f.f.client.RuleCacheClient           : Fetched 10 active rules from Rule Cache
2026-09-11T12:00:32.762+05:30  INFO 25444 --- [fraud-engine-service] [scheduling-1] c.s.f.fraudengine.cache.ActiveRuleCache  : Active rule cache refreshed ruleCount=10
2026-09-11T12:01:02.757+05:30  INFO 25444 --- [fraud-engine-service] [scheduling-1] c.s.f.f.client.BlacklistCacheClient      : Fetching active blacklist from Rule Cache
2026-09-11T12:01:02.760+05:30  INFO 25444 --- [fraud-engine-service] [scheduling-1] c.s.f.f.client.BlacklistCacheClient      : Fetched 4 active blacklist entries from Rule Cache
2026-09-11T12:01:02.760+05:30  INFO 25444 --- [fraud-engine-service] [scheduling-1] c.s.f.f.cache.ActiveBlacklistCache       : Active blacklist cache refreshed entryCount=4
2026-09-11T12:01:02.760+05:30  INFO 25444 --- [fraud-engine-service] [scheduling-1] c.s.f.f.client.RuleCacheClient           : Fetching active rules from Rule Cache
2026-09-11T12:01:02.776+05:30  INFO 25444 --- [fraud-engine-service] [scheduling-1] c.s.f.f.client.RuleCacheClient           : Fetched 10 active rules from Rule Cache
2026-09-11T12:01:02.776+05:30  INFO 25444 --- [fraud-engine-service] [scheduling-1] c.s.f.fraudengine.cache.ActiveRuleCache  : Active rule cache refreshed ruleCount=10
2026-09-11T12:01:32.777+05:30  INFO 25444 --- [fraud-engine-service] [scheduling-1] c.s.f.f.client.BlacklistCacheClient      : Fetching active blacklist from Rule Cache
2026-09-11T12:01:32.797+05:30  INFO 25444 --- [fraud-engine-service] [scheduling-1] c.s.f.f.client.BlacklistCacheClient      : Fetched 4 active blacklist entries from Rule Cache
2026-09-11T12:01:32.797+05:30  INFO 25444 --- [fraud-engine-service] [scheduling-1] c.s.f.f.cache.ActiveBlacklistCache       : Active blacklist cache refreshed entryCount=4
2026-09-11T12:01:32.797+05:30  INFO 25444 --- [fraud-engine-service] [scheduling-1] c.s.f.f.client.RuleCacheClient           : Fetching active rules from Rule Cache
2026-09-11T12:01:32.809+05:30  INFO 25444 --- [fraud-engine-service] [scheduling-1] c.s.f.f.client.RuleCacheClient           : Fetched 10 active rules from Rule Cache
2026-09-11T12:01:32.809+05:30  INFO 25444 --- [fraud-engine-service] [scheduling-1] c.s.f.fraudengine.cache.ActiveRuleCache  : Active rule cache refreshed ruleCount=10
2026-09-11T12:02:02.811+05:30  INFO 25444 --- [fraud-engine-service] [scheduling-1] c.s.f.f.client.BlacklistCacheClient      : Fetching active blacklist from Rule Cache
2026-09-11T12:02:02.822+05:30  INFO 25444 --- [fraud-engine-service] [scheduling-1] c.s.f.f.client.BlacklistCacheClient      : Fetched 4 active blacklist entries from Rule Cache
2026-09-11T12:02:02.822+05:30  INFO 25444 --- [fraud-engine-service] [scheduling-1] c.s.f.f.cache.ActiveBlacklistCache       : Active blacklist cache refreshed entryCount=4
2026-09-11T12:02:02.822+05:30  INFO 25444 --- [fraud-engine-service] [scheduling-1] c.s.f.f.client.RuleCacheClient           : Fetching active rules from Rule Cache
2026-09-11T12:02:02.827+05:30  INFO 25444 --- [fraud-engine-service] [scheduling-1] c.s.f.f.client.RuleCacheClient           : Fetched 10 active rules from Rule Cache
2026-09-11T12:02:02.827+05:30  INFO 25444 --- [fraud-engine-service] [scheduling-1] c.s.f.fraudengine.cache.ActiveRuleCache  : Active rule cache refreshed ruleCount=10
2026-09-11T12:02:32.837+05:30  INFO 25444 --- [fraud-engine-service] [scheduling-1] c.s.f.f.client.BlacklistCacheClient      : Fetching active blacklist from Rule Cache
2026-09-11T12:02:32.848+05:30  INFO 25444 --- [fraud-engine-service] [scheduling-1] c.s.f.f.client.BlacklistCacheClient      : Fetched 4 active blacklist entries from Rule Cache
2026-09-11T12:02:32.848+05:30  INFO 25444 --- [fraud-engine-service] [scheduling-1] c.s.f.f.cache.ActiveBlacklistCache       : Active blacklist cache refreshed entryCount=4
2026-09-11T12:02:32.848+05:30  INFO 25444 --- [fraud-engine-service] [scheduling-1] c.s.f.f.client.RuleCacheClient           : Fetching active rules from Rule Cache
2026-09-11T12:02:32.858+05:30  INFO 25444 --- [fraud-engine-service] [scheduling-1] c.s.f.f.client.RuleCacheClient           : Fetched 10 active rules from Rule Cache
2026-09-11T12:02:32.858+05:30  INFO 25444 --- [fraud-engine-service] [scheduling-1] c.s.f.fraudengine.cache.ActiveRuleCache  : Active rule cache refreshed ruleCount=10
2026-09-11T12:03:02.851+05:30  INFO 25444 --- [fraud-engine-service] [scheduling-1] c.s.f.f.client.BlacklistCacheClient      : Fetching active blacklist from Rule Cache
2026-09-11T12:03:02.876+05:30  INFO 25444 --- [fraud-engine-service] [scheduling-1] c.s.f.f.client.BlacklistCacheClient      : Fetched 4 active blacklist entries from Rule Cache
2026-09-11T12:03:02.876+05:30  INFO 25444 --- [fraud-engine-service] [scheduling-1] c.s.f.f.cache.ActiveBlacklistCache       : Active blacklist cache refreshed entryCount=4
2026-09-11T12:03:02.876+05:30  INFO 25444 --- [fraud-engine-service] [scheduling-1] c.s.f.f.client.RuleCacheClient           : Fetching active rules from Rule Cache
2026-09-11T12:03:02.890+05:30  INFO 25444 --- [fraud-engine-service] [scheduling-1] c.s.f.f.client.RuleCacheClient           : Fetched 10 active rules from Rule Cache
2026-09-11T12:03:02.890+05:30  INFO 25444 --- [fraud-engine-service] [scheduling-1] c.s.f.fraudengine.cache.ActiveRuleCache  : Active rule cache refreshed ruleCount=10
2026-09-11T12:03:32.893+05:30  INFO 25444 --- [fraud-engine-service] [scheduling-1] c.s.f.f.client.BlacklistCacheClient      : Fetching active blacklist from Rule Cache
2026-09-11T12:03:32.912+05:30  INFO 25444 --- [fraud-engine-service] [scheduling-1] c.s.f.f.client.BlacklistCacheClient      : Fetched 4 active blacklist entries from Rule Cache
2026-09-11T12:03:32.912+05:30  INFO 25444 --- [fraud-engine-service] [scheduling-1] c.s.f.f.cache.ActiveBlacklistCache       : Active blacklist cache refreshed entryCount=4
2026-09-11T12:03:32.912+05:30  INFO 25444 --- [fraud-engine-service] [scheduling-1] c.s.f.f.client.RuleCacheClient           : Fetching active rules from Rule Cache
2026-09-11T12:03:32.925+05:30  INFO 25444 --- [fraud-engine-service] [scheduling-1] c.s.f.f.client.RuleCacheClient           : Fetched 10 active rules from Rule Cache
2026-09-11T12:03:32.925+05:30  INFO 25444 --- [fraud-engine-service] [scheduling-1] c.s.f.fraudengine.cache.ActiveRuleCache  : Active rule cache refreshed ruleCount=10
2026-09-11T12:04:02.927+05:30  INFO 25444 --- [fraud-engine-service] [scheduling-1] c.s.f.f.client.BlacklistCacheClient      : Fetching active blacklist from Rule Cache
2026-09-11T12:04:02.940+05:30  INFO 25444 --- [fraud-engine-service] [scheduling-1] c.s.f.f.client.BlacklistCacheClient      : Fetched 4 active blacklist entries from Rule Cache
2026-09-11T12:04:02.941+05:30  INFO 25444 --- [fraud-engine-service] [scheduling-1] c.s.f.f.cache.ActiveBlacklistCache       : Active blacklist cache refreshed entryCount=4
2026-09-11T12:04:02.941+05:30  INFO 25444 --- [fraud-engine-service] [scheduling-1] c.s.f.f.client.RuleCacheClient           : Fetching active rules from Rule Cache
2026-09-11T12:04:02.953+05:30  INFO 25444 --- [fraud-engine-service] [scheduling-1] c.s.f.f.client.RuleCacheClient           : Fetched 10 active rules from Rule Cache
2026-09-11T12:04:02.953+05:30  INFO 25444 --- [fraud-engine-service] [scheduling-1] c.s.f.fraudengine.cache.ActiveRuleCache  : Active rule cache refreshed ruleCount=10
2026-09-11T12:04:32.953+05:30  INFO 25444 --- [fraud-engine-service] [scheduling-1] c.s.f.f.client.BlacklistCacheClient      : Fetching active blacklist from Rule Cache
2026-09-11T12:04:32.973+05:30  INFO 25444 --- [fraud-engine-service] [scheduling-1] c.s.f.f.client.BlacklistCacheClient      : Fetched 4 active blacklist entries from Rule Cache
2026-09-11T12:04:32.973+05:30  INFO 25444 --- [fraud-engine-service] [scheduling-1] c.s.f.f.cache.ActiveBlacklistCache       : Active blacklist cache refreshed entryCount=4
2026-09-11T12:04:32.973+05:30  INFO 25444 --- [fraud-engine-service] [scheduling-1] c.s.f.f.client.RuleCacheClient           : Fetching active rules from Rule Cache
2026-09-11T12:04:32.986+05:30  INFO 25444 --- [fraud-engine-service] [scheduling-1] c.s.f.f.client.RuleCacheClient           : Fetched 10 active rules from Rule Cache
2026-09-11T12:04:32.986+05:30  INFO 25444 --- [fraud-engine-service] [scheduling-1] c.s.f.fraudengine.cache.ActiveRuleCache  : Active rule cache refreshed ruleCount=10
2026-09-11T12:05:02.985+05:30  INFO 25444 --- [fraud-engine-service] [scheduling-1] c.s.f.f.client.BlacklistCacheClient      : Fetching active blacklist from Rule Cache
2026-09-11T12:05:02.990+05:30  INFO 25444 --- [fraud-engine-service] [scheduling-1] c.s.f.f.client.BlacklistCacheClient      : Fetched 4 active blacklist entries from Rule Cache
2026-09-11T12:05:02.990+05:30  INFO 25444 --- [fraud-engine-service] [scheduling-1] c.s.f.f.cache.ActiveBlacklistCache       : Active blacklist cache refreshed entryCount=4
2026-09-11T12:05:02.990+05:30  INFO 25444 --- [fraud-engine-service] [scheduling-1] c.s.f.f.client.RuleCacheClient           : Fetching active rules from Rule Cache
2026-09-11T12:05:03.013+05:30  INFO 25444 --- [fraud-engine-service] [scheduling-1] c.s.f.f.client.RuleCacheClient           : Fetched 10 active rules from Rule Cache
2026-09-11T12:05:03.013+05:30  INFO 25444 --- [fraud-engine-service] [scheduling-1] c.s.f.fraudengine.cache.ActiveRuleCache  : Active rule cache refreshed ruleCount=10
2026-09-11T12:05:28.426+05:30  INFO 25444 --- [fraud-engine-service] [AsyncResolver-bootstrap-executor-%d] c.n.d.s.r.aws.ConfigClusterResolver      : Resolving eureka endpoints via configuration
2026-09-11T12:05:33.004+05:30  INFO 25444 --- [fraud-engine-service] [scheduling-1] c.s.f.f.client.BlacklistCacheClient      : Fetching active blacklist from Rule Cache
2026-09-11T12:05:33.015+05:30  INFO 25444 --- [fraud-engine-service] [scheduling-1] c.s.f.f.client.BlacklistCacheClient      : Fetched 4 active blacklist entries from Rule Cache
2026-09-11T12:05:33.015+05:30  INFO 25444 --- [fraud-engine-service] [scheduling-1] c.s.f.f.cache.ActiveBlacklistCache       : Active blacklist cache refreshed entryCount=4
2026-09-11T12:05:33.028+05:30  INFO 25444 --- [fraud-engine-service] [scheduling-1] c.s.f.f.client.RuleCacheClient           : Fetching active rules from Rule Cache
2026-09-11T12:05:33.035+05:30  INFO 25444 --- [fraud-engine-service] [scheduling-1] c.s.f.f.client.RuleCacheClient           : Fetched 10 active rules from Rule Cache
2026-09-11T12:05:33.035+05:30  INFO 25444 --- [fraud-engine-service] [scheduling-1] c.s.f.fraudengine.cache.ActiveRuleCache  : Active rule cache refreshed ruleCount=10
2026-09-11T12:06:03.024+05:30  INFO 25444 --- [fraud-engine-service] [scheduling-1] c.s.f.f.client.BlacklistCacheClient      : Fetching active blacklist from Rule Cache
2026-09-11T12:06:03.034+05:30  INFO 25444 --- [fraud-engine-service] [scheduling-1] c.s.f.f.client.BlacklistCacheClient      : Fetched 4 active blacklist entries from Rule Cache
2026-09-11T12:06:03.034+05:30  INFO 25444 --- [fraud-engine-service] [scheduling-1] c.s.f.f.cache.ActiveBlacklistCache       : Active blacklist cache refreshed entryCount=4
2026-09-11T12:06:03.040+05:30  INFO 25444 --- [fraud-engine-service] [scheduling-1] c.s.f.f.client.RuleCacheClient           : Fetching active rules from Rule Cache
2026-09-11T12:06:03.048+05:30  INFO 25444 --- [fraud-engine-service] [scheduling-1] c.s.f.f.client.RuleCacheClient           : Fetched 10 active rules from Rule Cache
2026-09-11T12:06:03.048+05:30  INFO 25444 --- [fraud-engine-service] [scheduling-1] c.s.f.fraudengine.cache.ActiveRuleCache  : Active rule cache refreshed ruleCount=10
2026-09-11T12:06:33.043+05:30  INFO 25444 --- [fraud-engine-service] [scheduling-1] c.s.f.f.client.BlacklistCacheClient      : Fetching active blacklist from Rule Cache
2026-09-11T12:06:33.051+05:30  INFO 25444 --- [fraud-engine-service] [scheduling-1] c.s.f.f.client.BlacklistCacheClient      : Fetched 4 active blacklist entries from Rule Cache
2026-09-11T12:06:33.051+05:30  INFO 25444 --- [fraud-engine-service] [scheduling-1] c.s.f.f.cache.ActiveBlacklistCache       : Active blacklist cache refreshed entryCount=4
2026-09-11T12:06:33.051+05:30  INFO 25444 --- [fraud-engine-service] [scheduling-1] c.s.f.f.client.RuleCacheClient           : Fetching active rules from Rule Cache
2026-09-11T12:06:33.051+05:30  INFO 25444 --- [fraud-engine-service] [scheduling-1] c.s.f.f.client.RuleCacheClient           : Fetched 10 active rules from Rule Cache
2026-09-11T12:06:33.051+05:30  INFO 25444 --- [fraud-engine-service] [scheduling-1] c.s.f.fraudengine.cache.ActiveRuleCache  : Active rule cache refreshed ruleCount=10
2026-09-11T12:07:03.055+05:30  INFO 25444 --- [fraud-engine-service] [scheduling-1] c.s.f.f.client.BlacklistCacheClient      : Fetching active blacklist from Rule Cache
2026-09-11T12:07:03.081+05:30  INFO 25444 --- [fraud-engine-service] [scheduling-1] c.s.f.f.client.BlacklistCacheClient      : Fetched 4 active blacklist entries from Rule Cache
2026-09-11T12:07:03.081+05:30  INFO 25444 --- [fraud-engine-service] [scheduling-1] c.s.f.f.cache.ActiveBlacklistCache       : Active blacklist cache refreshed entryCount=4
2026-09-11T12:07:03.081+05:30  INFO 25444 --- [fraud-engine-service] [scheduling-1] c.s.f.f.client.RuleCacheClient           : Fetching active rules from Rule Cache
2026-09-11T12:07:03.089+05:30  INFO 25444 --- [fraud-engine-service] [scheduling-1] c.s.f.f.client.RuleCacheClient           : Fetched 10 active rules from Rule Cache
2026-09-11T12:07:03.089+05:30  INFO 25444 --- [fraud-engine-service] [scheduling-1] c.s.f.fraudengine.cache.ActiveRuleCache  : Active rule cache refreshed ruleCount=10
2026-09-11T12:07:33.087+05:30  INFO 25444 --- [fraud-engine-service] [scheduling-1] c.s.f.f.client.BlacklistCacheClient      : Fetching active blacklist from Rule Cache
2026-09-11T12:07:33.103+05:30  INFO 25444 --- [fraud-engine-service] [scheduling-1] c.s.f.f.client.BlacklistCacheClient      : Fetched 4 active blacklist entries from Rule Cache
2026-09-11T12:07:33.103+05:30  INFO 25444 --- [fraud-engine-service] [scheduling-1] c.s.f.f.cache.ActiveBlacklistCache       : Active blacklist cache refreshed entryCount=4
2026-09-11T12:07:33.103+05:30  INFO 25444 --- [fraud-engine-service] [scheduling-1] c.s.f.f.client.RuleCacheClient           : Fetching active rules from Rule Cache
2026-09-11T12:07:33.127+05:30  INFO 25444 --- [fraud-engine-service] [scheduling-1] c.s.f.f.client.RuleCacheClient           : Fetched 10 active rules from Rule Cache
2026-09-11T12:07:33.127+05:30  INFO 25444 --- [fraud-engine-service] [scheduling-1] c.s.f.fraudengine.cache.ActiveRuleCache  : Active rule cache refreshed ruleCount=10
2026-09-11T12:08:03.106+05:30  INFO 25444 --- [fraud-engine-service] [scheduling-1] c.s.f.f.client.BlacklistCacheClient      : Fetching active blacklist from Rule Cache
2026-09-11T12:08:03.131+05:30  INFO 25444 --- [fraud-engine-service] [scheduling-1] c.s.f.f.client.BlacklistCacheClient      : Fetched 4 active blacklist entries from Rule Cache
2026-09-11T12:08:03.131+05:30  INFO 25444 --- [fraud-engine-service] [scheduling-1] c.s.f.f.cache.ActiveBlacklistCache       : Active blacklist cache refreshed entryCount=4
2026-09-11T12:08:03.134+05:30  INFO 25444 --- [fraud-engine-service] [scheduling-1] c.s.f.f.client.RuleCacheClient           : Fetching active rules from Rule Cache
2026-09-11T12:08:03.147+05:30  INFO 25444 --- [fraud-engine-service] [scheduling-1] c.s.f.f.client.RuleCacheClient           : Fetched 10 active rules from Rule Cache
2026-09-11T12:08:03.147+05:30  INFO 25444 --- [fraud-engine-service] [scheduling-1] c.s.f.fraudengine.cache.ActiveRuleCache  : Active rule cache refreshed ruleCount=10
2026-09-11T12:08:33.142+05:30  INFO 25444 --- [fraud-engine-service] [scheduling-1] c.s.f.f.client.BlacklistCacheClient      : Fetching active blacklist from Rule Cache
2026-09-11T12:08:33.153+05:30  INFO 25444 --- [fraud-engine-service] [scheduling-1] c.s.f.f.client.BlacklistCacheClient      : Fetched 4 active blacklist entries from Rule Cache
2026-09-11T12:08:33.156+05:30  INFO 25444 --- [fraud-engine-service] [scheduling-1] c.s.f.f.cache.ActiveBlacklistCache       : Active blacklist cache refreshed entryCount=4
2026-09-11T12:08:33.156+05:30  INFO 25444 --- [fraud-engine-service] [scheduling-1] c.s.f.f.client.RuleCacheClient           : Fetching active rules from Rule Cache
2026-09-11T12:08:33.172+05:30  INFO 25444 --- [fraud-engine-service] [scheduling-1] c.s.f.f.client.RuleCacheClient           : Fetched 10 active rules from Rule Cache
2026-09-11T12:08:33.172+05:30  INFO 25444 --- [fraud-engine-service] [scheduling-1] c.s.f.fraudengine.cache.ActiveRuleCache  : Active rule cache refreshed ruleCount=10
2026-09-11T12:09:03.162+05:30  INFO 25444 --- [fraud-engine-service] [scheduling-1] c.s.f.f.client.BlacklistCacheClient      : Fetching active blacklist from Rule Cache
2026-09-11T12:09:03.172+05:30  INFO 25444 --- [fraud-engine-service] [scheduling-1] c.s.f.f.client.BlacklistCacheClient      : Fetched 4 active blacklist entries from Rule Cache
2026-09-11T12:09:03.172+05:30  INFO 25444 --- [fraud-engine-service] [scheduling-1] c.s.f.f.cache.ActiveBlacklistCache       : Active blacklist cache refreshed entryCount=4
2026-09-11T12:09:03.178+05:30  INFO 25444 --- [fraud-engine-service] [scheduling-1] c.s.f.f.client.RuleCacheClient           : Fetching active rules from Rule Cache
2026-09-11T12:09:03.186+05:30  INFO 25444 --- [fraud-engine-service] [scheduling-1] c.s.f.f.client.RuleCacheClient           : Fetched 10 active rules from Rule Cache
2026-09-11T12:09:03.186+05:30  INFO 25444 --- [fraud-engine-service] [scheduling-1] c.s.f.fraudengine.cache.ActiveRuleCache  : Active rule cache refreshed ruleCount=10
2026-09-11T12:09:33.175+05:30  INFO 25444 --- [fraud-engine-service] [scheduling-1] c.s.f.f.client.BlacklistCacheClient      : Fetching active blacklist from Rule Cache
2026-09-11T12:09:33.188+05:30  INFO 25444 --- [fraud-engine-service] [scheduling-1] c.s.f.f.client.BlacklistCacheClient      : Fetched 4 active blacklist entries from Rule Cache
2026-09-11T12:09:33.188+05:30  INFO 25444 --- [fraud-engine-service] [scheduling-1] c.s.f.f.cache.ActiveBlacklistCache       : Active blacklist cache refreshed entryCount=4
2026-09-11T12:09:33.188+05:30  INFO 25444 --- [fraud-engine-service] [scheduling-1] c.s.f.f.client.RuleCacheClient           : Fetching active rules from Rule Cache
2026-09-11T12:09:33.198+05:30  INFO 25444 --- [fraud-engine-service] [scheduling-1] c.s.f.f.client.RuleCacheClient           : Fetched 10 active rules from Rule Cache
2026-09-11T12:09:33.198+05:30  INFO 25444 --- [fraud-engine-service] [scheduling-1] c.s.f.fraudengine.cache.ActiveRuleCache  : Active rule cache refreshed ruleCount=10
2026-09-11T12:10:03.189+05:30  INFO 25444 --- [fraud-engine-service] [scheduling-1] c.s.f.f.client.BlacklistCacheClient      : Fetching active blacklist from Rule Cache
2026-09-11T12:10:03.203+05:30  INFO 25444 --- [fraud-engine-service] [scheduling-1] c.s.f.f.client.BlacklistCacheClient      : Fetched 4 active blacklist entries from Rule Cache
2026-09-11T12:10:03.203+05:30  INFO 25444 --- [fraud-engine-service] [scheduling-1] c.s.f.f.cache.ActiveBlacklistCache       : Active blacklist cache refreshed entryCount=4
2026-09-11T12:10:03.204+05:30  INFO 25444 --- [fraud-engine-service] [scheduling-1] c.s.f.f.client.RuleCacheClient           : Fetching active rules from Rule Cache
2026-09-11T12:10:03.221+05:30  INFO 25444 --- [fraud-engine-service] [scheduling-1] c.s.f.f.client.RuleCacheClient           : Fetched 10 active rules from Rule Cache
2026-09-11T12:10:03.221+05:30  INFO 25444 --- [fraud-engine-service] [scheduling-1] c.s.f.fraudengine.cache.ActiveRuleCache  : Active rule cache refreshed ruleCount=10
2026-09-11T12:10:28.430+05:30  INFO 25444 --- [fraud-engine-service] [AsyncResolver-bootstrap-executor-%d] c.n.d.s.r.aws.ConfigClusterResolver      : Resolving eureka endpoints via configuration
2026-09-11T12:10:33.210+05:30  INFO 25444 --- [fraud-engine-service] [scheduling-1] c.s.f.f.client.BlacklistCacheClient      : Fetching active blacklist from Rule Cache
2026-09-11T12:10:33.232+05:30  INFO 25444 --- [fraud-engine-service] [scheduling-1] c.s.f.f.client.BlacklistCacheClient      : Fetched 4 active blacklist entries from Rule Cache
2026-09-11T12:10:33.232+05:30  INFO 25444 --- [fraud-engine-service] [scheduling-1] c.s.f.f.cache.ActiveBlacklistCache       : Active blacklist cache refreshed entryCount=4
2026-09-11T12:10:33.232+05:30  INFO 25444 --- [fraud-engine-service] [scheduling-1] c.s.f.f.client.RuleCacheClient           : Fetching active rules from Rule Cache
2026-09-11T12:10:33.241+05:30  INFO 25444 --- [fraud-engine-service] [scheduling-1] c.s.f.f.client.RuleCacheClient           : Fetched 10 active rules from Rule Cache
2026-09-11T12:10:33.241+05:30  INFO 25444 --- [fraud-engine-service] [scheduling-1] c.s.f.fraudengine.cache.ActiveRuleCache  : Active rule cache refreshed ruleCount=10
2026-09-11T12:11:03.246+05:30  INFO 25444 --- [fraud-engine-service] [scheduling-1] c.s.f.f.client.BlacklistCacheClient      : Fetching active blacklist from Rule Cache
2026-09-11T12:11:03.271+05:30  INFO 25444 --- [fraud-engine-service] [scheduling-1] c.s.f.f.client.BlacklistCacheClient      : Fetched 4 active blacklist entries from Rule Cache
2026-09-11T12:11:03.271+05:30  INFO 25444 --- [fraud-engine-service] [scheduling-1] c.s.f.f.cache.ActiveBlacklistCache       : Active blacklist cache refreshed entryCount=4
2026-09-11T12:11:03.271+05:30  INFO 25444 --- [fraud-engine-service] [scheduling-1] c.s.f.f.client.RuleCacheClient           : Fetching active rules from Rule Cache
2026-09-11T12:11:03.275+05:30  INFO 25444 --- [fraud-engine-service] [scheduling-1] c.s.f.f.client.RuleCacheClient           : Fetched 10 active rules from Rule Cache
2026-09-11T12:11:03.275+05:30  INFO 25444 --- [fraud-engine-service] [scheduling-1] c.s.f.fraudengine.cache.ActiveRuleCache  : Active rule cache refreshed ruleCount=10
2026-09-11T12:11:33.286+05:30  INFO 25444 --- [fraud-engine-service] [scheduling-1] c.s.f.f.client.BlacklistCacheClient      : Fetching active blacklist from Rule Cache
2026-09-11T12:11:33.294+05:30  INFO 25444 --- [fraud-engine-service] [scheduling-1] c.s.f.f.client.BlacklistCacheClient      : Fetched 4 active blacklist entries from Rule Cache
2026-09-11T12:11:33.294+05:30  INFO 25444 --- [fraud-engine-service] [scheduling-1] c.s.f.f.cache.ActiveBlacklistCache       : Active blacklist cache refreshed entryCount=4
2026-09-11T12:11:33.294+05:30  INFO 25444 --- [fraud-engine-service] [scheduling-1] c.s.f.f.client.RuleCacheClient           : Fetching active rules from Rule Cache
2026-09-11T12:11:33.311+05:30  INFO 25444 --- [fraud-engine-service] [scheduling-1] c.s.f.f.client.RuleCacheClient           : Fetched 10 active rules from Rule Cache
2026-09-11T12:11:33.311+05:30  INFO 25444 --- [fraud-engine-service] [scheduling-1] c.s.f.fraudengine.cache.ActiveRuleCache  : Active rule cache refreshed ruleCount=10
2026-09-11T12:12:03.309+05:30  INFO 25444 --- [fraud-engine-service] [scheduling-1] c.s.f.f.client.BlacklistCacheClient      : Fetching active blacklist from Rule Cache
2026-09-11T12:12:03.320+05:30  INFO 25444 --- [fraud-engine-service] [scheduling-1] c.s.f.f.client.BlacklistCacheClient      : Fetched 4 active blacklist entries from Rule Cache
2026-09-11T12:12:03.320+05:30  INFO 25444 --- [fraud-engine-service] [scheduling-1] c.s.f.f.cache.ActiveBlacklistCache       : Active blacklist cache refreshed entryCount=4
2026-09-11T12:12:03.320+05:30  INFO 25444 --- [fraud-engine-service] [scheduling-1] c.s.f.f.client.RuleCacheClient           : Fetching active rules from Rule Cache
2026-09-11T12:12:03.331+05:30  INFO 25444 --- [fraud-engine-service] [scheduling-1] c.s.f.f.client.RuleCacheClient           : Fetched 10 active rules from Rule Cache
2026-09-11T12:12:03.331+05:30  INFO 25444 --- [fraud-engine-service] [scheduling-1] c.s.f.fraudengine.cache.ActiveRuleCache  : Active rule cache refreshed ruleCount=10
2026-09-11T12:12:33.325+05:30  INFO 25444 --- [fraud-engine-service] [scheduling-1] c.s.f.f.client.BlacklistCacheClient      : Fetching active blacklist from Rule Cache
2026-09-11T12:12:33.333+05:30  INFO 25444 --- [fraud-engine-service] [scheduling-1] c.s.f.f.client.BlacklistCacheClient      : Fetched 4 active blacklist entries from Rule Cache
2026-09-11T12:12:33.333+05:30  INFO 25444 --- [fraud-engine-service] [scheduling-1] c.s.f.f.cache.ActiveBlacklistCache       : Active blacklist cache refreshed entryCount=4
2026-09-11T12:12:33.335+05:30  INFO 25444 --- [fraud-engine-service] [scheduling-1] c.s.f.f.client.RuleCacheClient           : Fetching active rules from Rule Cache
2026-09-11T12:12:33.381+05:30  INFO 25444 --- [fraud-engine-service] [scheduling-1] c.s.f.f.client.RuleCacheClient           : Fetched 10 active rules from Rule Cache
2026-09-11T12:12:33.381+05:30  INFO 25444 --- [fraud-engine-service] [scheduling-1] c.s.f.fraudengine.cache.ActiveRuleCache  : Active rule cache refreshed ruleCount=10
2026-09-11T12:13:03.339+05:30  INFO 25444 --- [fraud-engine-service] [scheduling-1] c.s.f.f.client.BlacklistCacheClient      : Fetching active blacklist from Rule Cache
2026-09-11T12:13:03.348+05:30  INFO 25444 --- [fraud-engine-service] [scheduling-1] c.s.f.f.client.BlacklistCacheClient      : Fetched 4 active blacklist entries from Rule Cache
2026-09-11T12:13:03.348+05:30  INFO 25444 --- [fraud-engine-service] [scheduling-1] c.s.f.f.cache.ActiveBlacklistCache       : Active blacklist cache refreshed entryCount=4
2026-09-11T12:13:03.387+05:30  INFO 25444 --- [fraud-engine-service] [scheduling-1] c.s.f.f.client.RuleCacheClient           : Fetching active rules from Rule Cache
2026-09-11T12:13:03.396+05:30  INFO 25444 --- [fraud-engine-service] [scheduling-1] c.s.f.f.client.RuleCacheClient           : Fetched 10 active rules from Rule Cache
2026-09-11T12:13:03.396+05:30  INFO 25444 --- [fraud-engine-service] [scheduling-1] c.s.f.fraudengine.cache.ActiveRuleCache  : Active rule cache refreshed ruleCount=10
2026-09-11T12:13:33.355+05:30  INFO 25444 --- [fraud-engine-service] [scheduling-1] c.s.f.f.client.BlacklistCacheClient      : Fetching active blacklist from Rule Cache
2026-09-11T12:13:33.381+05:30  INFO 25444 --- [fraud-engine-service] [scheduling-1] c.s.f.f.client.BlacklistCacheClient      : Fetched 4 active blacklist entries from Rule Cache
2026-09-11T12:13:33.381+05:30  INFO 25444 --- [fraud-engine-service] [scheduling-1] c.s.f.f.cache.ActiveBlacklistCache       : Active blacklist cache refreshed entryCount=4
2026-09-11T12:13:33.397+05:30  INFO 25444 --- [fraud-engine-service] [scheduling-1] c.s.f.f.client.RuleCacheClient           : Fetching active rules from Rule Cache
2026-09-11T12:13:33.409+05:30  INFO 25444 --- [fraud-engine-service] [scheduling-1] c.s.f.f.client.RuleCacheClient           : Fetched 10 active rules from Rule Cache
2026-09-11T12:13:33.409+05:30  INFO 25444 --- [fraud-engine-service] [scheduling-1] c.s.f.fraudengine.cache.ActiveRuleCache  : Active rule cache refreshed ruleCount=10
2026-09-11T12:14:03.386+05:30  INFO 25444 --- [fraud-engine-service] [scheduling-1] c.s.f.f.client.BlacklistCacheClient      : Fetching active blacklist from Rule Cache
2026-09-11T12:14:03.395+05:30  INFO 25444 --- [fraud-engine-service] [scheduling-1] c.s.f.f.client.BlacklistCacheClient      : Fetched 4 active blacklist entries from Rule Cache
2026-09-11T12:14:03.395+05:30  INFO 25444 --- [fraud-engine-service] [scheduling-1] c.s.f.f.cache.ActiveBlacklistCache       : Active blacklist cache refreshed entryCount=4
2026-09-11T12:14:03.426+05:30  INFO 25444 --- [fraud-engine-service] [scheduling-1] c.s.f.f.client.RuleCacheClient           : Fetching active rules from Rule Cache
2026-09-11T12:14:03.434+05:30  INFO 25444 --- [fraud-engine-service] [scheduling-1] c.s.f.f.client.RuleCacheClient           : Fetched 10 active rules from Rule Cache
2026-09-11T12:14:03.434+05:30  INFO 25444 --- [fraud-engine-service] [scheduling-1] c.s.f.fraudengine.cache.ActiveRuleCache  : Active rule cache refreshed ruleCount=10
2026-09-11T12:14:33.406+05:30  INFO 25444 --- [fraud-engine-service] [scheduling-1] c.s.f.f.client.BlacklistCacheClient      : Fetching active blacklist from Rule Cache
2026-09-11T12:14:33.422+05:30  INFO 25444 --- [fraud-engine-service] [scheduling-1] c.s.f.f.client.BlacklistCacheClient      : Fetched 4 active blacklist entries from Rule Cache
2026-09-11T12:14:33.424+05:30  INFO 25444 --- [fraud-engine-service] [scheduling-1] c.s.f.f.cache.ActiveBlacklistCache       : Active blacklist cache refreshed entryCount=4
2026-09-11T12:14:33.439+05:30  INFO 25444 --- [fraud-engine-service] [scheduling-1] c.s.f.f.client.RuleCacheClient           : Fetching active rules from Rule Cache
2026-09-11T12:14:33.450+05:30  INFO 25444 --- [fraud-engine-service] [scheduling-1] c.s.f.f.client.RuleCacheClient           : Fetched 10 active rules from Rule Cache
2026-09-11T12:14:33.450+05:30  INFO 25444 --- [fraud-engine-service] [scheduling-1] c.s.f.fraudengine.cache.ActiveRuleCache  : Active rule cache refreshed ruleCount=10
2026-09-11T12:15:03.432+05:30  INFO 25444 --- [fraud-engine-service] [scheduling-1] c.s.f.f.client.BlacklistCacheClient      : Fetching active blacklist from Rule Cache
2026-09-11T12:15:03.445+05:30  INFO 25444 --- [fraud-engine-service] [scheduling-1] c.s.f.f.client.BlacklistCacheClient      : Fetched 4 active blacklist entries from Rule Cache
2026-09-11T12:15:03.445+05:30  INFO 25444 --- [fraud-engine-service] [scheduling-1] c.s.f.f.cache.ActiveBlacklistCache       : Active blacklist cache refreshed entryCount=4
2026-09-11T12:15:03.463+05:30  INFO 25444 --- [fraud-engine-service] [scheduling-1] c.s.f.f.client.RuleCacheClient           : Fetching active rules from Rule Cache
2026-09-11T12:15:03.472+05:30  INFO 25444 --- [fraud-engine-service] [scheduling-1] c.s.f.f.client.RuleCacheClient           : Fetched 10 active rules from Rule Cache
2026-09-11T12:15:03.473+05:30  INFO 25444 --- [fraud-engine-service] [scheduling-1] c.s.f.fraudengine.cache.ActiveRuleCache  : Active rule cache refreshed ruleCount=10
2026-09-11T12:15:28.432+05:30  INFO 25444 --- [fraud-engine-service] [AsyncResolver-bootstrap-executor-%d] c.n.d.s.r.aws.ConfigClusterResolver      : Resolving eureka endpoints via configuration
2026-09-11T12:15:33.459+05:30  INFO 25444 --- [fraud-engine-service] [scheduling-1] c.s.f.f.client.BlacklistCacheClient      : Fetching active blacklist from Rule Cache
2026-09-11T12:15:33.470+05:30  INFO 25444 --- [fraud-engine-service] [scheduling-1] c.s.f.f.client.BlacklistCacheClient      : Fetched 4 active blacklist entries from Rule Cache
2026-09-11T12:15:33.470+05:30  INFO 25444 --- [fraud-engine-service] [scheduling-1] c.s.f.f.cache.ActiveBlacklistCache       : Active blacklist cache refreshed entryCount=4
2026-09-11T12:15:33.475+05:30  INFO 25444 --- [fraud-engine-service] [scheduling-1] c.s.f.f.client.RuleCacheClient           : Fetching active rules from Rule Cache
2026-09-11T12:15:33.481+05:30  INFO 25444 --- [fraud-engine-service] [scheduling-1] c.s.f.f.client.RuleCacheClient           : Fetched 10 active rules from Rule Cache
2026-09-11T12:15:33.481+05:30  INFO 25444 --- [fraud-engine-service] [scheduling-1] c.s.f.fraudengine.cache.ActiveRuleCache  : Active rule cache refreshed ruleCount=10
2026-09-11T12:16:03.473+05:30  INFO 25444 --- [fraud-engine-service] [scheduling-1] c.s.f.f.client.BlacklistCacheClient      : Fetching active blacklist from Rule Cache
2026-09-11T12:16:03.491+05:30  INFO 25444 --- [fraud-engine-service] [scheduling-1] c.s.f.f.client.BlacklistCacheClient      : Fetched 4 active blacklist entries from Rule Cache
2026-09-11T12:16:03.491+05:30  INFO 25444 --- [fraud-engine-service] [scheduling-1] c.s.f.f.cache.ActiveBlacklistCache       : Active blacklist cache refreshed entryCount=4
2026-09-11T12:16:03.491+05:30  INFO 25444 --- [fraud-engine-service] [scheduling-1] c.s.f.f.client.RuleCacheClient           : Fetching active rules from Rule Cache
2026-09-11T12:16:03.505+05:30  INFO 25444 --- [fraud-engine-service] [scheduling-1] c.s.f.f.client.RuleCacheClient           : Fetched 10 active rules from Rule Cache
2026-09-11T12:16:03.505+05:30  INFO 25444 --- [fraud-engine-service] [scheduling-1] c.s.f.fraudengine.cache.ActiveRuleCache  : Active rule cache refreshed ruleCount=10
2026-09-11T12:16:33.505+05:30  INFO 25444 --- [fraud-engine-service] [scheduling-1] c.s.f.f.client.BlacklistCacheClient      : Fetching active blacklist from Rule Cache
2026-09-11T12:16:33.513+05:30  INFO 25444 --- [fraud-engine-service] [scheduling-1] c.s.f.f.client.BlacklistCacheClient      : Fetched 4 active blacklist entries from Rule Cache
2026-09-11T12:16:33.513+05:30  INFO 25444 --- [fraud-engine-service] [scheduling-1] c.s.f.f.cache.ActiveBlacklistCache       : Active blacklist cache refreshed entryCount=4
2026-09-11T12:16:33.513+05:30  INFO 25444 --- [fraud-engine-service] [scheduling-1] c.s.f.f.client.RuleCacheClient           : Fetching active rules from Rule Cache
2026-09-11T12:16:33.535+05:30  INFO 25444 --- [fraud-engine-service] [scheduling-1] c.s.f.f.client.RuleCacheClient           : Fetched 10 active rules from Rule Cache
2026-09-11T12:16:33.535+05:30  INFO 25444 --- [fraud-engine-service] [scheduling-1] c.s.f.fraudengine.cache.ActiveRuleCache  : Active rule cache refreshed ruleCount=10
2026-09-11T12:17:03.532+05:30  INFO 25444 --- [fraud-engine-service] [scheduling-1] c.s.f.f.client.BlacklistCacheClient      : Fetching active blacklist from Rule Cache
2026-09-11T12:17:03.537+05:30  INFO 25444 --- [fraud-engine-service] [scheduling-1] c.s.f.f.client.BlacklistCacheClient      : Fetched 4 active blacklist entries from Rule Cache
2026-09-11T12:17:03.537+05:30  INFO 25444 --- [fraud-engine-service] [scheduling-1] c.s.f.f.cache.ActiveBlacklistCache       : Active blacklist cache refreshed entryCount=4
2026-09-11T12:17:03.537+05:30  INFO 25444 --- [fraud-engine-service] [scheduling-1] c.s.f.f.client.RuleCacheClient           : Fetching active rules from Rule Cache
2026-09-11T12:17:03.551+05:30  INFO 25444 --- [fraud-engine-service] [scheduling-1] c.s.f.f.client.RuleCacheClient           : Fetched 10 active rules from Rule Cache
2026-09-11T12:17:03.551+05:30  INFO 25444 --- [fraud-engine-service] [scheduling-1] c.s.f.fraudengine.cache.ActiveRuleCache  : Active rule cache refreshed ruleCount=10
2026-09-11T12:17:33.545+05:30  INFO 25444 --- [fraud-engine-service] [scheduling-1] c.s.f.f.client.BlacklistCacheClient      : Fetching active blacklist from Rule Cache
2026-09-11T12:17:33.559+05:30  INFO 25444 --- [fraud-engine-service] [scheduling-1] c.s.f.f.client.BlacklistCacheClient      : Fetched 4 active blacklist entries from Rule Cache
2026-09-11T12:17:33.559+05:30  INFO 25444 --- [fraud-engine-service] [scheduling-1] c.s.f.f.cache.ActiveBlacklistCache       : Active blacklist cache refreshed entryCount=4
2026-09-11T12:17:33.559+05:30  INFO 25444 --- [fraud-engine-service] [scheduling-1] c.s.f.f.client.RuleCacheClient           : Fetching active rules from Rule Cache
2026-09-11T12:17:33.569+05:30  INFO 25444 --- [fraud-engine-service] [scheduling-1] c.s.f.f.client.RuleCacheClient           : Fetched 10 active rules from Rule Cache
2026-09-11T12:17:33.570+05:30  INFO 25444 --- [fraud-engine-service] [scheduling-1] c.s.f.fraudengine.cache.ActiveRuleCache  : Active rule cache refreshed ruleCount=10
2026-09-11T12:18:03.570+05:30  INFO 25444 --- [fraud-engine-service] [scheduling-1] c.s.f.f.client.BlacklistCacheClient      : Fetching active blacklist from Rule Cache
2026-09-11T12:18:03.578+05:30  INFO 25444 --- [fraud-engine-service] [scheduling-1] c.s.f.f.client.BlacklistCacheClient      : Fetched 4 active blacklist entries from Rule Cache
2026-09-11T12:18:03.578+05:30  INFO 25444 --- [fraud-engine-service] [scheduling-1] c.s.f.f.cache.ActiveBlacklistCache       : Active blacklist cache refreshed entryCount=4
2026-09-11T12:18:03.578+05:30  INFO 25444 --- [fraud-engine-service] [scheduling-1] c.s.f.f.client.RuleCacheClient           : Fetching active rules from Rule Cache
2026-09-11T12:18:03.590+05:30  INFO 25444 --- [fraud-engine-service] [scheduling-1] c.s.f.f.client.RuleCacheClient           : Fetched 10 active rules from Rule Cache
2026-09-11T12:18:03.590+05:30  INFO 25444 --- [fraud-engine-service] [scheduling-1] c.s.f.fraudengine.cache.ActiveRuleCache  : Active rule cache refreshed ruleCount=10
2026-09-11T12:18:33.592+05:30  INFO 25444 --- [fraud-engine-service] [scheduling-1] c.s.f.f.client.BlacklistCacheClient      : Fetching active blacklist from Rule Cache
2026-09-11T12:18:33.605+05:30  INFO 25444 --- [fraud-engine-service] [scheduling-1] c.s.f.f.client.BlacklistCacheClient      : Fetched 4 active blacklist entries from Rule Cache
2026-09-11T12:18:33.605+05:30  INFO 25444 --- [fraud-engine-service] [scheduling-1] c.s.f.f.cache.ActiveBlacklistCache       : Active blacklist cache refreshed entryCount=4
2026-09-11T12:18:33.605+05:30  INFO 25444 --- [fraud-engine-service] [scheduling-1] c.s.f.f.client.RuleCacheClient           : Fetching active rules from Rule Cache
2026-09-11T12:18:33.621+05:30  INFO 25444 --- [fraud-engine-service] [scheduling-1] c.s.f.f.client.RuleCacheClient           : Fetched 10 active rules from Rule Cache
2026-09-11T12:18:33.621+05:30  INFO 25444 --- [fraud-engine-service] [scheduling-1] c.s.f.fraudengine.cache.ActiveRuleCache  : Active rule cache refreshed ruleCount=10
2026-09-11T12:19:03.614+05:30  INFO 25444 --- [fraud-engine-service] [scheduling-1] c.s.f.f.client.BlacklistCacheClient      : Fetching active blacklist from Rule Cache
2026-09-11T12:19:03.625+05:30  INFO 25444 --- [fraud-engine-service] [scheduling-1] c.s.f.f.client.BlacklistCacheClient      : Fetched 4 active blacklist entries from Rule Cache
2026-09-11T12:19:03.626+05:30  INFO 25444 --- [fraud-engine-service] [scheduling-1] c.s.f.f.cache.ActiveBlacklistCache       : Active blacklist cache refreshed entryCount=4
2026-09-11T12:19:03.626+05:30  INFO 25444 --- [fraud-engine-service] [scheduling-1] c.s.f.f.client.RuleCacheClient           : Fetching active rules from Rule Cache
2026-09-11T12:19:03.635+05:30  INFO 25444 --- [fraud-engine-service] [scheduling-1] c.s.f.f.client.RuleCacheClient           : Fetched 10 active rules from Rule Cache
2026-09-11T12:19:03.636+05:30  INFO 25444 --- [fraud-engine-service] [scheduling-1] c.s.f.fraudengine.cache.ActiveRuleCache  : Active rule cache refreshed ruleCount=10
2026-09-11T12:19:33.639+05:30  INFO 25444 --- [fraud-engine-service] [scheduling-1] c.s.f.f.client.BlacklistCacheClient      : Fetching active blacklist from Rule Cache
2026-09-11T12:19:33.648+05:30  INFO 25444 --- [fraud-engine-service] [scheduling-1] c.s.f.f.client.BlacklistCacheClient      : Fetched 4 active blacklist entries from Rule Cache
2026-09-11T12:19:33.648+05:30  INFO 25444 --- [fraud-engine-service] [scheduling-1] c.s.f.f.cache.ActiveBlacklistCache       : Active blacklist cache refreshed entryCount=4
2026-09-11T12:19:33.648+05:30  INFO 25444 --- [fraud-engine-service] [scheduling-1] c.s.f.f.client.RuleCacheClient           : Fetching active rules from Rule Cache
2026-09-11T12:19:33.659+05:30  INFO 25444 --- [fraud-engine-service] [scheduling-1] c.s.f.f.client.RuleCacheClient           : Fetched 10 active rules from Rule Cache
2026-09-11T12:19:33.660+05:30  INFO 25444 --- [fraud-engine-service] [scheduling-1] c.s.f.fraudengine.cache.ActiveRuleCache  : Active rule cache refreshed ruleCount=10
2026-09-11T12:20:03.649+05:30  INFO 25444 --- [fraud-engine-service] [scheduling-1] c.s.f.f.client.BlacklistCacheClient      : Fetching active blacklist from Rule Cache
2026-09-11T12:20:03.664+05:30  INFO 25444 --- [fraud-engine-service] [scheduling-1] c.s.f.f.client.BlacklistCacheClient      : Fetched 4 active blacklist entries from Rule Cache
2026-09-11T12:20:03.664+05:30  INFO 25444 --- [fraud-engine-service] [scheduling-1] c.s.f.f.cache.ActiveBlacklistCache       : Active blacklist cache refreshed entryCount=4
2026-09-11T12:20:03.665+05:30  INFO 25444 --- [fraud-engine-service] [scheduling-1] c.s.f.f.client.RuleCacheClient           : Fetching active rules from Rule Cache
2026-09-11T12:20:03.674+05:30  INFO 25444 --- [fraud-engine-service] [scheduling-1] c.s.f.f.client.RuleCacheClient           : Fetched 10 active rules from Rule Cache
2026-09-11T12:20:03.674+05:30  INFO 25444 --- [fraud-engine-service] [scheduling-1] c.s.f.fraudengine.cache.ActiveRuleCache  : Active rule cache refreshed ruleCount=10
2026-09-11T12:20:28.445+05:30  INFO 25444 --- [fraud-engine-service] [AsyncResolver-bootstrap-executor-%d] c.n.d.s.r.aws.ConfigClusterResolver      : Resolving eureka endpoints via configuration
2026-09-11T12:20:33.671+05:30  INFO 25444 --- [fraud-engine-service] [scheduling-1] c.s.f.f.client.BlacklistCacheClient      : Fetching active blacklist from Rule Cache
2026-09-11T12:20:33.676+05:30  INFO 25444 --- [fraud-engine-service] [scheduling-1] c.s.f.f.client.BlacklistCacheClient      : Fetched 4 active blacklist entries from Rule Cache
2026-09-11T12:20:33.676+05:30  INFO 25444 --- [fraud-engine-service] [scheduling-1] c.s.f.f.cache.ActiveBlacklistCache       : Active blacklist cache refreshed entryCount=4
2026-09-11T12:20:33.676+05:30  INFO 25444 --- [fraud-engine-service] [scheduling-1] c.s.f.f.client.RuleCacheClient           : Fetching active rules from Rule Cache
2026-09-11T12:20:33.688+05:30  INFO 25444 --- [fraud-engine-service] [scheduling-1] c.s.f.f.client.RuleCacheClient           : Fetched 10 active rules from Rule Cache
2026-09-11T12:20:33.688+05:30  INFO 25444 --- [fraud-engine-service] [scheduling-1] c.s.f.fraudengine.cache.ActiveRuleCache  : Active rule cache refreshed ruleCount=10
2026-09-11T12:21:03.684+05:30  INFO 25444 --- [fraud-engine-service] [scheduling-1] c.s.f.f.client.BlacklistCacheClient      : Fetching active blacklist from Rule Cache
2026-09-11T12:21:03.693+05:30  INFO 25444 --- [fraud-engine-service] [scheduling-1] c.s.f.f.client.BlacklistCacheClient      : Fetched 4 active blacklist entries from Rule Cache
2026-09-11T12:21:03.693+05:30  INFO 25444 --- [fraud-engine-service] [scheduling-1] c.s.f.f.cache.ActiveBlacklistCache       : Active blacklist cache refreshed entryCount=4
2026-09-11T12:21:03.693+05:30  INFO 25444 --- [fraud-engine-service] [scheduling-1] c.s.f.f.client.RuleCacheClient           : Fetching active rules from Rule Cache
2026-09-11T12:21:03.700+05:30  INFO 25444 --- [fraud-engine-service] [scheduling-1] c.s.f.f.client.RuleCacheClient           : Fetched 10 active rules from Rule Cache
2026-09-11T12:21:03.700+05:30  INFO 25444 --- [fraud-engine-service] [scheduling-1] c.s.f.fraudengine.cache.ActiveRuleCache  : Active rule cache refreshed ruleCount=10
2026-09-11T12:21:33.707+05:30  INFO 25444 --- [fraud-engine-service] [scheduling-1] c.s.f.f.client.BlacklistCacheClient      : Fetching active blacklist from Rule Cache
2026-09-11T12:21:33.718+05:30  INFO 25444 --- [fraud-engine-service] [scheduling-1] c.s.f.f.client.BlacklistCacheClient      : Fetched 4 active blacklist entries from Rule Cache
2026-09-11T12:21:33.718+05:30  INFO 25444 --- [fraud-engine-service] [scheduling-1] c.s.f.f.cache.ActiveBlacklistCache       : Active blacklist cache refreshed entryCount=4
2026-09-11T12:21:33.718+05:30  INFO 25444 --- [fraud-engine-service] [scheduling-1] c.s.f.f.client.RuleCacheClient           : Fetching active rules from Rule Cache
2026-09-11T12:21:33.727+05:30  INFO 25444 --- [fraud-engine-service] [scheduling-1] c.s.f.f.client.RuleCacheClient           : Fetched 10 active rules from Rule Cache
2026-09-11T12:21:33.727+05:30  INFO 25444 --- [fraud-engine-service] [scheduling-1] c.s.f.fraudengine.cache.ActiveRuleCache  : Active rule cache refreshed ruleCount=10
2026-09-11T12:22:03.735+05:30  INFO 25444 --- [fraud-engine-service] [scheduling-1] c.s.f.f.client.BlacklistCacheClient      : Fetching active blacklist from Rule Cache
2026-09-11T12:22:03.741+05:30  INFO 25444 --- [fraud-engine-service] [scheduling-1] c.s.f.f.client.BlacklistCacheClient      : Fetched 4 active blacklist entries from Rule Cache
2026-09-11T12:22:03.741+05:30  INFO 25444 --- [fraud-engine-service] [scheduling-1] c.s.f.f.cache.ActiveBlacklistCache       : Active blacklist cache refreshed entryCount=4
2026-09-11T12:22:03.741+05:30  INFO 25444 --- [fraud-engine-service] [scheduling-1] c.s.f.f.client.RuleCacheClient           : Fetching active rules from Rule Cache
2026-09-11T12:22:03.754+05:30  INFO 25444 --- [fraud-engine-service] [scheduling-1] c.s.f.f.client.RuleCacheClient           : Fetched 10 active rules from Rule Cache
2026-09-11T12:22:03.754+05:30  INFO 25444 --- [fraud-engine-service] [scheduling-1] c.s.f.fraudengine.cache.ActiveRuleCache  : Active rule cache refreshed ruleCount=10
2026-09-11T12:22:33.749+05:30  INFO 25444 --- [fraud-engine-service] [scheduling-1] c.s.f.f.client.BlacklistCacheClient      : Fetching active blacklist from Rule Cache
2026-09-11T12:22:33.876+05:30  INFO 25444 --- [fraud-engine-service] [scheduling-1] c.s.f.f.client.BlacklistCacheClient      : Fetched 4 active blacklist entries from Rule Cache
2026-09-11T12:22:33.876+05:30  INFO 25444 --- [fraud-engine-service] [scheduling-1] c.s.f.f.cache.ActiveBlacklistCache       : Active blacklist cache refreshed entryCount=4
2026-09-11T12:22:34.195+05:30  INFO 25444 --- [fraud-engine-service] [scheduling-1] c.s.f.f.client.RuleCacheClient           : Fetching active rules from Rule Cache
2026-09-11T12:22:34.530+05:30  INFO 25444 --- [fraud-engine-service] [scheduling-1] c.s.f.f.client.RuleCacheClient           : Fetched 10 active rules from Rule Cache
2026-09-11T12:22:34.530+05:30  INFO 25444 --- [fraud-engine-service] [scheduling-1] c.s.f.fraudengine.cache.ActiveRuleCache  : Active rule cache refreshed ruleCount=10
2026-09-11T12:23:04.203+05:30  INFO 25444 --- [fraud-engine-service] [scheduling-1] c.s.f.f.client.BlacklistCacheClient      : Fetching active blacklist from Rule Cache
2026-09-11T12:23:04.211+05:30  INFO 25444 --- [fraud-engine-service] [scheduling-1] c.s.f.f.client.BlacklistCacheClient      : Fetched 4 active blacklist entries from Rule Cache
2026-09-11T12:23:04.211+05:30  INFO 25444 --- [fraud-engine-service] [scheduling-1] c.s.f.f.cache.ActiveBlacklistCache       : Active blacklist cache refreshed entryCount=4
2026-09-11T12:23:04.543+05:30  INFO 25444 --- [fraud-engine-service] [scheduling-1] c.s.f.f.client.RuleCacheClient           : Fetching active rules from Rule Cache
2026-09-11T12:23:04.548+05:30  INFO 25444 --- [fraud-engine-service] [scheduling-1] c.s.f.f.client.RuleCacheClient           : Fetched 10 active rules from Rule Cache
2026-09-11T12:23:04.548+05:30  INFO 25444 --- [fraud-engine-service] [scheduling-1] c.s.f.fraudengine.cache.ActiveRuleCache  : Active rule cache refreshed ruleCount=10
2026-09-11T12:23:34.225+05:30  INFO 25444 --- [fraud-engine-service] [scheduling-1] c.s.f.f.client.BlacklistCacheClient      : Fetching active blacklist from Rule Cache
2026-09-11T12:23:34.261+05:30  INFO 25444 --- [fraud-engine-service] [scheduling-1] c.s.f.f.client.BlacklistCacheClient      : Fetched 4 active blacklist entries from Rule Cache
2026-09-11T12:23:34.261+05:30  INFO 25444 --- [fraud-engine-service] [scheduling-1] c.s.f.f.cache.ActiveBlacklistCache       : Active blacklist cache refreshed entryCount=4
2026-09-11T12:23:34.567+05:30  INFO 25444 --- [fraud-engine-service] [scheduling-1] c.s.f.f.client.RuleCacheClient           : Fetching active rules from Rule Cache
2026-09-11T12:23:34.576+05:30  INFO 25444 --- [fraud-engine-service] [scheduling-1] c.s.f.f.client.RuleCacheClient           : Fetched 10 active rules from Rule Cache
2026-09-11T12:23:34.576+05:30  INFO 25444 --- [fraud-engine-service] [scheduling-1] c.s.f.fraudengine.cache.ActiveRuleCache  : Active rule cache refreshed ruleCount=10
2026-09-11T12:24:04.268+05:30  INFO 25444 --- [fraud-engine-service] [scheduling-1] c.s.f.f.client.BlacklistCacheClient      : Fetching active blacklist from Rule Cache
2026-09-11T12:24:04.287+05:30  INFO 25444 --- [fraud-engine-service] [scheduling-1] c.s.f.f.client.BlacklistCacheClient      : Fetched 4 active blacklist entries from Rule Cache
2026-09-11T12:24:04.287+05:30  INFO 25444 --- [fraud-engine-service] [scheduling-1] c.s.f.f.cache.ActiveBlacklistCache       : Active blacklist cache refreshed entryCount=4
2026-09-11T12:24:04.585+05:30  INFO 25444 --- [fraud-engine-service] [scheduling-1] c.s.f.f.client.RuleCacheClient           : Fetching active rules from Rule Cache
2026-09-11T12:24:04.649+05:30  INFO 25444 --- [fraud-engine-service] [scheduling-1] c.s.f.f.client.RuleCacheClient           : Fetched 10 active rules from Rule Cache
2026-09-11T12:24:04.649+05:30  INFO 25444 --- [fraud-engine-service] [scheduling-1] c.s.f.fraudengine.cache.ActiveRuleCache  : Active rule cache refreshed ruleCount=10
2026-09-11T12:24:34.293+05:30  INFO 25444 --- [fraud-engine-service] [scheduling-1] c.s.f.f.client.BlacklistCacheClient      : Fetching active blacklist from Rule Cache
2026-09-11T12:24:34.296+05:30  INFO 25444 --- [fraud-engine-service] [scheduling-1] c.s.f.f.client.BlacklistCacheClient      : Fetched 4 active blacklist entries from Rule Cache
2026-09-11T12:24:34.296+05:30  INFO 25444 --- [fraud-engine-service] [scheduling-1] c.s.f.f.cache.ActiveBlacklistCache       : Active blacklist cache refreshed entryCount=4
2026-09-11T12:24:34.656+05:30  INFO 25444 --- [fraud-engine-service] [scheduling-1] c.s.f.f.client.RuleCacheClient           : Fetching active rules from Rule Cache
2026-09-11T12:24:34.672+05:30  INFO 25444 --- [fraud-engine-service] [scheduling-1] c.s.f.f.client.RuleCacheClient           : Fetched 10 active rules from Rule Cache
2026-09-11T12:24:34.672+05:30  INFO 25444 --- [fraud-engine-service] [scheduling-1] c.s.f.fraudengine.cache.ActiveRuleCache  : Active rule cache refreshed ruleCount=10
2026-09-11T12:25:04.316+05:30  INFO 25444 --- [fraud-engine-service] [scheduling-1] c.s.f.f.client.BlacklistCacheClient      : Fetching active blacklist from Rule Cache
2026-09-11T12:25:04.327+05:30  INFO 25444 --- [fraud-engine-service] [scheduling-1] c.s.f.f.client.BlacklistCacheClient      : Fetched 4 active blacklist entries from Rule Cache
2026-09-11T12:25:04.327+05:30  INFO 25444 --- [fraud-engine-service] [scheduling-1] c.s.f.f.cache.ActiveBlacklistCache       : Active blacklist cache refreshed entryCount=4
2026-09-11T12:25:04.678+05:30  INFO 25444 --- [fraud-engine-service] [scheduling-1] c.s.f.f.client.RuleCacheClient           : Fetching active rules from Rule Cache
2026-09-11T12:25:04.687+05:30  INFO 25444 --- [fraud-engine-service] [scheduling-1] c.s.f.f.client.RuleCacheClient           : Fetched 10 active rules from Rule Cache
2026-09-11T12:25:04.687+05:30  INFO 25444 --- [fraud-engine-service] [scheduling-1] c.s.f.fraudengine.cache.ActiveRuleCache  : Active rule cache refreshed ruleCount=10
2026-09-11T12:25:28.446+05:30  INFO 25444 --- [fraud-engine-service] [AsyncResolver-bootstrap-executor-%d] c.n.d.s.r.aws.ConfigClusterResolver      : Resolving eureka endpoints via configuration
2026-09-11T12:25:34.368+05:30  INFO 25444 --- [fraud-engine-service] [scheduling-1] c.s.f.f.client.BlacklistCacheClient      : Fetching active blacklist from Rule Cache
2026-09-11T12:25:34.383+05:30  INFO 25444 --- [fraud-engine-service] [scheduling-1] c.s.f.f.client.BlacklistCacheClient      : Fetched 4 active blacklist entries from Rule Cache
2026-09-11T12:25:34.383+05:30  INFO 25444 --- [fraud-engine-service] [scheduling-1] c.s.f.f.cache.ActiveBlacklistCache       : Active blacklist cache refreshed entryCount=4
2026-09-11T12:25:34.692+05:30  INFO 25444 --- [fraud-engine-service] [scheduling-1] c.s.f.f.client.RuleCacheClient           : Fetching active rules from Rule Cache
2026-09-11T12:25:34.700+05:30  INFO 25444 --- [fraud-engine-service] [scheduling-1] c.s.f.f.client.RuleCacheClient           : Fetched 10 active rules from Rule Cache
2026-09-11T12:25:34.700+05:30  INFO 25444 --- [fraud-engine-service] [scheduling-1] c.s.f.fraudengine.cache.ActiveRuleCache  : Active rule cache refreshed ruleCount=10
2026-09-11T12:26:04.384+05:30  INFO 25444 --- [fraud-engine-service] [scheduling-1] c.s.f.f.client.BlacklistCacheClient      : Fetching active blacklist from Rule Cache
2026-09-11T12:26:04.384+05:30  INFO 25444 --- [fraud-engine-service] [scheduling-1] c.s.f.f.client.BlacklistCacheClient      : Fetched 4 active blacklist entries from Rule Cache
2026-09-11T12:26:04.384+05:30  INFO 25444 --- [fraud-engine-service] [scheduling-1] c.s.f.f.cache.ActiveBlacklistCache       : Active blacklist cache refreshed entryCount=4
2026-09-11T12:26:04.712+05:30  INFO 25444 --- [fraud-engine-service] [scheduling-1] c.s.f.f.client.RuleCacheClient           : Fetching active rules from Rule Cache
2026-09-11T12:26:04.734+05:30  INFO 25444 --- [fraud-engine-service] [scheduling-1] c.s.f.f.client.RuleCacheClient           : Fetched 10 active rules from Rule Cache
2026-09-11T12:26:04.734+05:30  INFO 25444 --- [fraud-engine-service] [scheduling-1] c.s.f.fraudengine.cache.ActiveRuleCache  : Active rule cache refreshed ruleCount=10
2026-09-11T12:26:34.398+05:30  INFO 25444 --- [fraud-engine-service] [scheduling-1] c.s.f.f.client.BlacklistCacheClient      : Fetching active blacklist from Rule Cache
2026-09-11T12:26:34.405+05:30  INFO 25444 --- [fraud-engine-service] [scheduling-1] c.s.f.f.client.BlacklistCacheClient      : Fetched 4 active blacklist entries from Rule Cache
2026-09-11T12:26:34.405+05:30  INFO 25444 --- [fraud-engine-service] [scheduling-1] c.s.f.f.cache.ActiveBlacklistCache       : Active blacklist cache refreshed entryCount=4
2026-09-11T12:26:34.749+05:30  INFO 25444 --- [fraud-engine-service] [scheduling-1] c.s.f.f.client.RuleCacheClient           : Fetching active rules from Rule Cache
2026-09-11T12:26:34.771+05:30  INFO 25444 --- [fraud-engine-service] [scheduling-1] c.s.f.f.client.RuleCacheClient           : Fetched 10 active rules from Rule Cache
2026-09-11T12:26:34.771+05:30  INFO 25444 --- [fraud-engine-service] [scheduling-1] c.s.f.fraudengine.cache.ActiveRuleCache  : Active rule cache refreshed ruleCount=10
2026-09-11T12:27:04.426+05:30  INFO 25444 --- [fraud-engine-service] [scheduling-1] c.s.f.f.client.BlacklistCacheClient      : Fetching active blacklist from Rule Cache
2026-09-11T12:27:04.452+05:30  INFO 25444 --- [fraud-engine-service] [scheduling-1] c.s.f.f.client.BlacklistCacheClient      : Fetched 4 active blacklist entries from Rule Cache
2026-09-11T12:27:04.454+05:30  INFO 25444 --- [fraud-engine-service] [scheduling-1] c.s.f.f.cache.ActiveBlacklistCache       : Active blacklist cache refreshed entryCount=4
2026-09-11T12:27:04.784+05:30  INFO 25444 --- [fraud-engine-service] [scheduling-1] c.s.f.f.client.RuleCacheClient           : Fetching active rules from Rule Cache
2026-09-11T12:27:04.792+05:30  INFO 25444 --- [fraud-engine-service] [scheduling-1] c.s.f.f.client.RuleCacheClient           : Fetched 10 active rules from Rule Cache
2026-09-11T12:27:04.792+05:30  INFO 25444 --- [fraud-engine-service] [scheduling-1] c.s.f.fraudengine.cache.ActiveRuleCache  : Active rule cache refreshed ruleCount=10
2026-09-11T12:27:34.465+05:30  INFO 25444 --- [fraud-engine-service] [scheduling-1] c.s.f.f.client.BlacklistCacheClient      : Fetching active blacklist from Rule Cache
2026-09-11T12:27:34.492+05:30  INFO 25444 --- [fraud-engine-service] [scheduling-1] c.s.f.f.client.BlacklistCacheClient      : Fetched 4 active blacklist entries from Rule Cache
2026-09-11T12:27:34.493+05:30  INFO 25444 --- [fraud-engine-service] [scheduling-1] c.s.f.f.cache.ActiveBlacklistCache       : Active blacklist cache refreshed entryCount=4
2026-09-11T12:27:34.812+05:30  INFO 25444 --- [fraud-engine-service] [scheduling-1] c.s.f.f.client.RuleCacheClient           : Fetching active rules from Rule Cache
2026-09-11T12:27:34.824+05:30  INFO 25444 --- [fraud-engine-service] [scheduling-1] c.s.f.f.client.RuleCacheClient           : Fetched 10 active rules from Rule Cache
2026-09-11T12:27:34.825+05:30  INFO 25444 --- [fraud-engine-service] [scheduling-1] c.s.f.fraudengine.cache.ActiveRuleCache  : Active rule cache refreshed ruleCount=10
2026-09-11T12:28:04.505+05:30  INFO 25444 --- [fraud-engine-service] [scheduling-1] c.s.f.f.client.BlacklistCacheClient      : Fetching active blacklist from Rule Cache
2026-09-11T12:28:04.519+05:30  INFO 25444 --- [fraud-engine-service] [scheduling-1] c.s.f.f.client.BlacklistCacheClient      : Fetched 4 active blacklist entries from Rule Cache
2026-09-11T12:28:04.520+05:30  INFO 25444 --- [fraud-engine-service] [scheduling-1] c.s.f.f.cache.ActiveBlacklistCache       : Active blacklist cache refreshed entryCount=4
2026-09-11T12:28:04.831+05:30  INFO 25444 --- [fraud-engine-service] [scheduling-1] c.s.f.f.client.RuleCacheClient           : Fetching active rules from Rule Cache
2026-09-11T12:28:04.851+05:30  INFO 25444 --- [fraud-engine-service] [scheduling-1] c.s.f.f.client.RuleCacheClient           : Fetched 10 active rules from Rule Cache
2026-09-11T12:28:04.852+05:30  INFO 25444 --- [fraud-engine-service] [scheduling-1] c.s.f.fraudengine.cache.ActiveRuleCache  : Active rule cache refreshed ruleCount=10
2026-09-11T12:28:34.527+05:30  INFO 25444 --- [fraud-engine-service] [scheduling-1] c.s.f.f.client.BlacklistCacheClient      : Fetching active blacklist from Rule Cache
2026-09-11T12:28:34.536+05:30  INFO 25444 --- [fraud-engine-service] [scheduling-1] c.s.f.f.client.BlacklistCacheClient      : Fetched 4 active blacklist entries from Rule Cache
2026-09-11T12:28:34.536+05:30  INFO 25444 --- [fraud-engine-service] [scheduling-1] c.s.f.f.cache.ActiveBlacklistCache       : Active blacklist cache refreshed entryCount=4
2026-09-11T12:28:34.854+05:30  INFO 25444 --- [fraud-engine-service] [scheduling-1] c.s.f.f.client.RuleCacheClient           : Fetching active rules from Rule Cache
2026-09-11T12:28:34.877+05:30  INFO 25444 --- [fraud-engine-service] [scheduling-1] c.s.f.f.client.RuleCacheClient           : Fetched 10 active rules from Rule Cache
2026-09-11T12:28:34.877+05:30  INFO 25444 --- [fraud-engine-service] [scheduling-1] c.s.f.fraudengine.cache.ActiveRuleCache  : Active rule cache refreshed ruleCount=10
2026-09-11T12:29:04.541+05:30  INFO 25444 --- [fraud-engine-service] [scheduling-1] c.s.f.f.client.BlacklistCacheClient      : Fetching active blacklist from Rule Cache
2026-09-11T12:29:04.548+05:30  INFO 25444 --- [fraud-engine-service] [scheduling-1] c.s.f.f.client.BlacklistCacheClient      : Fetched 4 active blacklist entries from Rule Cache
2026-09-11T12:29:04.548+05:30  INFO 25444 --- [fraud-engine-service] [scheduling-1] c.s.f.f.cache.ActiveBlacklistCache       : Active blacklist cache refreshed entryCount=4
2026-09-11T12:29:04.882+05:30  INFO 25444 --- [fraud-engine-service] [scheduling-1] c.s.f.f.client.RuleCacheClient           : Fetching active rules from Rule Cache
2026-09-11T12:29:04.908+05:30  INFO 25444 --- [fraud-engine-service] [scheduling-1] c.s.f.f.client.RuleCacheClient           : Fetched 10 active rules from Rule Cache
2026-09-11T12:29:04.908+05:30  INFO 25444 --- [fraud-engine-service] [scheduling-1] c.s.f.fraudengine.cache.ActiveRuleCache  : Active rule cache refreshed ruleCount=10
2026-09-11T12:29:34.567+05:30  INFO 25444 --- [fraud-engine-service] [scheduling-1] c.s.f.f.client.BlacklistCacheClient      : Fetching active blacklist from Rule Cache
2026-09-11T12:29:34.579+05:30  INFO 25444 --- [fraud-engine-service] [scheduling-1] c.s.f.f.client.BlacklistCacheClient      : Fetched 4 active blacklist entries from Rule Cache
2026-09-11T12:29:34.579+05:30  INFO 25444 --- [fraud-engine-service] [scheduling-1] c.s.f.f.cache.ActiveBlacklistCache       : Active blacklist cache refreshed entryCount=4
2026-09-11T12:29:34.924+05:30  INFO 25444 --- [fraud-engine-service] [scheduling-1] c.s.f.f.client.RuleCacheClient           : Fetching active rules from Rule Cache
2026-09-11T12:29:34.948+05:30  INFO 25444 --- [fraud-engine-service] [scheduling-1] c.s.f.f.client.RuleCacheClient           : Fetched 10 active rules from Rule Cache
2026-09-11T12:29:34.948+05:30  INFO 25444 --- [fraud-engine-service] [scheduling-1] c.s.f.fraudengine.cache.ActiveRuleCache  : Active rule cache refreshed ruleCount=10
2026-09-11T12:30:04.598+05:30  INFO 25444 --- [fraud-engine-service] [scheduling-1] c.s.f.f.client.BlacklistCacheClient      : Fetching active blacklist from Rule Cache
2026-09-11T12:30:04.627+05:30  INFO 25444 --- [fraud-engine-service] [scheduling-1] c.s.f.f.client.BlacklistCacheClient      : Fetched 4 active blacklist entries from Rule Cache
2026-09-11T12:30:04.627+05:30  INFO 25444 --- [fraud-engine-service] [scheduling-1] c.s.f.f.cache.ActiveBlacklistCache       : Active blacklist cache refreshed entryCount=4
2026-09-11T12:30:04.955+05:30  INFO 25444 --- [fraud-engine-service] [scheduling-1] c.s.f.f.client.RuleCacheClient           : Fetching active rules from Rule Cache
2026-09-11T12:30:04.989+05:30  INFO 25444 --- [fraud-engine-service] [scheduling-1] c.s.f.f.client.RuleCacheClient           : Fetched 10 active rules from Rule Cache
2026-09-11T12:30:04.989+05:30  INFO 25444 --- [fraud-engine-service] [scheduling-1] c.s.f.fraudengine.cache.ActiveRuleCache  : Active rule cache refreshed ruleCount=10
2026-09-11T12:30:28.451+05:30  INFO 25444 --- [fraud-engine-service] [AsyncResolver-bootstrap-executor-%d] c.n.d.s.r.aws.ConfigClusterResolver      : Resolving eureka endpoints via configuration
2026-09-11T12:30:34.633+05:30  INFO 25444 --- [fraud-engine-service] [scheduling-1] c.s.f.f.client.BlacklistCacheClient      : Fetching active blacklist from Rule Cache
2026-09-11T12:30:34.647+05:30  INFO 25444 --- [fraud-engine-service] [scheduling-1] c.s.f.f.client.BlacklistCacheClient      : Fetched 4 active blacklist entries from Rule Cache
2026-09-11T12:30:34.647+05:30  INFO 25444 --- [fraud-engine-service] [scheduling-1] c.s.f.f.cache.ActiveBlacklistCache       : Active blacklist cache refreshed entryCount=4
2026-09-11T12:30:34.996+05:30  INFO 25444 --- [fraud-engine-service] [scheduling-1] c.s.f.f.client.RuleCacheClient           : Fetching active rules from Rule Cache
2026-09-11T12:30:35.020+05:30  INFO 25444 --- [fraud-engine-service] [scheduling-1] c.s.f.f.client.RuleCacheClient           : Fetched 10 active rules from Rule Cache
2026-09-11T12:30:35.020+05:30  INFO 25444 --- [fraud-engine-service] [scheduling-1] c.s.f.fraudengine.cache.ActiveRuleCache  : Active rule cache refreshed ruleCount=10
2026-09-11T12:31:04.653+05:30  INFO 25444 --- [fraud-engine-service] [scheduling-1] c.s.f.f.client.BlacklistCacheClient      : Fetching active blacklist from Rule Cache
2026-09-11T12:31:04.681+05:30  INFO 25444 --- [fraud-engine-service] [scheduling-1] c.s.f.f.client.BlacklistCacheClient      : Fetched 4 active blacklist entries from Rule Cache
2026-09-11T12:31:04.681+05:30  INFO 25444 --- [fraud-engine-service] [scheduling-1] c.s.f.f.cache.ActiveBlacklistCache       : Active blacklist cache refreshed entryCount=4
2026-09-11T12:31:05.028+05:30  INFO 25444 --- [fraud-engine-service] [scheduling-1] c.s.f.f.client.RuleCacheClient           : Fetching active rules from Rule Cache
2026-09-11T12:31:05.052+05:30  INFO 25444 --- [fraud-engine-service] [scheduling-1] c.s.f.f.client.RuleCacheClient           : Fetched 10 active rules from Rule Cache
2026-09-11T12:31:05.052+05:30  INFO 25444 --- [fraud-engine-service] [scheduling-1] c.s.f.fraudengine.cache.ActiveRuleCache  : Active rule cache refreshed ruleCount=10
2026-09-11T12:31:34.692+05:30  INFO 25444 --- [fraud-engine-service] [scheduling-1] c.s.f.f.client.BlacklistCacheClient      : Fetching active blacklist from Rule Cache
2026-09-11T12:31:34.698+05:30  INFO 25444 --- [fraud-engine-service] [scheduling-1] c.s.f.f.client.BlacklistCacheClient      : Fetched 4 active blacklist entries from Rule Cache
2026-09-11T12:31:34.699+05:30  INFO 25444 --- [fraud-engine-service] [scheduling-1] c.s.f.f.cache.ActiveBlacklistCache       : Active blacklist cache refreshed entryCount=4
2026-09-11T12:31:35.065+05:30  INFO 25444 --- [fraud-engine-service] [scheduling-1] c.s.f.f.client.RuleCacheClient           : Fetching active rules from Rule Cache
2026-09-11T12:31:35.086+05:30  INFO 25444 --- [fraud-engine-service] [scheduling-1] c.s.f.f.client.RuleCacheClient           : Fetched 10 active rules from Rule Cache
2026-09-11T12:31:35.087+05:30  INFO 25444 --- [fraud-engine-service] [scheduling-1] c.s.f.fraudengine.cache.ActiveRuleCache  : Active rule cache refreshed ruleCount=10
2026-09-11T12:32:04.714+05:30  INFO 25444 --- [fraud-engine-service] [scheduling-1] c.s.f.f.client.BlacklistCacheClient      : Fetching active blacklist from Rule Cache
2026-09-11T12:32:04.725+05:30  INFO 25444 --- [fraud-engine-service] [scheduling-1] c.s.f.f.client.BlacklistCacheClient      : Fetched 4 active blacklist entries from Rule Cache
2026-09-11T12:32:04.725+05:30  INFO 25444 --- [fraud-engine-service] [scheduling-1] c.s.f.f.cache.ActiveBlacklistCache       : Active blacklist cache refreshed entryCount=4
2026-09-11T12:32:05.088+05:30  INFO 25444 --- [fraud-engine-service] [scheduling-1] c.s.f.f.client.RuleCacheClient           : Fetching active rules from Rule Cache
2026-09-11T12:32:05.110+05:30  INFO 25444 --- [fraud-engine-service] [scheduling-1] c.s.f.f.client.RuleCacheClient           : Fetched 10 active rules from Rule Cache
2026-09-11T12:32:05.111+05:30  INFO 25444 --- [fraud-engine-service] [scheduling-1] c.s.f.fraudengine.cache.ActiveRuleCache  : Active rule cache refreshed ruleCount=10
2026-09-11T12:32:34.738+05:30  INFO 25444 --- [fraud-engine-service] [scheduling-1] c.s.f.f.client.BlacklistCacheClient      : Fetching active blacklist from Rule Cache
2026-09-11T12:32:34.763+05:30  INFO 25444 --- [fraud-engine-service] [scheduling-1] c.s.f.f.client.BlacklistCacheClient      : Fetched 4 active blacklist entries from Rule Cache
2026-09-11T12:32:34.763+05:30  INFO 25444 --- [fraud-engine-service] [scheduling-1] c.s.f.f.cache.ActiveBlacklistCache       : Active blacklist cache refreshed entryCount=4
2026-09-11T12:32:35.113+05:30  INFO 25444 --- [fraud-engine-service] [scheduling-1] c.s.f.f.client.RuleCacheClient           : Fetching active rules from Rule Cache
2026-09-11T12:32:35.123+05:30  INFO 25444 --- [fraud-engine-service] [scheduling-1] c.s.f.f.client.RuleCacheClient           : Fetched 10 active rules from Rule Cache
2026-09-11T12:32:35.123+05:30  INFO 25444 --- [fraud-engine-service] [scheduling-1] c.s.f.fraudengine.cache.ActiveRuleCache  : Active rule cache refreshed ruleCount=10
2026-09-11T12:33:04.772+05:30  INFO 25444 --- [fraud-engine-service] [scheduling-1] c.s.f.f.client.BlacklistCacheClient      : Fetching active blacklist from Rule Cache
2026-09-11T12:33:04.783+05:30  INFO 25444 --- [fraud-engine-service] [scheduling-1] c.s.f.f.client.BlacklistCacheClient      : Fetched 4 active blacklist entries from Rule Cache
2026-09-11T12:33:04.783+05:30  INFO 25444 --- [fraud-engine-service] [scheduling-1] c.s.f.f.cache.ActiveBlacklistCache       : Active blacklist cache refreshed entryCount=4
2026-09-11T12:33:05.129+05:30  INFO 25444 --- [fraud-engine-service] [scheduling-1] c.s.f.f.client.RuleCacheClient           : Fetching active rules from Rule Cache
2026-09-11T12:33:05.153+05:30  INFO 25444 --- [fraud-engine-service] [scheduling-1] c.s.f.f.client.RuleCacheClient           : Fetched 10 active rules from Rule Cache
2026-09-11T12:33:05.153+05:30  INFO 25444 --- [fraud-engine-service] [scheduling-1] c.s.f.fraudengine.cache.ActiveRuleCache  : Active rule cache refreshed ruleCount=10
2026-09-11T12:33:34.795+05:30  INFO 25444 --- [fraud-engine-service] [scheduling-1] c.s.f.f.client.BlacklistCacheClient      : Fetching active blacklist from Rule Cache
2026-09-11T12:33:34.817+05:30  INFO 25444 --- [fraud-engine-service] [scheduling-1] c.s.f.f.client.BlacklistCacheClient      : Fetched 4 active blacklist entries from Rule Cache
2026-09-11T12:33:34.817+05:30  INFO 25444 --- [fraud-engine-service] [scheduling-1] c.s.f.f.cache.ActiveBlacklistCache       : Active blacklist cache refreshed entryCount=4
2026-09-11T12:33:35.156+05:30  INFO 25444 --- [fraud-engine-service] [scheduling-1] c.s.f.f.client.RuleCacheClient           : Fetching active rules from Rule Cache
2026-09-11T12:33:35.165+05:30  INFO 25444 --- [fraud-engine-service] [scheduling-1] c.s.f.f.client.RuleCacheClient           : Fetched 10 active rules from Rule Cache
2026-09-11T12:33:35.166+05:30  INFO 25444 --- [fraud-engine-service] [scheduling-1] c.s.f.fraudengine.cache.ActiveRuleCache  : Active rule cache refreshed ruleCount=10
2026-09-11T12:34:04.828+05:30  INFO 25444 --- [fraud-engine-service] [scheduling-1] c.s.f.f.client.BlacklistCacheClient      : Fetching active blacklist from Rule Cache
2026-09-11T12:34:04.829+05:30  INFO 25444 --- [fraud-engine-service] [scheduling-1] c.s.f.f.client.BlacklistCacheClient      : Fetched 4 active blacklist entries from Rule Cache
2026-09-11T12:34:04.829+05:30  INFO 25444 --- [fraud-engine-service] [scheduling-1] c.s.f.f.cache.ActiveBlacklistCache       : Active blacklist cache refreshed entryCount=4
2026-09-11T12:34:05.176+05:30  INFO 25444 --- [fraud-engine-service] [scheduling-1] c.s.f.f.client.RuleCacheClient           : Fetching active rules from Rule Cache
2026-09-11T12:34:05.188+05:30  INFO 25444 --- [fraud-engine-service] [scheduling-1] c.s.f.f.client.RuleCacheClient           : Fetched 10 active rules from Rule Cache
2026-09-11T12:34:05.188+05:30  INFO 25444 --- [fraud-engine-service] [scheduling-1] c.s.f.fraudengine.cache.ActiveRuleCache  : Active rule cache refreshed ruleCount=10
2026-09-11T12:34:34.851+05:30  INFO 25444 --- [fraud-engine-service] [scheduling-1] c.s.f.f.client.BlacklistCacheClient      : Fetching active blacklist from Rule Cache
2026-09-11T12:34:34.862+05:30  INFO 25444 --- [fraud-engine-service] [scheduling-1] c.s.f.f.client.BlacklistCacheClient      : Fetched 4 active blacklist entries from Rule Cache
2026-09-11T12:34:34.862+05:30  INFO 25444 --- [fraud-engine-service] [scheduling-1] c.s.f.f.cache.ActiveBlacklistCache       : Active blacklist cache refreshed entryCount=4
2026-09-11T12:34:35.194+05:30  INFO 25444 --- [fraud-engine-service] [scheduling-1] c.s.f.f.client.RuleCacheClient           : Fetching active rules from Rule Cache
2026-09-11T12:34:35.203+05:30  INFO 25444 --- [fraud-engine-service] [scheduling-1] c.s.f.f.client.RuleCacheClient           : Fetched 10 active rules from Rule Cache
2026-09-11T12:34:35.204+05:30  INFO 25444 --- [fraud-engine-service] [scheduling-1] c.s.f.fraudengine.cache.ActiveRuleCache  : Active rule cache refreshed ruleCount=10
2026-09-11T12:35:04.870+05:30  INFO 25444 --- [fraud-engine-service] [scheduling-1] c.s.f.f.client.BlacklistCacheClient      : Fetching active blacklist from Rule Cache
2026-09-11T12:35:04.881+05:30  INFO 25444 --- [fraud-engine-service] [scheduling-1] c.s.f.f.client.BlacklistCacheClient      : Fetched 4 active blacklist entries from Rule Cache
2026-09-11T12:35:04.881+05:30  INFO 25444 --- [fraud-engine-service] [scheduling-1] c.s.f.f.cache.ActiveBlacklistCache       : Active blacklist cache refreshed entryCount=4
2026-09-11T12:35:05.211+05:30  INFO 25444 --- [fraud-engine-service] [scheduling-1] c.s.f.f.client.RuleCacheClient           : Fetching active rules from Rule Cache
2026-09-11T12:35:05.220+05:30  INFO 25444 --- [fraud-engine-service] [scheduling-1] c.s.f.f.client.RuleCacheClient           : Fetched 10 active rules from Rule Cache
2026-09-11T12:35:05.220+05:30  INFO 25444 --- [fraud-engine-service] [scheduling-1] c.s.f.fraudengine.cache.ActiveRuleCache  : Active rule cache refreshed ruleCount=10
2026-09-11T12:35:28.458+05:30  INFO 25444 --- [fraud-engine-service] [AsyncResolver-bootstrap-executor-%d] c.n.d.s.r.aws.ConfigClusterResolver      : Resolving eureka endpoints via configuration
2026-09-11T12:35:34.884+05:30  INFO 25444 --- [fraud-engine-service] [scheduling-1] c.s.f.f.client.BlacklistCacheClient      : Fetching active blacklist from Rule Cache
2026-09-11T12:35:34.891+05:30  INFO 25444 --- [fraud-engine-service] [scheduling-1] c.s.f.f.client.BlacklistCacheClient      : Fetched 4 active blacklist entries from Rule Cache
2026-09-11T12:35:34.891+05:30  INFO 25444 --- [fraud-engine-service] [scheduling-1] c.s.f.f.cache.ActiveBlacklistCache       : Active blacklist cache refreshed entryCount=4
2026-09-11T12:35:35.237+05:30  INFO 25444 --- [fraud-engine-service] [scheduling-1] c.s.f.f.client.RuleCacheClient           : Fetching active rules from Rule Cache
2026-09-11T12:35:35.257+05:30  INFO 25444 --- [fraud-engine-service] [scheduling-1] c.s.f.f.client.RuleCacheClient           : Fetched 10 active rules from Rule Cache
2026-09-11T12:35:35.257+05:30  INFO 25444 --- [fraud-engine-service] [scheduling-1] c.s.f.fraudengine.cache.ActiveRuleCache  : Active rule cache refreshed ruleCount=10
2026-09-11T12:36:04.901+05:30  INFO 25444 --- [fraud-engine-service] [scheduling-1] c.s.f.f.client.BlacklistCacheClient      : Fetching active blacklist from Rule Cache
2026-09-11T12:36:04.909+05:30  INFO 25444 --- [fraud-engine-service] [scheduling-1] c.s.f.f.client.BlacklistCacheClient      : Fetched 4 active blacklist entries from Rule Cache
2026-09-11T12:36:04.911+05:30  INFO 25444 --- [fraud-engine-service] [scheduling-1] c.s.f.f.cache.ActiveBlacklistCache       : Active blacklist cache refreshed entryCount=4
2026-09-11T12:36:05.276+05:30  INFO 25444 --- [fraud-engine-service] [scheduling-1] c.s.f.f.client.RuleCacheClient           : Fetching active rules from Rule Cache
2026-09-11T12:36:05.286+05:30  INFO 25444 --- [fraud-engine-service] [scheduling-1] c.s.f.f.client.RuleCacheClient           : Fetched 10 active rules from Rule Cache
2026-09-11T12:36:05.286+05:30  INFO 25444 --- [fraud-engine-service] [scheduling-1] c.s.f.fraudengine.cache.ActiveRuleCache  : Active rule cache refreshed ruleCount=10
2026-09-11T12:36:34.923+05:30  INFO 25444 --- [fraud-engine-service] [scheduling-1] c.s.f.f.client.BlacklistCacheClient      : Fetching active blacklist from Rule Cache
2026-09-11T12:36:34.948+05:30  INFO 25444 --- [fraud-engine-service] [scheduling-1] c.s.f.f.client.BlacklistCacheClient      : Fetched 4 active blacklist entries from Rule Cache
2026-09-11T12:36:34.948+05:30  INFO 25444 --- [fraud-engine-service] [scheduling-1] c.s.f.f.cache.ActiveBlacklistCache       : Active blacklist cache refreshed entryCount=4
2026-09-11T12:36:35.292+05:30  INFO 25444 --- [fraud-engine-service] [scheduling-1] c.s.f.f.client.RuleCacheClient           : Fetching active rules from Rule Cache
2026-09-11T12:36:35.315+05:30  INFO 25444 --- [fraud-engine-service] [scheduling-1] c.s.f.f.client.RuleCacheClient           : Fetched 10 active rules from Rule Cache
2026-09-11T12:36:35.315+05:30  INFO 25444 --- [fraud-engine-service] [scheduling-1] c.s.f.fraudengine.cache.ActiveRuleCache  : Active rule cache refreshed ruleCount=10
2026-09-11T12:37:04.958+05:30  INFO 25444 --- [fraud-engine-service] [scheduling-1] c.s.f.f.client.BlacklistCacheClient      : Fetching active blacklist from Rule Cache
2026-09-11T12:37:04.989+05:30  INFO 25444 --- [fraud-engine-service] [scheduling-1] c.s.f.f.client.BlacklistCacheClient      : Fetched 4 active blacklist entries from Rule Cache
2026-09-11T12:37:04.989+05:30  INFO 25444 --- [fraud-engine-service] [scheduling-1] c.s.f.f.cache.ActiveBlacklistCache       : Active blacklist cache refreshed entryCount=4
2026-09-11T12:37:05.318+05:30  INFO 25444 --- [fraud-engine-service] [scheduling-1] c.s.f.f.client.RuleCacheClient           : Fetching active rules from Rule Cache
2026-09-11T12:37:05.329+05:30  INFO 25444 --- [fraud-engine-service] [scheduling-1] c.s.f.f.client.RuleCacheClient           : Fetched 10 active rules from Rule Cache
2026-09-11T12:37:05.329+05:30  INFO 25444 --- [fraud-engine-service] [scheduling-1] c.s.f.fraudengine.cache.ActiveRuleCache  : Active rule cache refreshed ruleCount=10
2026-09-11T12:37:35.006+05:30  INFO 25444 --- [fraud-engine-service] [scheduling-1] c.s.f.f.client.BlacklistCacheClient      : Fetching active blacklist from Rule Cache
2026-09-11T12:37:35.006+05:30  INFO 25444 --- [fraud-engine-service] [scheduling-1] c.s.f.f.client.BlacklistCacheClient      : Fetched 4 active blacklist entries from Rule Cache
2026-09-11T12:37:35.006+05:30  INFO 25444 --- [fraud-engine-service] [scheduling-1] c.s.f.f.cache.ActiveBlacklistCache       : Active blacklist cache refreshed entryCount=4
2026-09-11T12:37:35.339+05:30  INFO 25444 --- [fraud-engine-service] [scheduling-1] c.s.f.f.client.RuleCacheClient           : Fetching active rules from Rule Cache
2026-09-11T12:37:35.373+05:30  INFO 25444 --- [fraud-engine-service] [scheduling-1] c.s.f.f.client.RuleCacheClient           : Fetched 10 active rules from Rule Cache
2026-09-11T12:37:35.374+05:30  INFO 25444 --- [fraud-engine-service] [scheduling-1] c.s.f.fraudengine.cache.ActiveRuleCache  : Active rule cache refreshed ruleCount=10
2026-09-11T12:38:05.022+05:30  INFO 25444 --- [fraud-engine-service] [scheduling-1] c.s.f.f.client.BlacklistCacheClient      : Fetching active blacklist from Rule Cache
2026-09-11T12:38:05.031+05:30  INFO 25444 --- [fraud-engine-service] [scheduling-1] c.s.f.f.client.BlacklistCacheClient      : Fetched 4 active blacklist entries from Rule Cache
2026-09-11T12:38:05.031+05:30  INFO 25444 --- [fraud-engine-service] [scheduling-1] c.s.f.f.cache.ActiveBlacklistCache       : Active blacklist cache refreshed entryCount=4
2026-09-11T12:38:05.390+05:30  INFO 25444 --- [fraud-engine-service] [scheduling-1] c.s.f.f.client.RuleCacheClient           : Fetching active rules from Rule Cache
2026-09-11T12:38:05.410+05:30  INFO 25444 --- [fraud-engine-service] [scheduling-1] c.s.f.f.client.RuleCacheClient           : Fetched 10 active rules from Rule Cache
2026-09-11T12:38:05.410+05:30  INFO 25444 --- [fraud-engine-service] [scheduling-1] c.s.f.fraudengine.cache.ActiveRuleCache  : Active rule cache refreshed ruleCount=10
2026-09-11T12:38:35.043+05:30  INFO 25444 --- [fraud-engine-service] [scheduling-1] c.s.f.f.client.BlacklistCacheClient      : Fetching active blacklist from Rule Cache
2026-09-11T12:38:35.057+05:30  INFO 25444 --- [fraud-engine-service] [scheduling-1] c.s.f.f.client.BlacklistCacheClient      : Fetched 4 active blacklist entries from Rule Cache
2026-09-11T12:38:35.058+05:30  INFO 25444 --- [fraud-engine-service] [scheduling-1] c.s.f.f.cache.ActiveBlacklistCache       : Active blacklist cache refreshed entryCount=4
2026-09-11T12:38:35.424+05:30  INFO 25444 --- [fraud-engine-service] [scheduling-1] c.s.f.f.client.RuleCacheClient           : Fetching active rules from Rule Cache
2026-09-11T12:38:35.435+05:30  INFO 25444 --- [fraud-engine-service] [scheduling-1] c.s.f.f.client.RuleCacheClient           : Fetched 10 active rules from Rule Cache
2026-09-11T12:38:35.435+05:30  INFO 25444 --- [fraud-engine-service] [scheduling-1] c.s.f.fraudengine.cache.ActiveRuleCache  : Active rule cache refreshed ruleCount=10
2026-09-11T12:39:05.064+05:30  INFO 25444 --- [fraud-engine-service] [scheduling-1] c.s.f.f.client.BlacklistCacheClient      : Fetching active blacklist from Rule Cache
2026-09-11T12:39:05.084+05:30  INFO 25444 --- [fraud-engine-service] [scheduling-1] c.s.f.f.client.BlacklistCacheClient      : Fetched 4 active blacklist entries from Rule Cache
2026-09-11T12:39:05.084+05:30  INFO 25444 --- [fraud-engine-service] [scheduling-1] c.s.f.f.cache.ActiveBlacklistCache       : Active blacklist cache refreshed entryCount=4
2026-09-11T12:39:05.436+05:30  INFO 25444 --- [fraud-engine-service] [scheduling-1] c.s.f.f.client.RuleCacheClient           : Fetching active rules from Rule Cache
2026-09-11T12:39:05.450+05:30  INFO 25444 --- [fraud-engine-service] [scheduling-1] c.s.f.f.client.RuleCacheClient           : Fetched 10 active rules from Rule Cache
2026-09-11T12:39:05.450+05:30  INFO 25444 --- [fraud-engine-service] [scheduling-1] c.s.f.fraudengine.cache.ActiveRuleCache  : Active rule cache refreshed ruleCount=10
2026-09-11T12:39:35.097+05:30  INFO 25444 --- [fraud-engine-service] [scheduling-1] c.s.f.f.client.BlacklistCacheClient      : Fetching active blacklist from Rule Cache
2026-09-11T12:39:35.119+05:30  INFO 25444 --- [fraud-engine-service] [scheduling-1] c.s.f.f.client.BlacklistCacheClient      : Fetched 4 active blacklist entries from Rule Cache
2026-09-11T12:39:35.119+05:30  INFO 25444 --- [fraud-engine-service] [scheduling-1] c.s.f.f.cache.ActiveBlacklistCache       : Active blacklist cache refreshed entryCount=4
2026-09-11T12:39:35.458+05:30  INFO 25444 --- [fraud-engine-service] [scheduling-1] c.s.f.f.client.RuleCacheClient           : Fetching active rules from Rule Cache
2026-09-11T12:39:35.472+05:30  INFO 25444 --- [fraud-engine-service] [scheduling-1] c.s.f.f.client.RuleCacheClient           : Fetched 10 active rules from Rule Cache
2026-09-11T12:39:35.472+05:30  INFO 25444 --- [fraud-engine-service] [scheduling-1] c.s.f.fraudengine.cache.ActiveRuleCache  : Active rule cache refreshed ruleCount=10
2026-09-11T12:40:05.121+05:30  INFO 25444 --- [fraud-engine-service] [scheduling-1] c.s.f.f.client.BlacklistCacheClient      : Fetching active blacklist from Rule Cache
2026-09-11T12:40:05.133+05:30  INFO 25444 --- [fraud-engine-service] [scheduling-1] c.s.f.f.client.BlacklistCacheClient      : Fetched 4 active blacklist entries from Rule Cache
2026-09-11T12:40:05.133+05:30  INFO 25444 --- [fraud-engine-service] [scheduling-1] c.s.f.f.cache.ActiveBlacklistCache       : Active blacklist cache refreshed entryCount=4
2026-09-11T12:40:05.474+05:30  INFO 25444 --- [fraud-engine-service] [scheduling-1] c.s.f.f.client.RuleCacheClient           : Fetching active rules from Rule Cache
2026-09-11T12:40:05.498+05:30  INFO 25444 --- [fraud-engine-service] [scheduling-1] c.s.f.f.client.RuleCacheClient           : Fetched 10 active rules from Rule Cache
2026-09-11T12:40:05.498+05:30  INFO 25444 --- [fraud-engine-service] [scheduling-1] c.s.f.fraudengine.cache.ActiveRuleCache  : Active rule cache refreshed ruleCount=10
2026-09-11T12:40:28.468+05:30  INFO 25444 --- [fraud-engine-service] [AsyncResolver-bootstrap-executor-%d] c.n.d.s.r.aws.ConfigClusterResolver      : Resolving eureka endpoints via configuration
2026-09-11T12:40:35.134+05:30  INFO 25444 --- [fraud-engine-service] [scheduling-1] c.s.f.f.client.BlacklistCacheClient      : Fetching active blacklist from Rule Cache
2026-09-11T12:40:35.157+05:30  INFO 25444 --- [fraud-engine-service] [scheduling-1] c.s.f.f.client.BlacklistCacheClient      : Fetched 4 active blacklist entries from Rule Cache
2026-09-11T12:40:35.159+05:30  INFO 25444 --- [fraud-engine-service] [scheduling-1] c.s.f.f.cache.ActiveBlacklistCache       : Active blacklist cache refreshed entryCount=4
2026-09-11T12:40:35.664+05:30  INFO 25444 --- [fraud-engine-service] [scheduling-1] c.s.f.f.client.RuleCacheClient           : Fetching active rules from Rule Cache
2026-09-11T12:40:35.700+05:30  INFO 25444 --- [fraud-engine-service] [scheduling-1] c.s.f.f.client.RuleCacheClient           : Fetched 10 active rules from Rule Cache
2026-09-11T12:40:35.700+05:30  INFO 25444 --- [fraud-engine-service] [scheduling-1] c.s.f.fraudengine.cache.ActiveRuleCache  : Active rule cache refreshed ruleCount=10
2026-09-11T12:41:05.161+05:30  INFO 25444 --- [fraud-engine-service] [scheduling-1] c.s.f.f.client.BlacklistCacheClient      : Fetching active blacklist from Rule Cache
2026-09-11T12:41:05.171+05:30  INFO 25444 --- [fraud-engine-service] [scheduling-1] c.s.f.f.client.BlacklistCacheClient      : Fetched 4 active blacklist entries from Rule Cache
2026-09-11T12:41:05.171+05:30  INFO 25444 --- [fraud-engine-service] [scheduling-1] c.s.f.f.cache.ActiveBlacklistCache       : Active blacklist cache refreshed entryCount=4
2026-09-11T12:41:05.712+05:30  INFO 25444 --- [fraud-engine-service] [scheduling-1] c.s.f.f.client.RuleCacheClient           : Fetching active rules from Rule Cache
2026-09-11T12:41:05.732+05:30  INFO 25444 --- [fraud-engine-service] [scheduling-1] c.s.f.f.client.RuleCacheClient           : Fetched 10 active rules from Rule Cache
2026-09-11T12:41:05.732+05:30  INFO 25444 --- [fraud-engine-service] [scheduling-1] c.s.f.fraudengine.cache.ActiveRuleCache  : Active rule cache refreshed ruleCount=10
2026-09-11T12:41:35.182+05:30  INFO 25444 --- [fraud-engine-service] [scheduling-1] c.s.f.f.client.BlacklistCacheClient      : Fetching active blacklist from Rule Cache
2026-09-11T12:41:35.206+05:30  INFO 25444 --- [fraud-engine-service] [scheduling-1] c.s.f.f.client.BlacklistCacheClient      : Fetched 4 active blacklist entries from Rule Cache
2026-09-11T12:41:35.206+05:30  INFO 25444 --- [fraud-engine-service] [scheduling-1] c.s.f.f.cache.ActiveBlacklistCache       : Active blacklist cache refreshed entryCount=4
2026-09-11T12:41:35.749+05:30  INFO 25444 --- [fraud-engine-service] [scheduling-1] c.s.f.f.client.RuleCacheClient           : Fetching active rules from Rule Cache
2026-09-11T12:41:35.769+05:30  INFO 25444 --- [fraud-engine-service] [scheduling-1] c.s.f.f.client.RuleCacheClient           : Fetched 10 active rules from Rule Cache
2026-09-11T12:41:35.769+05:30  INFO 25444 --- [fraud-engine-service] [scheduling-1] c.s.f.fraudengine.cache.ActiveRuleCache  : Active rule cache refreshed ruleCount=10
2026-09-11T12:42:05.215+05:30  INFO 25444 --- [fraud-engine-service] [scheduling-1] c.s.f.f.client.BlacklistCacheClient      : Fetching active blacklist from Rule Cache
2026-09-11T12:42:05.251+05:30  INFO 25444 --- [fraud-engine-service] [scheduling-1] c.s.f.f.client.BlacklistCacheClient      : Fetched 4 active blacklist entries from Rule Cache
2026-09-11T12:42:05.251+05:30  INFO 25444 --- [fraud-engine-service] [scheduling-1] c.s.f.f.cache.ActiveBlacklistCache       : Active blacklist cache refreshed entryCount=4
2026-09-11T12:42:05.786+05:30  INFO 25444 --- [fraud-engine-service] [scheduling-1] c.s.f.f.client.RuleCacheClient           : Fetching active rules from Rule Cache
2026-09-11T12:42:05.802+05:30  INFO 25444 --- [fraud-engine-service] [scheduling-1] c.s.f.f.client.RuleCacheClient           : Fetched 10 active rules from Rule Cache
2026-09-11T12:42:05.802+05:30  INFO 25444 --- [fraud-engine-service] [scheduling-1] c.s.f.fraudengine.cache.ActiveRuleCache  : Active rule cache refreshed ruleCount=10
2026-09-11T12:42:35.260+05:30  INFO 25444 --- [fraud-engine-service] [scheduling-1] c.s.f.f.client.BlacklistCacheClient      : Fetching active blacklist from Rule Cache
2026-09-11T12:42:35.278+05:30  INFO 25444 --- [fraud-engine-service] [scheduling-1] c.s.f.f.client.BlacklistCacheClient      : Fetched 4 active blacklist entries from Rule Cache
2026-09-11T12:42:35.278+05:30  INFO 25444 --- [fraud-engine-service] [scheduling-1] c.s.f.f.cache.ActiveBlacklistCache       : Active blacklist cache refreshed entryCount=4
2026-09-11T12:42:35.809+05:30  INFO 25444 --- [fraud-engine-service] [scheduling-1] c.s.f.f.client.RuleCacheClient           : Fetching active rules from Rule Cache
2026-09-11T12:42:35.809+05:30  INFO 25444 --- [fraud-engine-service] [scheduling-1] c.s.f.f.client.RuleCacheClient           : Fetched 10 active rules from Rule Cache
2026-09-11T12:42:35.809+05:30  INFO 25444 --- [fraud-engine-service] [scheduling-1] c.s.f.fraudengine.cache.ActiveRuleCache  : Active rule cache refreshed ruleCount=10
2026-09-11T12:43:05.297+05:30  INFO 25444 --- [fraud-engine-service] [scheduling-1] c.s.f.f.client.BlacklistCacheClient      : Fetching active blacklist from Rule Cache
2026-09-11T12:43:05.306+05:30  INFO 25444 --- [fraud-engine-service] [scheduling-1] c.s.f.f.client.BlacklistCacheClient      : Fetched 4 active blacklist entries from Rule Cache
2026-09-11T12:43:05.306+05:30  INFO 25444 --- [fraud-engine-service] [scheduling-1] c.s.f.f.cache.ActiveBlacklistCache       : Active blacklist cache refreshed entryCount=4
2026-09-11T12:43:05.822+05:30  INFO 25444 --- [fraud-engine-service] [scheduling-1] c.s.f.f.client.RuleCacheClient           : Fetching active rules from Rule Cache
2026-09-11T12:43:05.831+05:30  INFO 25444 --- [fraud-engine-service] [scheduling-1] c.s.f.f.client.RuleCacheClient           : Fetched 10 active rules from Rule Cache
2026-09-11T12:43:05.831+05:30  INFO 25444 --- [fraud-engine-service] [scheduling-1] c.s.f.fraudengine.cache.ActiveRuleCache  : Active rule cache refreshed ruleCount=10
2026-09-11T12:43:35.315+05:30  INFO 25444 --- [fraud-engine-service] [scheduling-1] c.s.f.f.client.BlacklistCacheClient      : Fetching active blacklist from Rule Cache
2026-09-11T12:43:35.317+05:30  INFO 25444 --- [fraud-engine-service] [scheduling-1] c.s.f.f.client.BlacklistCacheClient      : Fetched 4 active blacklist entries from Rule Cache
2026-09-11T12:43:35.317+05:30  INFO 25444 --- [fraud-engine-service] [scheduling-1] c.s.f.f.cache.ActiveBlacklistCache       : Active blacklist cache refreshed entryCount=4
2026-09-11T12:43:35.832+05:30  INFO 25444 --- [fraud-engine-service] [scheduling-1] c.s.f.f.client.RuleCacheClient           : Fetching active rules from Rule Cache
2026-09-11T12:43:35.833+05:30  INFO 25444 --- [fraud-engine-service] [scheduling-1] c.s.f.f.client.RuleCacheClient           : Fetched 10 active rules from Rule Cache
2026-09-11T12:43:35.833+05:30  INFO 25444 --- [fraud-engine-service] [scheduling-1] c.s.f.fraudengine.cache.ActiveRuleCache  : Active rule cache refreshed ruleCount=10
2026-09-11T12:44:05.329+05:30  INFO 25444 --- [fraud-engine-service] [scheduling-1] c.s.f.f.client.BlacklistCacheClient      : Fetching active blacklist from Rule Cache
2026-09-11T12:44:05.353+05:30  INFO 25444 --- [fraud-engine-service] [scheduling-1] c.s.f.f.client.BlacklistCacheClient      : Fetched 4 active blacklist entries from Rule Cache
2026-09-11T12:44:05.353+05:30  INFO 25444 --- [fraud-engine-service] [scheduling-1] c.s.f.f.cache.ActiveBlacklistCache       : Active blacklist cache refreshed entryCount=4
2026-09-11T12:44:05.857+05:30  INFO 25444 --- [fraud-engine-service] [scheduling-1] c.s.f.f.client.RuleCacheClient           : Fetching active rules from Rule Cache
2026-09-11T12:44:05.868+05:30  INFO 25444 --- [fraud-engine-service] [scheduling-1] c.s.f.f.client.RuleCacheClient           : Fetched 10 active rules from Rule Cache
2026-09-11T12:44:05.868+05:30  INFO 25444 --- [fraud-engine-service] [scheduling-1] c.s.f.fraudengine.cache.ActiveRuleCache  : Active rule cache refreshed ruleCount=10
2026-09-11T12:44:35.358+05:30  INFO 25444 --- [fraud-engine-service] [scheduling-1] c.s.f.f.client.BlacklistCacheClient      : Fetching active blacklist from Rule Cache
2026-09-11T12:44:35.365+05:30  INFO 25444 --- [fraud-engine-service] [scheduling-1] c.s.f.f.client.BlacklistCacheClient      : Fetched 4 active blacklist entries from Rule Cache
2026-09-11T12:44:35.365+05:30  INFO 25444 --- [fraud-engine-service] [scheduling-1] c.s.f.f.cache.ActiveBlacklistCache       : Active blacklist cache refreshed entryCount=4
2026-09-11T12:44:35.873+05:30  INFO 25444 --- [fraud-engine-service] [scheduling-1] c.s.f.f.client.RuleCacheClient           : Fetching active rules from Rule Cache
2026-09-11T12:44:35.884+05:30  INFO 25444 --- [fraud-engine-service] [scheduling-1] c.s.f.f.client.RuleCacheClient           : Fetched 10 active rules from Rule Cache
2026-09-11T12:44:35.884+05:30  INFO 25444 --- [fraud-engine-service] [scheduling-1] c.s.f.fraudengine.cache.ActiveRuleCache  : Active rule cache refreshed ruleCount=10
2026-09-11T12:45:05.379+05:30  INFO 25444 --- [fraud-engine-service] [scheduling-1] c.s.f.f.client.BlacklistCacheClient      : Fetching active blacklist from Rule Cache
2026-09-11T12:45:05.389+05:30  INFO 25444 --- [fraud-engine-service] [scheduling-1] c.s.f.f.client.BlacklistCacheClient      : Fetched 4 active blacklist entries from Rule Cache
2026-09-11T12:45:05.389+05:30  INFO 25444 --- [fraud-engine-service] [scheduling-1] c.s.f.f.cache.ActiveBlacklistCache       : Active blacklist cache refreshed entryCount=4
2026-09-11T12:45:05.893+05:30  INFO 25444 --- [fraud-engine-service] [scheduling-1] c.s.f.f.client.RuleCacheClient           : Fetching active rules from Rule Cache
2026-09-11T12:45:05.897+05:30  INFO 25444 --- [fraud-engine-service] [scheduling-1] c.s.f.f.client.RuleCacheClient           : Fetched 10 active rules from Rule Cache
2026-09-11T12:45:05.897+05:30  INFO 25444 --- [fraud-engine-service] [scheduling-1] c.s.f.fraudengine.cache.ActiveRuleCache  : Active rule cache refreshed ruleCount=10
2026-09-11T12:45:28.475+05:30  INFO 25444 --- [fraud-engine-service] [AsyncResolver-bootstrap-executor-%d] c.n.d.s.r.aws.ConfigClusterResolver      : Resolving eureka endpoints via configuration
2026-09-11T12:45:35.395+05:30  INFO 25444 --- [fraud-engine-service] [scheduling-1] c.s.f.f.client.BlacklistCacheClient      : Fetching active blacklist from Rule Cache
2026-09-11T12:45:35.398+05:30  INFO 25444 --- [fraud-engine-service] [scheduling-1] c.s.f.f.client.BlacklistCacheClient      : Fetched 4 active blacklist entries from Rule Cache
2026-09-11T12:45:35.398+05:30  INFO 25444 --- [fraud-engine-service] [scheduling-1] c.s.f.f.cache.ActiveBlacklistCache       : Active blacklist cache refreshed entryCount=4
2026-09-11T12:45:35.911+05:30  INFO 25444 --- [fraud-engine-service] [scheduling-1] c.s.f.f.client.RuleCacheClient           : Fetching active rules from Rule Cache
2026-09-11T12:45:35.912+05:30  INFO 25444 --- [fraud-engine-service] [scheduling-1] c.s.f.f.client.RuleCacheClient           : Fetched 10 active rules from Rule Cache
2026-09-11T12:45:35.912+05:30  INFO 25444 --- [fraud-engine-service] [scheduling-1] c.s.f.fraudengine.cache.ActiveRuleCache  : Active rule cache refreshed ruleCount=10
2026-09-11T12:46:05.417+05:30  INFO 25444 --- [fraud-engine-service] [scheduling-1] c.s.f.f.client.BlacklistCacheClient      : Fetching active blacklist from Rule Cache
2026-09-11T12:46:05.425+05:30  INFO 25444 --- [fraud-engine-service] [scheduling-1] c.s.f.f.client.BlacklistCacheClient      : Fetched 4 active blacklist entries from Rule Cache
2026-09-11T12:46:05.425+05:30  INFO 25444 --- [fraud-engine-service] [scheduling-1] c.s.f.f.cache.ActiveBlacklistCache       : Active blacklist cache refreshed entryCount=4
2026-09-11T12:46:05.925+05:30  INFO 25444 --- [fraud-engine-service] [scheduling-1] c.s.f.f.client.RuleCacheClient           : Fetching active rules from Rule Cache
2026-09-11T12:46:05.947+05:30  INFO 25444 --- [fraud-engine-service] [scheduling-1] c.s.f.f.client.RuleCacheClient           : Fetched 10 active rules from Rule Cache
2026-09-11T12:46:05.947+05:30  INFO 25444 --- [fraud-engine-service] [scheduling-1] c.s.f.fraudengine.cache.ActiveRuleCache  : Active rule cache refreshed ruleCount=10
2026-09-11T12:46:35.433+05:30  INFO 25444 --- [fraud-engine-service] [scheduling-1] c.s.f.f.client.BlacklistCacheClient      : Fetching active blacklist from Rule Cache
2026-09-11T12:46:35.442+05:30  INFO 25444 --- [fraud-engine-service] [scheduling-1] c.s.f.f.client.BlacklistCacheClient      : Fetched 4 active blacklist entries from Rule Cache
2026-09-11T12:46:35.442+05:30  INFO 25444 --- [fraud-engine-service] [scheduling-1] c.s.f.f.cache.ActiveBlacklistCache       : Active blacklist cache refreshed entryCount=4
2026-09-11T12:46:35.951+05:30  INFO 25444 --- [fraud-engine-service] [scheduling-1] c.s.f.f.client.RuleCacheClient           : Fetching active rules from Rule Cache
2026-09-11T12:46:35.956+05:30  INFO 25444 --- [fraud-engine-service] [scheduling-1] c.s.f.f.client.RuleCacheClient           : Fetched 10 active rules from Rule Cache
2026-09-11T12:46:35.956+05:30  INFO 25444 --- [fraud-engine-service] [scheduling-1] c.s.f.fraudengine.cache.ActiveRuleCache  : Active rule cache refreshed ruleCount=10
2026-09-11T12:47:05.457+05:30  INFO 25444 --- [fraud-engine-service] [scheduling-1] c.s.f.f.client.BlacklistCacheClient      : Fetching active blacklist from Rule Cache
2026-09-11T12:47:05.459+05:30  INFO 25444 --- [fraud-engine-service] [scheduling-1] c.s.f.f.client.BlacklistCacheClient      : Fetched 4 active blacklist entries from Rule Cache
2026-09-11T12:47:05.459+05:30  INFO 25444 --- [fraud-engine-service] [scheduling-1] c.s.f.f.cache.ActiveBlacklistCache       : Active blacklist cache refreshed entryCount=4
2026-09-11T12:47:05.957+05:30  INFO 25444 --- [fraud-engine-service] [scheduling-1] c.s.f.f.client.RuleCacheClient           : Fetching active rules from Rule Cache
2026-09-11T12:47:05.959+05:30  INFO 25444 --- [fraud-engine-service] [scheduling-1] c.s.f.f.client.RuleCacheClient           : Fetched 10 active rules from Rule Cache
2026-09-11T12:47:05.959+05:30  INFO 25444 --- [fraud-engine-service] [scheduling-1] c.s.f.fraudengine.cache.ActiveRuleCache  : Active rule cache refreshed ruleCount=10
2026-09-11T12:47:35.478+05:30  INFO 25444 --- [fraud-engine-service] [scheduling-1] c.s.f.f.client.BlacklistCacheClient      : Fetching active blacklist from Rule Cache
2026-09-11T12:47:35.480+05:30  INFO 25444 --- [fraud-engine-service] [scheduling-1] c.s.f.f.client.BlacklistCacheClient      : Fetched 4 active blacklist entries from Rule Cache
2026-09-11T12:47:35.480+05:30  INFO 25444 --- [fraud-engine-service] [scheduling-1] c.s.f.f.cache.ActiveBlacklistCache       : Active blacklist cache refreshed entryCount=4
2026-09-11T12:47:35.981+05:30  INFO 25444 --- [fraud-engine-service] [scheduling-1] c.s.f.f.client.RuleCacheClient           : Fetching active rules from Rule Cache
2026-09-11T12:47:35.987+05:30  INFO 25444 --- [fraud-engine-service] [scheduling-1] c.s.f.f.client.RuleCacheClient           : Fetched 10 active rules from Rule Cache
2026-09-11T12:47:36.001+05:30  INFO 25444 --- [fraud-engine-service] [scheduling-1] c.s.f.fraudengine.cache.ActiveRuleCache  : Active rule cache refreshed ruleCount=10
2026-09-11T12:48:05.491+05:30  INFO 25444 --- [fraud-engine-service] [scheduling-1] c.s.f.f.client.BlacklistCacheClient      : Fetching active blacklist from Rule Cache
2026-09-11T12:48:05.502+05:30  INFO 25444 --- [fraud-engine-service] [scheduling-1] c.s.f.f.client.BlacklistCacheClient      : Fetched 4 active blacklist entries from Rule Cache
2026-09-11T12:48:05.502+05:30  INFO 25444 --- [fraud-engine-service] [scheduling-1] c.s.f.f.cache.ActiveBlacklistCache       : Active blacklist cache refreshed entryCount=4
2026-09-11T12:48:06.019+05:30  INFO 25444 --- [fraud-engine-service] [scheduling-1] c.s.f.f.client.RuleCacheClient           : Fetching active rules from Rule Cache
2026-09-11T12:48:06.027+05:30  INFO 25444 --- [fraud-engine-service] [scheduling-1] c.s.f.f.client.RuleCacheClient           : Fetched 10 active rules from Rule Cache
2026-09-11T12:48:06.027+05:30  INFO 25444 --- [fraud-engine-service] [scheduling-1] c.s.f.fraudengine.cache.ActiveRuleCache  : Active rule cache refreshed ruleCount=10
2026-09-11T12:48:35.518+05:30  INFO 25444 --- [fraud-engine-service] [scheduling-1] c.s.f.f.client.BlacklistCacheClient      : Fetching active blacklist from Rule Cache
2026-09-11T12:48:35.525+05:30  INFO 25444 --- [fraud-engine-service] [scheduling-1] c.s.f.f.client.BlacklistCacheClient      : Fetched 4 active blacklist entries from Rule Cache
2026-09-11T12:48:35.525+05:30  INFO 25444 --- [fraud-engine-service] [scheduling-1] c.s.f.f.cache.ActiveBlacklistCache       : Active blacklist cache refreshed entryCount=4
2026-09-11T12:48:36.034+05:30  INFO 25444 --- [fraud-engine-service] [scheduling-1] c.s.f.f.client.RuleCacheClient           : Fetching active rules from Rule Cache
2026-09-11T12:48:36.035+05:30  INFO 25444 --- [fraud-engine-service] [scheduling-1] c.s.f.f.client.RuleCacheClient           : Fetched 10 active rules from Rule Cache
2026-09-11T12:48:36.035+05:30  INFO 25444 --- [fraud-engine-service] [scheduling-1] c.s.f.fraudengine.cache.ActiveRuleCache  : Active rule cache refreshed ruleCount=10
2026-09-11T12:49:05.538+05:30  INFO 25444 --- [fraud-engine-service] [scheduling-1] c.s.f.f.client.BlacklistCacheClient      : Fetching active blacklist from Rule Cache
2026-09-11T12:49:05.540+05:30  INFO 25444 --- [fraud-engine-service] [scheduling-1] c.s.f.f.client.BlacklistCacheClient      : Fetched 4 active blacklist entries from Rule Cache
2026-09-11T12:49:05.540+05:30  INFO 25444 --- [fraud-engine-service] [scheduling-1] c.s.f.f.cache.ActiveBlacklistCache       : Active blacklist cache refreshed entryCount=4
2026-09-11T12:49:06.055+05:30  INFO 25444 --- [fraud-engine-service] [scheduling-1] c.s.f.f.client.RuleCacheClient           : Fetching active rules from Rule Cache
2026-09-11T12:49:06.055+05:30  INFO 25444 --- [fraud-engine-service] [scheduling-1] c.s.f.f.client.RuleCacheClient           : Fetched 10 active rules from Rule Cache
2026-09-11T12:49:06.055+05:30  INFO 25444 --- [fraud-engine-service] [scheduling-1] c.s.f.fraudengine.cache.ActiveRuleCache  : Active rule cache refreshed ruleCount=10
2026-09-11T12:49:35.561+05:30  INFO 25444 --- [fraud-engine-service] [scheduling-1] c.s.f.f.client.BlacklistCacheClient      : Fetching active blacklist from Rule Cache
2026-09-11T12:49:35.583+05:30  INFO 25444 --- [fraud-engine-service] [scheduling-1] c.s.f.f.client.BlacklistCacheClient      : Fetched 4 active blacklist entries from Rule Cache
2026-09-11T12:49:35.583+05:30  INFO 25444 --- [fraud-engine-service] [scheduling-1] c.s.f.f.cache.ActiveBlacklistCache       : Active blacklist cache refreshed entryCount=4
2026-09-11T12:49:36.074+05:30  INFO 25444 --- [fraud-engine-service] [scheduling-1] c.s.f.f.client.RuleCacheClient           : Fetching active rules from Rule Cache
2026-09-11T12:49:36.098+05:30  INFO 25444 --- [fraud-engine-service] [scheduling-1] c.s.f.f.client.RuleCacheClient           : Fetched 10 active rules from Rule Cache
2026-09-11T12:49:36.098+05:30  INFO 25444 --- [fraud-engine-service] [scheduling-1] c.s.f.fraudengine.cache.ActiveRuleCache  : Active rule cache refreshed ruleCount=10
2026-09-11T12:50:05.596+05:30  INFO 25444 --- [fraud-engine-service] [scheduling-1] c.s.f.f.client.BlacklistCacheClient      : Fetching active blacklist from Rule Cache
2026-09-11T12:50:05.597+05:30  INFO 25444 --- [fraud-engine-service] [scheduling-1] c.s.f.f.client.BlacklistCacheClient      : Fetched 4 active blacklist entries from Rule Cache
2026-09-11T12:50:05.597+05:30  INFO 25444 --- [fraud-engine-service] [scheduling-1] c.s.f.f.cache.ActiveBlacklistCache       : Active blacklist cache refreshed entryCount=4
2026-09-11T12:50:06.113+05:30  INFO 25444 --- [fraud-engine-service] [scheduling-1] c.s.f.f.client.RuleCacheClient           : Fetching active rules from Rule Cache
2026-09-11T12:50:06.129+05:30  INFO 25444 --- [fraud-engine-service] [scheduling-1] c.s.f.f.client.RuleCacheClient           : Fetched 10 active rules from Rule Cache
2026-09-11T12:50:06.129+05:30  INFO 25444 --- [fraud-engine-service] [scheduling-1] c.s.f.fraudengine.cache.ActiveRuleCache  : Active rule cache refreshed ruleCount=10
2026-09-11T12:50:28.493+05:30  INFO 25444 --- [fraud-engine-service] [AsyncResolver-bootstrap-executor-%d] c.n.d.s.r.aws.ConfigClusterResolver      : Resolving eureka endpoints via configuration
2026-09-11T12:50:35.613+05:30  INFO 25444 --- [fraud-engine-service] [scheduling-1] c.s.f.f.client.BlacklistCacheClient      : Fetching active blacklist from Rule Cache
2026-09-11T12:50:35.618+05:30  INFO 25444 --- [fraud-engine-service] [scheduling-1] c.s.f.f.client.BlacklistCacheClient      : Fetched 4 active blacklist entries from Rule Cache
2026-09-11T12:50:35.618+05:30  INFO 25444 --- [fraud-engine-service] [scheduling-1] c.s.f.f.cache.ActiveBlacklistCache       : Active blacklist cache refreshed entryCount=4
2026-09-11T12:50:36.147+05:30  INFO 25444 --- [fraud-engine-service] [scheduling-1] c.s.f.f.client.RuleCacheClient           : Fetching active rules from Rule Cache
2026-09-11T12:50:36.152+05:30  INFO 25444 --- [fraud-engine-service] [scheduling-1] c.s.f.f.client.RuleCacheClient           : Fetched 10 active rules from Rule Cache
2026-09-11T12:50:36.152+05:30  INFO 25444 --- [fraud-engine-service] [scheduling-1] c.s.f.fraudengine.cache.ActiveRuleCache  : Active rule cache refreshed ruleCount=10
2026-09-11T12:51:05.621+05:30  INFO 25444 --- [fraud-engine-service] [scheduling-1] c.s.f.f.client.BlacklistCacheClient      : Fetching active blacklist from Rule Cache
2026-09-11T12:51:05.630+05:30  INFO 25444 --- [fraud-engine-service] [scheduling-1] c.s.f.f.client.BlacklistCacheClient      : Fetched 4 active blacklist entries from Rule Cache
2026-09-11T12:51:05.630+05:30  INFO 25444 --- [fraud-engine-service] [scheduling-1] c.s.f.f.cache.ActiveBlacklistCache       : Active blacklist cache refreshed entryCount=4
2026-09-11T12:51:06.154+05:30  INFO 25444 --- [fraud-engine-service] [scheduling-1] c.s.f.f.client.RuleCacheClient           : Fetching active rules from Rule Cache
2026-09-11T12:51:06.163+05:30  INFO 25444 --- [fraud-engine-service] [scheduling-1] c.s.f.f.client.RuleCacheClient           : Fetched 10 active rules from Rule Cache
2026-09-11T12:51:06.164+05:30  INFO 25444 --- [fraud-engine-service] [scheduling-1] c.s.f.fraudengine.cache.ActiveRuleCache  : Active rule cache refreshed ruleCount=10
2026-09-11T12:51:35.641+05:30  INFO 25444 --- [fraud-engine-service] [scheduling-1] c.s.f.f.client.BlacklistCacheClient      : Fetching active blacklist from Rule Cache
2026-09-11T12:51:35.644+05:30  INFO 25444 --- [fraud-engine-service] [scheduling-1] c.s.f.f.client.BlacklistCacheClient      : Fetched 4 active blacklist entries from Rule Cache
2026-09-11T12:51:35.644+05:30  INFO 25444 --- [fraud-engine-service] [scheduling-1] c.s.f.f.cache.ActiveBlacklistCache       : Active blacklist cache refreshed entryCount=4
2026-09-11T12:51:36.173+05:30  INFO 25444 --- [fraud-engine-service] [scheduling-1] c.s.f.f.client.RuleCacheClient           : Fetching active rules from Rule Cache
2026-09-11T12:51:36.174+05:30  INFO 25444 --- [fraud-engine-service] [scheduling-1] c.s.f.f.client.RuleCacheClient           : Fetched 10 active rules from Rule Cache
2026-09-11T12:51:36.174+05:30  INFO 25444 --- [fraud-engine-service] [scheduling-1] c.s.f.fraudengine.cache.ActiveRuleCache  : Active rule cache refreshed ruleCount=10
2026-09-11T12:52:05.662+05:30  INFO 25444 --- [fraud-engine-service] [scheduling-1] c.s.f.f.client.BlacklistCacheClient      : Fetching active blacklist from Rule Cache
2026-09-11T12:52:05.670+05:30  INFO 25444 --- [fraud-engine-service] [scheduling-1] c.s.f.f.client.BlacklistCacheClient      : Fetched 4 active blacklist entries from Rule Cache
2026-09-11T12:52:05.670+05:30  INFO 25444 --- [fraud-engine-service] [scheduling-1] c.s.f.f.cache.ActiveBlacklistCache       : Active blacklist cache refreshed entryCount=4
2026-09-11T12:52:06.189+05:30  INFO 25444 --- [fraud-engine-service] [scheduling-1] c.s.f.f.client.RuleCacheClient           : Fetching active rules from Rule Cache
2026-09-11T12:52:06.195+05:30  INFO 25444 --- [fraud-engine-service] [scheduling-1] c.s.f.f.client.RuleCacheClient           : Fetched 10 active rules from Rule Cache
2026-09-11T12:52:06.195+05:30  INFO 25444 --- [fraud-engine-service] [scheduling-1] c.s.f.fraudengine.cache.ActiveRuleCache  : Active rule cache refreshed ruleCount=10
2026-09-11T12:52:35.682+05:30  INFO 25444 --- [fraud-engine-service] [scheduling-1] c.s.f.f.client.BlacklistCacheClient      : Fetching active blacklist from Rule Cache
2026-09-11T12:52:35.689+05:30  INFO 25444 --- [fraud-engine-service] [scheduling-1] c.s.f.f.client.BlacklistCacheClient      : Fetched 4 active blacklist entries from Rule Cache
2026-09-11T12:52:35.689+05:30  INFO 25444 --- [fraud-engine-service] [scheduling-1] c.s.f.f.cache.ActiveBlacklistCache       : Active blacklist cache refreshed entryCount=4
2026-09-11T12:52:36.197+05:30  INFO 25444 --- [fraud-engine-service] [scheduling-1] c.s.f.f.client.RuleCacheClient           : Fetching active rules from Rule Cache
2026-09-11T12:52:36.199+05:30  INFO 25444 --- [fraud-engine-service] [scheduling-1] c.s.f.f.client.RuleCacheClient           : Fetched 10 active rules from Rule Cache
2026-09-11T12:52:36.199+05:30  INFO 25444 --- [fraud-engine-service] [scheduling-1] c.s.f.fraudengine.cache.ActiveRuleCache  : Active rule cache refreshed ruleCount=10
2026-09-11T12:53:05.703+05:30  INFO 25444 --- [fraud-engine-service] [scheduling-1] c.s.f.f.client.BlacklistCacheClient      : Fetching active blacklist from Rule Cache
2026-09-11T12:53:05.706+05:30  INFO 25444 --- [fraud-engine-service] [scheduling-1] c.s.f.f.client.BlacklistCacheClient      : Fetched 4 active blacklist entries from Rule Cache
2026-09-11T12:53:05.706+05:30  INFO 25444 --- [fraud-engine-service] [scheduling-1] c.s.f.f.cache.ActiveBlacklistCache       : Active blacklist cache refreshed entryCount=4
2026-09-11T12:53:06.219+05:30  INFO 25444 --- [fraud-engine-service] [scheduling-1] c.s.f.f.client.RuleCacheClient           : Fetching active rules from Rule Cache
2026-09-11T12:53:06.224+05:30  INFO 25444 --- [fraud-engine-service] [scheduling-1] c.s.f.f.client.RuleCacheClient           : Fetched 10 active rules from Rule Cache
2026-09-11T12:53:06.224+05:30  INFO 25444 --- [fraud-engine-service] [scheduling-1] c.s.f.fraudengine.cache.ActiveRuleCache  : Active rule cache refreshed ruleCount=10
2026-09-11T12:53:35.726+05:30  INFO 25444 --- [fraud-engine-service] [scheduling-1] c.s.f.f.client.BlacklistCacheClient      : Fetching active blacklist from Rule Cache
2026-09-11T12:53:35.731+05:30  INFO 25444 --- [fraud-engine-service] [scheduling-1] c.s.f.f.client.BlacklistCacheClient      : Fetched 4 active blacklist entries from Rule Cache
2026-09-11T12:53:35.731+05:30  INFO 25444 --- [fraud-engine-service] [scheduling-1] c.s.f.f.cache.ActiveBlacklistCache       : Active blacklist cache refreshed entryCount=4
2026-09-11T12:53:36.243+05:30  INFO 25444 --- [fraud-engine-service] [scheduling-1] c.s.f.f.client.RuleCacheClient           : Fetching active rules from Rule Cache
2026-09-11T12:53:36.244+05:30  INFO 25444 --- [fraud-engine-service] [scheduling-1] c.s.f.f.client.RuleCacheClient           : Fetched 10 active rules from Rule Cache
2026-09-11T12:53:36.244+05:30  INFO 25444 --- [fraud-engine-service] [scheduling-1] c.s.f.fraudengine.cache.ActiveRuleCache  : Active rule cache refreshed ruleCount=10
2026-09-11T12:54:05.744+05:30  INFO 25444 --- [fraud-engine-service] [scheduling-1] c.s.f.f.client.BlacklistCacheClient      : Fetching active blacklist from Rule Cache
2026-09-11T12:54:05.745+05:30  INFO 25444 --- [fraud-engine-service] [scheduling-1] c.s.f.f.client.BlacklistCacheClient      : Fetched 4 active blacklist entries from Rule Cache
2026-09-11T12:54:05.745+05:30  INFO 25444 --- [fraud-engine-service] [scheduling-1] c.s.f.f.cache.ActiveBlacklistCache       : Active blacklist cache refreshed entryCount=4
2026-09-11T12:54:06.260+05:30  INFO 25444 --- [fraud-engine-service] [scheduling-1] c.s.f.f.client.RuleCacheClient           : Fetching active rules from Rule Cache
2026-09-11T12:54:06.261+05:30  INFO 25444 --- [fraud-engine-service] [scheduling-1] c.s.f.f.client.RuleCacheClient           : Fetched 10 active rules from Rule Cache
2026-09-11T12:54:06.261+05:30  INFO 25444 --- [fraud-engine-service] [scheduling-1] c.s.f.fraudengine.cache.ActiveRuleCache  : Active rule cache refreshed ruleCount=10
2026-09-11T12:54:35.763+05:30  INFO 25444 --- [fraud-engine-service] [scheduling-1] c.s.f.f.client.BlacklistCacheClient      : Fetching active blacklist from Rule Cache
2026-09-11T12:54:35.782+05:30  INFO 25444 --- [fraud-engine-service] [scheduling-1] c.s.f.f.client.BlacklistCacheClient      : Fetched 4 active blacklist entries from Rule Cache
2026-09-11T12:54:35.782+05:30  INFO 25444 --- [fraud-engine-service] [scheduling-1] c.s.f.f.cache.ActiveBlacklistCache       : Active blacklist cache refreshed entryCount=4
2026-09-11T12:54:36.287+05:30  INFO 25444 --- [fraud-engine-service] [scheduling-1] c.s.f.f.client.RuleCacheClient           : Fetching active rules from Rule Cache
2026-09-11T12:54:36.302+05:30  INFO 25444 --- [fraud-engine-service] [scheduling-1] c.s.f.f.client.RuleCacheClient           : Fetched 10 active rules from Rule Cache
2026-09-11T12:54:36.302+05:30  INFO 25444 --- [fraud-engine-service] [scheduling-1] c.s.f.fraudengine.cache.ActiveRuleCache  : Active rule cache refreshed ruleCount=10
2026-09-11T12:55:05.801+05:30  INFO 25444 --- [fraud-engine-service] [scheduling-1] c.s.f.f.client.BlacklistCacheClient      : Fetching active blacklist from Rule Cache
2026-09-11T12:55:05.821+05:30  INFO 25444 --- [fraud-engine-service] [scheduling-1] c.s.f.f.client.BlacklistCacheClient      : Fetched 4 active blacklist entries from Rule Cache
2026-09-11T12:55:05.821+05:30  INFO 25444 --- [fraud-engine-service] [scheduling-1] c.s.f.f.cache.ActiveBlacklistCache       : Active blacklist cache refreshed entryCount=4
2026-09-11T12:55:06.303+05:30  INFO 25444 --- [fraud-engine-service] [scheduling-1] c.s.f.f.client.RuleCacheClient           : Fetching active rules from Rule Cache
2026-09-11T12:55:06.318+05:30  INFO 25444 --- [fraud-engine-service] [scheduling-1] c.s.f.f.client.RuleCacheClient           : Fetched 10 active rules from Rule Cache
2026-09-11T12:55:06.318+05:30  INFO 25444 --- [fraud-engine-service] [scheduling-1] c.s.f.fraudengine.cache.ActiveRuleCache  : Active rule cache refreshed ruleCount=10
2026-09-11T12:55:28.496+05:30  INFO 25444 --- [fraud-engine-service] [AsyncResolver-bootstrap-executor-%d] c.n.d.s.r.aws.ConfigClusterResolver      : Resolving eureka endpoints via configuration
2026-09-11T12:55:35.838+05:30  INFO 25444 --- [fraud-engine-service] [scheduling-1] c.s.f.f.client.BlacklistCacheClient      : Fetching active blacklist from Rule Cache
2026-09-11T12:55:35.838+05:30  INFO 25444 --- [fraud-engine-service] [scheduling-1] c.s.f.f.client.BlacklistCacheClient      : Fetched 4 active blacklist entries from Rule Cache
2026-09-11T12:55:35.838+05:30  INFO 25444 --- [fraud-engine-service] [scheduling-1] c.s.f.f.cache.ActiveBlacklistCache       : Active blacklist cache refreshed entryCount=4
2026-09-11T12:55:36.337+05:30  INFO 25444 --- [fraud-engine-service] [scheduling-1] c.s.f.f.client.RuleCacheClient           : Fetching active rules from Rule Cache
2026-09-11T12:55:36.338+05:30  INFO 25444 --- [fraud-engine-service] [scheduling-1] c.s.f.f.client.RuleCacheClient           : Fetched 10 active rules from Rule Cache
2026-09-11T12:55:36.338+05:30  INFO 25444 --- [fraud-engine-service] [scheduling-1] c.s.f.fraudengine.cache.ActiveRuleCache  : Active rule cache refreshed ruleCount=10
2026-09-11T12:56:05.859+05:30  INFO 25444 --- [fraud-engine-service] [scheduling-1] c.s.f.f.client.BlacklistCacheClient      : Fetching active blacklist from Rule Cache
2026-09-11T12:56:05.866+05:30  INFO 25444 --- [fraud-engine-service] [scheduling-1] c.s.f.f.client.BlacklistCacheClient      : Fetched 4 active blacklist entries from Rule Cache
2026-09-11T12:56:05.866+05:30  INFO 25444 --- [fraud-engine-service] [scheduling-1] c.s.f.f.cache.ActiveBlacklistCache       : Active blacklist cache refreshed entryCount=4
2026-09-11T12:56:06.359+05:30  INFO 25444 --- [fraud-engine-service] [scheduling-1] c.s.f.f.client.RuleCacheClient           : Fetching active rules from Rule Cache
2026-09-11T12:56:06.366+05:30  INFO 25444 --- [fraud-engine-service] [scheduling-1] c.s.f.f.client.RuleCacheClient           : Fetched 10 active rules from Rule Cache
2026-09-11T12:56:06.366+05:30  INFO 25444 --- [fraud-engine-service] [scheduling-1] c.s.f.fraudengine.cache.ActiveRuleCache  : Active rule cache refreshed ruleCount=10
2026-09-11T12:56:35.880+05:30  INFO 25444 --- [fraud-engine-service] [scheduling-1] c.s.f.f.client.BlacklistCacheClient      : Fetching active blacklist from Rule Cache
2026-09-11T12:56:35.884+05:30  INFO 25444 --- [fraud-engine-service] [scheduling-1] c.s.f.f.client.BlacklistCacheClient      : Fetched 4 active blacklist entries from Rule Cache
2026-09-11T12:56:35.884+05:30  INFO 25444 --- [fraud-engine-service] [scheduling-1] c.s.f.f.cache.ActiveBlacklistCache       : Active blacklist cache refreshed entryCount=4
2026-09-11T12:56:36.379+05:30  INFO 25444 --- [fraud-engine-service] [scheduling-1] c.s.f.f.client.RuleCacheClient           : Fetching active rules from Rule Cache
2026-09-11T12:56:36.387+05:30  INFO 25444 --- [fraud-engine-service] [scheduling-1] c.s.f.f.client.RuleCacheClient           : Fetched 10 active rules from Rule Cache
2026-09-11T12:56:36.387+05:30  INFO 25444 --- [fraud-engine-service] [scheduling-1] c.s.f.fraudengine.cache.ActiveRuleCache  : Active rule cache refreshed ruleCount=10
2026-09-11T12:57:05.899+05:30  INFO 25444 --- [fraud-engine-service] [scheduling-1] c.s.f.f.client.BlacklistCacheClient      : Fetching active blacklist from Rule Cache
2026-09-11T12:57:05.921+05:30  INFO 25444 --- [fraud-engine-service] [scheduling-1] c.s.f.f.client.BlacklistCacheClient      : Fetched 4 active blacklist entries from Rule Cache
2026-09-11T12:57:05.921+05:30  INFO 25444 --- [fraud-engine-service] [scheduling-1] c.s.f.f.cache.ActiveBlacklistCache       : Active blacklist cache refreshed entryCount=4
2026-09-11T12:57:06.395+05:30  INFO 25444 --- [fraud-engine-service] [scheduling-1] c.s.f.f.client.RuleCacheClient           : Fetching active rules from Rule Cache
2026-09-11T12:57:06.402+05:30  INFO 25444 --- [fraud-engine-service] [scheduling-1] c.s.f.f.client.RuleCacheClient           : Fetched 10 active rules from Rule Cache
2026-09-11T12:57:06.402+05:30  INFO 25444 --- [fraud-engine-service] [scheduling-1] c.s.f.fraudengine.cache.ActiveRuleCache  : Active rule cache refreshed ruleCount=10
2026-09-11T12:57:35.926+05:30  INFO 25444 --- [fraud-engine-service] [scheduling-1] c.s.f.f.client.BlacklistCacheClient      : Fetching active blacklist from Rule Cache
2026-09-11T12:57:35.935+05:30  INFO 25444 --- [fraud-engine-service] [scheduling-1] c.s.f.f.client.BlacklistCacheClient      : Fetched 4 active blacklist entries from Rule Cache
2026-09-11T12:57:35.935+05:30  INFO 25444 --- [fraud-engine-service] [scheduling-1] c.s.f.f.cache.ActiveBlacklistCache       : Active blacklist cache refreshed entryCount=4
2026-09-11T12:57:36.415+05:30  INFO 25444 --- [fraud-engine-service] [scheduling-1] c.s.f.f.client.RuleCacheClient           : Fetching active rules from Rule Cache
2026-09-11T12:57:36.425+05:30  INFO 25444 --- [fraud-engine-service] [scheduling-1] c.s.f.f.client.RuleCacheClient           : Fetched 10 active rules from Rule Cache
2026-09-11T12:57:36.426+05:30  INFO 25444 --- [fraud-engine-service] [scheduling-1] c.s.f.fraudengine.cache.ActiveRuleCache  : Active rule cache refreshed ruleCount=10
2026-09-11T12:58:05.945+05:30  INFO 25444 --- [fraud-engine-service] [scheduling-1] c.s.f.f.client.BlacklistCacheClient      : Fetching active blacklist from Rule Cache
2026-09-11T12:58:05.949+05:30  INFO 25444 --- [fraud-engine-service] [scheduling-1] c.s.f.f.client.BlacklistCacheClient      : Fetched 4 active blacklist entries from Rule Cache
2026-09-11T12:58:05.949+05:30  INFO 25444 --- [fraud-engine-service] [scheduling-1] c.s.f.f.cache.ActiveBlacklistCache       : Active blacklist cache refreshed entryCount=4
2026-09-11T12:58:06.428+05:30  INFO 25444 --- [fraud-engine-service] [scheduling-1] c.s.f.f.client.RuleCacheClient           : Fetching active rules from Rule Cache
2026-09-11T12:58:06.443+05:30  INFO 25444 --- [fraud-engine-service] [scheduling-1] c.s.f.f.client.RuleCacheClient           : Fetched 10 active rules from Rule Cache
2026-09-11T12:58:06.444+05:30  INFO 25444 --- [fraud-engine-service] [scheduling-1] c.s.f.fraudengine.cache.ActiveRuleCache  : Active rule cache refreshed ruleCount=10
2026-09-11T12:58:35.962+05:30  INFO 25444 --- [fraud-engine-service] [scheduling-1] c.s.f.f.client.BlacklistCacheClient      : Fetching active blacklist from Rule Cache
2026-09-11T12:58:35.970+05:30  INFO 25444 --- [fraud-engine-service] [scheduling-1] c.s.f.f.client.BlacklistCacheClient      : Fetched 4 active blacklist entries from Rule Cache
2026-09-11T12:58:35.970+05:30  INFO 25444 --- [fraud-engine-service] [scheduling-1] c.s.f.f.cache.ActiveBlacklistCache       : Active blacklist cache refreshed entryCount=4
2026-09-11T12:58:36.445+05:30  INFO 25444 --- [fraud-engine-service] [scheduling-1] c.s.f.f.client.RuleCacheClient           : Fetching active rules from Rule Cache
2026-09-11T12:58:36.445+05:30  INFO 25444 --- [fraud-engine-service] [scheduling-1] c.s.f.f.client.RuleCacheClient           : Fetched 10 active rules from Rule Cache
2026-09-11T12:58:36.445+05:30  INFO 25444 --- [fraud-engine-service] [scheduling-1] c.s.f.fraudengine.cache.ActiveRuleCache  : Active rule cache refreshed ruleCount=10
2026-09-11T12:59:05.981+05:30  INFO 25444 --- [fraud-engine-service] [scheduling-1] c.s.f.f.client.BlacklistCacheClient      : Fetching active blacklist from Rule Cache
2026-09-11T12:59:05.982+05:30  INFO 25444 --- [fraud-engine-service] [scheduling-1] c.s.f.f.client.BlacklistCacheClient      : Fetched 4 active blacklist entries from Rule Cache
2026-09-11T12:59:05.982+05:30  INFO 25444 --- [fraud-engine-service] [scheduling-1] c.s.f.f.cache.ActiveBlacklistCache       : Active blacklist cache refreshed entryCount=4
2026-09-11T12:59:06.464+05:30  INFO 25444 --- [fraud-engine-service] [scheduling-1] c.s.f.f.client.RuleCacheClient           : Fetching active rules from Rule Cache
2026-09-11T12:59:06.465+05:30  INFO 25444 --- [fraud-engine-service] [scheduling-1] c.s.f.f.client.RuleCacheClient           : Fetched 10 active rules from Rule Cache
2026-09-11T12:59:06.465+05:30  INFO 25444 --- [fraud-engine-service] [scheduling-1] c.s.f.fraudengine.cache.ActiveRuleCache  : Active rule cache refreshed ruleCount=10
2026-09-11T12:59:36.005+05:30  INFO 25444 --- [fraud-engine-service] [scheduling-1] c.s.f.f.client.BlacklistCacheClient      : Fetching active blacklist from Rule Cache
2026-09-11T12:59:36.023+05:30  INFO 25444 --- [fraud-engine-service] [scheduling-1] c.s.f.f.client.BlacklistCacheClient      : Fetched 4 active blacklist entries from Rule Cache
2026-09-11T12:59:36.023+05:30  INFO 25444 --- [fraud-engine-service] [scheduling-1] c.s.f.f.cache.ActiveBlacklistCache       : Active blacklist cache refreshed entryCount=4
2026-09-11T12:59:36.489+05:30  INFO 25444 --- [fraud-engine-service] [scheduling-1] c.s.f.f.client.RuleCacheClient           : Fetching active rules from Rule Cache
2026-09-11T12:59:36.489+05:30  INFO 25444 --- [fraud-engine-service] [scheduling-1] c.s.f.f.client.RuleCacheClient           : Fetched 10 active rules from Rule Cache
2026-09-11T12:59:36.489+05:30  INFO 25444 --- [fraud-engine-service] [scheduling-1] c.s.f.fraudengine.cache.ActiveRuleCache  : Active rule cache refreshed ruleCount=10
2026-09-11T13:00:06.033+05:30  INFO 25444 --- [fraud-engine-service] [scheduling-1] c.s.f.f.client.BlacklistCacheClient      : Fetching active blacklist from Rule Cache
2026-09-11T13:00:06.052+05:30  INFO 25444 --- [fraud-engine-service] [scheduling-1] c.s.f.f.client.BlacklistCacheClient      : Fetched 4 active blacklist entries from Rule Cache
2026-09-11T13:00:06.052+05:30  INFO 25444 --- [fraud-engine-service] [scheduling-1] c.s.f.f.cache.ActiveBlacklistCache       : Active blacklist cache refreshed entryCount=4
2026-09-11T13:00:06.503+05:30  INFO 25444 --- [fraud-engine-service] [scheduling-1] c.s.f.f.client.RuleCacheClient           : Fetching active rules from Rule Cache
2026-09-11T13:00:06.512+05:30  INFO 25444 --- [fraud-engine-service] [scheduling-1] c.s.f.f.client.RuleCacheClient           : Fetched 10 active rules from Rule Cache
2026-09-11T13:00:06.513+05:30  INFO 25444 --- [fraud-engine-service] [scheduling-1] c.s.f.fraudengine.cache.ActiveRuleCache  : Active rule cache refreshed ruleCount=10
2026-09-11T13:00:28.500+05:30  INFO 25444 --- [fraud-engine-service] [AsyncResolver-bootstrap-executor-%d] c.n.d.s.r.aws.ConfigClusterResolver      : Resolving eureka endpoints via configuration
2026-09-11T13:00:36.060+05:30  INFO 25444 --- [fraud-engine-service] [scheduling-1] c.s.f.f.client.BlacklistCacheClient      : Fetching active blacklist from Rule Cache
2026-09-11T13:00:36.061+05:30  INFO 25444 --- [fraud-engine-service] [scheduling-1] c.s.f.f.client.BlacklistCacheClient      : Fetched 4 active blacklist entries from Rule Cache
2026-09-11T13:00:36.061+05:30  INFO 25444 --- [fraud-engine-service] [scheduling-1] c.s.f.f.cache.ActiveBlacklistCache       : Active blacklist cache refreshed entryCount=4
2026-09-11T13:00:36.526+05:30  INFO 25444 --- [fraud-engine-service] [scheduling-1] c.s.f.f.client.RuleCacheClient           : Fetching active rules from Rule Cache
2026-09-11T13:00:36.527+05:30  INFO 25444 --- [fraud-engine-service] [scheduling-1] c.s.f.f.client.RuleCacheClient           : Fetched 10 active rules from Rule Cache
2026-09-11T13:00:36.527+05:30  INFO 25444 --- [fraud-engine-service] [scheduling-1] c.s.f.fraudengine.cache.ActiveRuleCache  : Active rule cache refreshed ruleCount=10
2026-09-11T13:01:06.081+05:30  INFO 25444 --- [fraud-engine-service] [scheduling-1] c.s.f.f.client.BlacklistCacheClient      : Fetching active blacklist from Rule Cache
2026-09-11T13:01:06.091+05:30  INFO 25444 --- [fraud-engine-service] [scheduling-1] c.s.f.f.client.BlacklistCacheClient      : Fetched 4 active blacklist entries from Rule Cache
2026-09-11T13:01:06.091+05:30  INFO 25444 --- [fraud-engine-service] [scheduling-1] c.s.f.f.cache.ActiveBlacklistCache       : Active blacklist cache refreshed entryCount=4
2026-09-11T13:01:06.537+05:30  INFO 25444 --- [fraud-engine-service] [scheduling-1] c.s.f.f.client.RuleCacheClient           : Fetching active rules from Rule Cache
2026-09-11T13:01:06.545+05:30  INFO 25444 --- [fraud-engine-service] [scheduling-1] c.s.f.f.client.RuleCacheClient           : Fetched 10 active rules from Rule Cache
2026-09-11T13:01:06.545+05:30  INFO 25444 --- [fraud-engine-service] [scheduling-1] c.s.f.fraudengine.cache.ActiveRuleCache  : Active rule cache refreshed ruleCount=10
2026-09-11T13:01:36.100+05:30  INFO 25444 --- [fraud-engine-service] [scheduling-1] c.s.f.f.client.BlacklistCacheClient      : Fetching active blacklist from Rule Cache
2026-09-11T13:01:36.108+05:30  INFO 25444 --- [fraud-engine-service] [scheduling-1] c.s.f.f.client.BlacklistCacheClient      : Fetched 4 active blacklist entries from Rule Cache
2026-09-11T13:01:36.108+05:30  INFO 25444 --- [fraud-engine-service] [scheduling-1] c.s.f.f.cache.ActiveBlacklistCache       : Active blacklist cache refreshed entryCount=4
2026-09-11T13:01:36.553+05:30  INFO 25444 --- [fraud-engine-service] [scheduling-1] c.s.f.f.client.RuleCacheClient           : Fetching active rules from Rule Cache
2026-09-11T13:01:36.557+05:30  INFO 25444 --- [fraud-engine-service] [scheduling-1] c.s.f.f.client.RuleCacheClient           : Fetched 10 active rules from Rule Cache
2026-09-11T13:01:36.557+05:30  INFO 25444 --- [fraud-engine-service] [scheduling-1] c.s.f.fraudengine.cache.ActiveRuleCache  : Active rule cache refreshed ruleCount=10
2026-09-11T13:02:06.123+05:30  INFO 25444 --- [fraud-engine-service] [scheduling-1] c.s.f.f.client.BlacklistCacheClient      : Fetching active blacklist from Rule Cache
2026-09-11T13:02:06.125+05:30  INFO 25444 --- [fraud-engine-service] [scheduling-1] c.s.f.f.client.BlacklistCacheClient      : Fetched 4 active blacklist entries from Rule Cache
2026-09-11T13:02:06.125+05:30  INFO 25444 --- [fraud-engine-service] [scheduling-1] c.s.f.f.cache.ActiveBlacklistCache       : Active blacklist cache refreshed entryCount=4
2026-09-11T13:02:06.563+05:30  INFO 25444 --- [fraud-engine-service] [scheduling-1] c.s.f.f.client.RuleCacheClient           : Fetching active rules from Rule Cache
2026-09-11T13:02:06.567+05:30  INFO 25444 --- [fraud-engine-service] [scheduling-1] c.s.f.f.client.RuleCacheClient           : Fetched 10 active rules from Rule Cache
2026-09-11T13:02:06.567+05:30  INFO 25444 --- [fraud-engine-service] [scheduling-1] c.s.f.fraudengine.cache.ActiveRuleCache  : Active rule cache refreshed ruleCount=10
2026-09-11T13:02:36.133+05:30  INFO 25444 --- [fraud-engine-service] [scheduling-1] c.s.f.f.client.BlacklistCacheClient      : Fetching active blacklist from Rule Cache
2026-09-11T13:02:36.138+05:30  INFO 25444 --- [fraud-engine-service] [scheduling-1] c.s.f.f.client.BlacklistCacheClient      : Fetched 4 active blacklist entries from Rule Cache
2026-09-11T13:02:36.138+05:30  INFO 25444 --- [fraud-engine-service] [scheduling-1] c.s.f.f.cache.ActiveBlacklistCache       : Active blacklist cache refreshed entryCount=4
2026-09-11T13:02:36.569+05:30  INFO 25444 --- [fraud-engine-service] [scheduling-1] c.s.f.f.client.RuleCacheClient           : Fetching active rules from Rule Cache
2026-09-11T13:02:36.574+05:30  INFO 25444 --- [fraud-engine-service] [scheduling-1] c.s.f.f.client.RuleCacheClient           : Fetched 10 active rules from Rule Cache
2026-09-11T13:02:36.574+05:30  INFO 25444 --- [fraud-engine-service] [scheduling-1] c.s.f.fraudengine.cache.ActiveRuleCache  : Active rule cache refreshed ruleCount=10
2026-09-11T13:03:06.153+05:30  INFO 25444 --- [fraud-engine-service] [scheduling-1] c.s.f.f.client.BlacklistCacheClient      : Fetching active blacklist from Rule Cache
2026-09-11T13:03:06.153+05:30  INFO 25444 --- [fraud-engine-service] [scheduling-1] c.s.f.f.client.BlacklistCacheClient      : Fetched 4 active blacklist entries from Rule Cache
2026-09-11T13:03:06.153+05:30  INFO 25444 --- [fraud-engine-service] [scheduling-1] c.s.f.f.cache.ActiveBlacklistCache       : Active blacklist cache refreshed entryCount=4
2026-09-11T13:03:06.577+05:30  INFO 25444 --- [fraud-engine-service] [scheduling-1] c.s.f.f.client.RuleCacheClient           : Fetching active rules from Rule Cache
2026-09-11T13:03:06.583+05:30  INFO 25444 --- [fraud-engine-service] [scheduling-1] c.s.f.f.client.RuleCacheClient           : Fetched 10 active rules from Rule Cache
2026-09-11T13:03:06.583+05:30  INFO 25444 --- [fraud-engine-service] [scheduling-1] c.s.f.fraudengine.cache.ActiveRuleCache  : Active rule cache refreshed ruleCount=10
2026-09-11T13:03:36.172+05:30  INFO 25444 --- [fraud-engine-service] [scheduling-1] c.s.f.f.client.BlacklistCacheClient      : Fetching active blacklist from Rule Cache
2026-09-11T13:03:36.176+05:30  INFO 25444 --- [fraud-engine-service] [scheduling-1] c.s.f.f.client.BlacklistCacheClient      : Fetched 4 active blacklist entries from Rule Cache
2026-09-11T13:03:36.176+05:30  INFO 25444 --- [fraud-engine-service] [scheduling-1] c.s.f.f.cache.ActiveBlacklistCache       : Active blacklist cache refreshed entryCount=4
2026-09-11T13:03:36.595+05:30  INFO 25444 --- [fraud-engine-service] [scheduling-1] c.s.f.f.client.RuleCacheClient           : Fetching active rules from Rule Cache
2026-09-11T13:03:36.601+05:30  INFO 25444 --- [fraud-engine-service] [scheduling-1] c.s.f.f.client.RuleCacheClient           : Fetched 10 active rules from Rule Cache
2026-09-11T13:03:36.601+05:30  INFO 25444 --- [fraud-engine-service] [scheduling-1] c.s.f.fraudengine.cache.ActiveRuleCache  : Active rule cache refreshed ruleCount=10
2026-09-11T13:03:49.166+05:30  INFO 25444 --- [fraud-engine-service] [SpringApplicationShutdownHook] o.s.c.n.e.s.EurekaServiceRegistry        : Unregistering application FRAUD-ENGINE-SERVICE with eureka with status DOWN
2026-09-11T13:03:49.169+05:30  INFO 25444 --- [fraud-engine-service] [SpringApplicationShutdownHook] com.netflix.discovery.DiscoveryClient    : Saw local status change event StatusChangeEvent [timestamp=1789112029168, current=DOWN, previous=UP]
2026-09-11T13:03:49.172+05:30  INFO 25444 --- [fraud-engine-service] [DiscoveryClient-InstanceInfoReplicator-%d] com.netflix.discovery.DiscoveryClient    : DiscoveryClient_FRAUD-ENGINE-SERVICE/fraud-engine-service:8092: registering service...
2026-09-11T13:03:49.243+05:30  INFO 25444 --- [fraud-engine-service] [DiscoveryClient-InstanceInfoReplicator-%d] com.netflix.discovery.DiscoveryClient    : DiscoveryClient_FRAUD-ENGINE-SERVICE/fraud-engine-service:8092 - registration status: 204
2026-09-11T13:03:49.583+05:30  INFO 25444 --- [fraud-engine-service] [SpringApplicationShutdownHook] o.a.k.clients.producer.KafkaProducer     : [Producer clientId=producer-1] Closing the Kafka producer with timeoutMillis = 30000 ms.
2026-09-11T13:03:49.630+05:30  INFO 25444 --- [fraud-engine-service] [SpringApplicationShutdownHook] o.apache.kafka.common.metrics.Metrics    : Metrics scheduler closed
2026-09-11T13:03:49.632+05:30  INFO 25444 --- [fraud-engine-service] [SpringApplicationShutdownHook] o.apache.kafka.common.metrics.Metrics    : Closing reporter org.apache.kafka.common.metrics.JmxReporter
2026-09-11T13:03:49.632+05:30  INFO 25444 --- [fraud-engine-service] [SpringApplicationShutdownHook] o.apache.kafka.common.metrics.Metrics    : Metrics reporters closed
2026-09-11T13:03:49.638+05:30  INFO 25444 --- [fraud-engine-service] [SpringApplicationShutdownHook] o.a.kafka.common.utils.AppInfoParser     : App info kafka.producer for producer-1 unregistered
2026-09-11T13:03:49.796+05:30  INFO 25444 --- [fraud-engine-service] [SpringApplicationShutdownHook] com.netflix.discovery.DiscoveryClient    : Shutting down DiscoveryClient ...
2026-09-11T13:03:52.812+05:30  INFO 25444 --- [fraud-engine-service] [SpringApplicationShutdownHook] com.netflix.discovery.DiscoveryClient    : Unregistering ...
2026-09-11T13:03:52.930+05:30  INFO 25444 --- [fraud-engine-service] [SpringApplicationShutdownHook] c.n.d.s.t.d.RedirectingEurekaHttpClient  : Request execution error. endpoint=DefaultEndpoint{ serviceUrl='http://localhost:8761/eureka/} exception=I/O error on DELETE request for "http://localhost:8761/eureka/apps/FRAUD-ENGINE-SERVICE/fraud-engine-service:8092": Connect to http://localhost:8761 [localhost/127.0.0.1, localhost/0:0:0:0:0:0:0:1] failed: Connection refused: getsockopt stacktrace=org.springframework.web.client.ResourceAccessException: I/O error on DELETE request for "http://localhost:8761/eureka/apps/FRAUD-ENGINE-SERVICE/fraud-engine-service:8092": Connect to http://localhost:8761 [localhost/127.0.0.1, localhost/0:0:0:0:0:0:0:1] failed: Connection refused: getsockopt
	at org.springframework.web.client.RestTemplate.createResourceAccessException(RestTemplate.java:915)
	at org.springframework.web.client.RestTemplate.doExecute(RestTemplate.java:895)
	at org.springframework.web.client.RestTemplate.execute(RestTemplate.java:830)
	at org.springframework.web.client.RestTemplate.exchange(RestTemplate.java:691)
	at org.springframework.cloud.netflix.eureka.http.RestTemplateEurekaHttpClient.cancel(RestTemplateEurekaHttpClient.java:96)
	at com.netflix.discovery.shared.transport.decorator.EurekaHttpClientDecorator$2.execute(EurekaHttpClientDecorator.java:74)
	at com.netflix.discovery.shared.transport.decorator.RedirectingEurekaHttpClient.execute(RedirectingEurekaHttpClient.java:91)
	at com.netflix.discovery.shared.transport.decorator.EurekaHttpClientDecorator.cancel(EurekaHttpClientDecorator.java:71)
	at com.netflix.discovery.shared.transport.decorator.EurekaHttpClientDecorator$2.execute(EurekaHttpClientDecorator.java:74)
	at com.netflix.discovery.shared.transport.decorator.RetryableEurekaHttpClient.execute(RetryableEurekaHttpClient.java:120)
	at com.netflix.discovery.shared.transport.decorator.EurekaHttpClientDecorator.cancel(EurekaHttpClientDecorator.java:71)
	at com.netflix.discovery.shared.transport.decorator.EurekaHttpClientDecorator$2.execute(EurekaHttpClientDecorator.java:74)
	at com.netflix.discovery.shared.transport.decorator.SessionedEurekaHttpClient.execute(SessionedEurekaHttpClient.java:76)
	at com.netflix.discovery.shared.transport.decorator.EurekaHttpClientDecorator.cancel(EurekaHttpClientDecorator.java:71)
	at com.netflix.discovery.DiscoveryClient.unregister(DiscoveryClient.java:919)
	at com.netflix.discovery.DiscoveryClient.shutdown(DiscoveryClient.java:900)
	at java.base/jdk.internal.reflect.NativeMethodAccessorImpl.invoke0(Native Method)
	at java.base/jdk.internal.reflect.NativeMethodAccessorImpl.invoke(NativeMethodAccessorImpl.java:77)
	at java.base/jdk.internal.reflect.DelegatingMethodAccessorImpl.invoke(DelegatingMethodAccessorImpl.java:43)
	at java.base/java.lang.reflect.Method.invoke(Method.java:569)
	at org.springframework.beans.factory.annotation.InitDestroyAnnotationBeanPostProcessor$LifecycleMethod.invoke(InitDestroyAnnotationBeanPostProcessor.java:457)
	at org.springframework.beans.factory.annotation.InitDestroyAnnotationBeanPostProcessor$LifecycleMetadata.invokeDestroyMethods(InitDestroyAnnotationBeanPostProcessor.java:415)
	at org.springframework.beans.factory.annotation.InitDestroyAnnotationBeanPostProcessor.postProcessBeforeDestruction(InitDestroyAnnotationBeanPostProcessor.java:239)
	at org.springframework.beans.factory.support.DisposableBeanAdapter.destroy(DisposableBeanAdapter.java:202)
	at org.springframework.beans.factory.support.DisposableBeanAdapter.run(DisposableBeanAdapter.java:195)
	at org.springframework.cloud.context.scope.GenericScope$BeanLifecycleWrapper.destroy(GenericScope.java:389)
	at org.springframework.cloud.context.scope.GenericScope.destroy(GenericScope.java:136)
	at org.springframework.beans.factory.support.DisposableBeanAdapter.destroy(DisposableBeanAdapter.java:211)
	at org.springframework.beans.factory.support.DefaultSingletonBeanRegistry.destroyBean(DefaultSingletonBeanRegistry.java:587)
	at org.springframework.beans.factory.support.DefaultSingletonBeanRegistry.destroySingleton(DefaultSingletonBeanRegistry.java:559)
	at org.springframework.beans.factory.support.DefaultListableBeanFactory.destroySingleton(DefaultListableBeanFactory.java:1202)
	at org.springframework.beans.factory.support.DefaultSingletonBeanRegistry.destroySingletons(DefaultSingletonBeanRegistry.java:520)
	at org.springframework.beans.factory.support.DefaultListableBeanFactory.destroySingletons(DefaultListableBeanFactory.java:1195)
	at org.springframework.context.support.AbstractApplicationContext.destroyBeans(AbstractApplicationContext.java:1195)
	at org.springframework.context.support.AbstractApplicationContext.doClose(AbstractApplicationContext.java:1156)
	at org.springframework.boot.web.servlet.context.ServletWebServerApplicationContext.doClose(ServletWebServerApplicationContext.java:174)
	at org.springframework.context.support.AbstractApplicationContext.close(AbstractApplicationContext.java:1102)
	at org.springframework.boot.SpringApplicationShutdownHook.closeAndWait(SpringApplicationShutdownHook.java:145)
	at java.base/java.lang.Iterable.forEach(Iterable.java:75)
	at org.springframework.boot.SpringApplicationShutdownHook.run(SpringApplicationShutdownHook.java:114)
	at java.base/java.lang.Thread.run(Thread.java:840)
Caused by: org.apache.hc.client5.http.HttpHostConnectException: Connect to http://localhost:8761 [localhost/127.0.0.1, localhost/0:0:0:0:0:0:0:1] failed: Connection refused: getsockopt
	at java.base/sun.nio.ch.Net.pollConnect(Native Method)
	at java.base/sun.nio.ch.Net.pollConnectNow(Net.java:684)
	at java.base/sun.nio.ch.NioSocketImpl.timedFinishConnect(NioSocketImpl.java:547)
	at java.base/sun.nio.ch.NioSocketImpl.connect(NioSocketImpl.java:602)
	at java.base/java.net.SocksSocketImpl.connect(SocksSocketImpl.java:327)
	at java.base/java.net.Socket.connect(Socket.java:633)
	at org.apache.hc.client5.http.socket.PlainConnectionSocketFactory.lambda$connectSocket$0(PlainConnectionSocketFactory.java:91)
	at java.base/java.security.AccessController.doPrivileged(AccessController.java:569)
	at org.apache.hc.client5.http.socket.PlainConnectionSocketFactory.connectSocket(PlainConnectionSocketFactory.java:90)
	at org.apache.hc.client5.http.socket.ConnectionSocketFactory.connectSocket(ConnectionSocketFactory.java:123)
	at org.apache.hc.client5.http.impl.io.DefaultHttpClientConnectionOperator.connect(DefaultHttpClientConnectionOperator.java:184)
	at org.apache.hc.client5.http.impl.io.PoolingHttpClientConnectionManager.connect(PoolingHttpClientConnectionManager.java:447)
	at org.apache.hc.client5.http.impl.classic.InternalExecRuntime.connectEndpoint(InternalExecRuntime.java:162)
	at org.apache.hc.client5.http.impl.classic.InternalExecRuntime.connectEndpoint(InternalExecRuntime.java:172)
	at org.apache.hc.client5.http.impl.classic.ConnectExec.execute(ConnectExec.java:142)
	at org.apache.hc.client5.http.impl.classic.ExecChainElement.execute(ExecChainElement.java:51)
	at org.apache.hc.client5.http.impl.classic.ProtocolExec.execute(ProtocolExec.java:192)
	at org.apache.hc.client5.http.impl.classic.ExecChainElement.execute(ExecChainElement.java:51)
	at org.apache.hc.client5.http.impl.classic.HttpRequestRetryExec.execute(HttpRequestRetryExec.java:96)
	at org.apache.hc.client5.http.impl.classic.ExecChainElement.execute(ExecChainElement.java:51)
	at org.apache.hc.client5.http.impl.classic.ContentCompressionExec.execute(ContentCompressionExec.java:152)
	at org.apache.hc.client5.http.impl.classic.ExecChainElement.execute(ExecChainElement.java:51)
	at org.apache.hc.client5.http.impl.classic.RedirectExec.execute(RedirectExec.java:115)
	at org.apache.hc.client5.http.impl.classic.ExecChainElement.execute(ExecChainElement.java:51)
	at org.apache.hc.client5.http.impl.classic.InternalHttpClient.doExecute(InternalHttpClient.java:170)
	at org.apache.hc.client5.http.impl.classic.CloseableHttpClient.execute(CloseableHttpClient.java:87)
	at org.apache.hc.client5.http.impl.classic.CloseableHttpClient.execute(CloseableHttpClient.java:55)
	at org.apache.hc.client5.http.classic.HttpClient.executeOpen(HttpClient.java:183)
	at org.springframework.http.client.HttpComponentsClientHttpRequest.executeInternal(HttpComponentsClientHttpRequest.java:99)
	at org.springframework.http.client.AbstractStreamingClientHttpRequest.executeInternal(AbstractStreamingClientHttpRequest.java:70)
	at org.springframework.http.client.AbstractClientHttpRequest.execute(AbstractClientHttpRequest.java:66)
	at org.springframework.http.client.InterceptingClientHttpRequest$InterceptingRequestExecution.execute(InterceptingClientHttpRequest.java:112)
	at org.springframework.cloud.netflix.eureka.http.RestTemplateTransportClientFactory.lambda$restTemplate$3(RestTemplateTransportClientFactory.java:170)
	at org.springframework.http.client.InterceptingClientHttpRequest$InterceptingRequestExecution.execute(InterceptingClientHttpRequest.java:88)
	at org.springframework.http.client.InterceptingClientHttpRequest.executeInternal(InterceptingClientHttpRequest.java:72)
	at org.springframework.http.client.AbstractBufferingClientHttpRequest.executeInternal(AbstractBufferingClientHttpRequest.java:48)
	at org.springframework.http.client.AbstractClientHttpRequest.execute(AbstractClientHttpRequest.java:66)
	at org.springframework.web.client.RestTemplate.doExecute(RestTemplate.java:889)
	... 39 more

2026-09-11T13:03:52.930+05:30  WARN 25444 --- [fraud-engine-service] [SpringApplicationShutdownHook] c.n.d.s.t.d.RetryableEurekaHttpClient    : Request execution failed with message: I/O error on DELETE request for "http://localhost:8761/eureka/apps/FRAUD-ENGINE-SERVICE/fraud-engine-service:8092": Connect to http://localhost:8761 [localhost/127.0.0.1, localhost/0:0:0:0:0:0:0:1] failed: Connection refused: getsockopt
2026-09-11T13:03:52.967+05:30  INFO 25444 --- [fraud-engine-service] [SpringApplicationShutdownHook] c.n.d.s.t.d.RedirectingEurekaHttpClient  : Request execution error. endpoint=DefaultEndpoint{ serviceUrl='http://localhost:8761/eureka/}, exception=I/O error on DELETE request for "http://localhost:8761/eureka/apps/FRAUD-ENGINE-SERVICE/fraud-engine-service:8092": Connect to http://localhost:8761 [localhost/127.0.0.1, localhost/0:0:0:0:0:0:0:1] failed: Connection refused: getsockopt stacktrace=org.springframework.web.client.ResourceAccessException: I/O error on DELETE request for "http://localhost:8761/eureka/apps/FRAUD-ENGINE-SERVICE/fraud-engine-service:8092": Connect to http://localhost:8761 [localhost/127.0.0.1, localhost/0:0:0:0:0:0:0:1] failed: Connection refused: getsockopt
	at org.springframework.web.client.RestTemplate.createResourceAccessException(RestTemplate.java:915)
	at org.springframework.web.client.RestTemplate.doExecute(RestTemplate.java:895)
	at org.springframework.web.client.RestTemplate.execute(RestTemplate.java:830)
	at org.springframework.web.client.RestTemplate.exchange(RestTemplate.java:691)
	at org.springframework.cloud.netflix.eureka.http.RestTemplateEurekaHttpClient.cancel(RestTemplateEurekaHttpClient.java:96)
	at com.netflix.discovery.shared.transport.decorator.EurekaHttpClientDecorator$2.execute(EurekaHttpClientDecorator.java:74)
	at com.netflix.discovery.shared.transport.decorator.RedirectingEurekaHttpClient.executeOnNewServer(RedirectingEurekaHttpClient.java:121)
	at com.netflix.discovery.shared.transport.decorator.RedirectingEurekaHttpClient.execute(RedirectingEurekaHttpClient.java:80)
	at com.netflix.discovery.shared.transport.decorator.EurekaHttpClientDecorator.cancel(EurekaHttpClientDecorator.java:71)
	at com.netflix.discovery.shared.transport.decorator.EurekaHttpClientDecorator$2.execute(EurekaHttpClientDecorator.java:74)
	at com.netflix.discovery.shared.transport.decorator.RetryableEurekaHttpClient.execute(RetryableEurekaHttpClient.java:120)
	at com.netflix.discovery.shared.transport.decorator.EurekaHttpClientDecorator.cancel(EurekaHttpClientDecorator.java:71)
	at com.netflix.discovery.shared.transport.decorator.EurekaHttpClientDecorator$2.execute(EurekaHttpClientDecorator.java:74)
	at com.netflix.discovery.shared.transport.decorator.SessionedEurekaHttpClient.execute(SessionedEurekaHttpClient.java:76)
	at com.netflix.discovery.shared.transport.decorator.EurekaHttpClientDecorator.cancel(EurekaHttpClientDecorator.java:71)
	at com.netflix.discovery.DiscoveryClient.unregister(DiscoveryClient.java:919)
	at com.netflix.discovery.DiscoveryClient.shutdown(DiscoveryClient.java:900)
	at java.base/jdk.internal.reflect.NativeMethodAccessorImpl.invoke0(Native Method)
	at java.base/jdk.internal.reflect.NativeMethodAccessorImpl.invoke(NativeMethodAccessorImpl.java:77)
	at java.base/jdk.internal.reflect.DelegatingMethodAccessorImpl.invoke(DelegatingMethodAccessorImpl.java:43)
	at java.base/java.lang.reflect.Method.invoke(Method.java:569)
	at org.springframework.beans.factory.annotation.InitDestroyAnnotationBeanPostProcessor$LifecycleMethod.invoke(InitDestroyAnnotationBeanPostProcessor.java:457)
	at org.springframework.beans.factory.annotation.InitDestroyAnnotationBeanPostProcessor$LifecycleMetadata.invokeDestroyMethods(InitDestroyAnnotationBeanPostProcessor.java:415)
	at org.springframework.beans.factory.annotation.InitDestroyAnnotationBeanPostProcessor.postProcessBeforeDestruction(InitDestroyAnnotationBeanPostProcessor.java:239)
	at org.springframework.beans.factory.support.DisposableBeanAdapter.destroy(DisposableBeanAdapter.java:202)
	at org.springframework.beans.factory.support.DisposableBeanAdapter.run(DisposableBeanAdapter.java:195)
	at org.springframework.cloud.context.scope.GenericScope$BeanLifecycleWrapper.destroy(GenericScope.java:389)
	at org.springframework.cloud.context.scope.GenericScope.destroy(GenericScope.java:136)
	at org.springframework.beans.factory.support.DisposableBeanAdapter.destroy(DisposableBeanAdapter.java:211)
	at org.springframework.beans.factory.support.DefaultSingletonBeanRegistry.destroyBean(DefaultSingletonBeanRegistry.java:587)
	at org.springframework.beans.factory.support.DefaultSingletonBeanRegistry.destroySingleton(DefaultSingletonBeanRegistry.java:559)
	at org.springframework.beans.factory.support.DefaultListableBeanFactory.destroySingleton(DefaultListableBeanFactory.java:1202)
	at org.springframework.beans.factory.support.DefaultSingletonBeanRegistry.destroySingletons(DefaultSingletonBeanRegistry.java:520)
	at org.springframework.beans.factory.support.DefaultListableBeanFactory.destroySingletons(DefaultListableBeanFactory.java:1195)
	at org.springframework.context.support.AbstractApplicationContext.destroyBeans(AbstractApplicationContext.java:1195)
	at org.springframework.context.support.AbstractApplicationContext.doClose(AbstractApplicationContext.java:1156)
	at org.springframework.boot.web.servlet.context.ServletWebServerApplicationContext.doClose(ServletWebServerApplicationContext.java:174)
	at org.springframework.context.support.AbstractApplicationContext.close(AbstractApplicationContext.java:1102)
	at org.springframework.boot.SpringApplicationShutdownHook.closeAndWait(SpringApplicationShutdownHook.java:145)
	at java.base/java.lang.Iterable.forEach(Iterable.java:75)
	at org.springframework.boot.SpringApplicationShutdownHook.run(SpringApplicationShutdownHook.java:114)
	at java.base/java.lang.Thread.run(Thread.java:840)
Caused by: org.apache.hc.client5.http.HttpHostConnectException: Connect to http://localhost:8761 [localhost/127.0.0.1, localhost/0:0:0:0:0:0:0:1] failed: Connection refused: getsockopt
	at java.base/sun.nio.ch.Net.pollConnect(Native Method)
	at java.base/sun.nio.ch.Net.pollConnectNow(Net.java:684)
	at java.base/sun.nio.ch.NioSocketImpl.timedFinishConnect(NioSocketImpl.java:547)
	at java.base/sun.nio.ch.NioSocketImpl.connect(NioSocketImpl.java:602)
	at java.base/java.net.SocksSocketImpl.connect(SocksSocketImpl.java:327)
	at java.base/java.net.Socket.connect(Socket.java:633)
	at org.apache.hc.client5.http.socket.PlainConnectionSocketFactory.lambda$connectSocket$0(PlainConnectionSocketFactory.java:91)
	at java.base/java.security.AccessController.doPrivileged(AccessController.java:569)
	at org.apache.hc.client5.http.socket.PlainConnectionSocketFactory.connectSocket(PlainConnectionSocketFactory.java:90)
	at org.apache.hc.client5.http.socket.ConnectionSocketFactory.connectSocket(ConnectionSocketFactory.java:123)
	at org.apache.hc.client5.http.impl.io.DefaultHttpClientConnectionOperator.connect(DefaultHttpClientConnectionOperator.java:184)
	at org.apache.hc.client5.http.impl.io.PoolingHttpClientConnectionManager.connect(PoolingHttpClientConnectionManager.java:447)
	at org.apache.hc.client5.http.impl.classic.InternalExecRuntime.connectEndpoint(InternalExecRuntime.java:162)
	at org.apache.hc.client5.http.impl.classic.InternalExecRuntime.connectEndpoint(InternalExecRuntime.java:172)
	at org.apache.hc.client5.http.impl.classic.ConnectExec.execute(ConnectExec.java:142)
	at org.apache.hc.client5.http.impl.classic.ExecChainElement.execute(ExecChainElement.java:51)
	at org.apache.hc.client5.http.impl.classic.ProtocolExec.execute(ProtocolExec.java:192)
	at org.apache.hc.client5.http.impl.classic.ExecChainElement.execute(ExecChainElement.java:51)
	at org.apache.hc.client5.http.impl.classic.HttpRequestRetryExec.execute(HttpRequestRetryExec.java:96)
	at org.apache.hc.client5.http.impl.classic.ExecChainElement.execute(ExecChainElement.java:51)
	at org.apache.hc.client5.http.impl.classic.ContentCompressionExec.execute(ContentCompressionExec.java:152)
	at org.apache.hc.client5.http.impl.classic.ExecChainElement.execute(ExecChainElement.java:51)
	at org.apache.hc.client5.http.impl.classic.RedirectExec.execute(RedirectExec.java:115)
	at org.apache.hc.client5.http.impl.classic.ExecChainElement.execute(ExecChainElement.java:51)
	at org.apache.hc.client5.http.impl.classic.InternalHttpClient.doExecute(InternalHttpClient.java:170)
	at org.apache.hc.client5.http.impl.classic.CloseableHttpClient.execute(CloseableHttpClient.java:87)
	at org.apache.hc.client5.http.impl.classic.CloseableHttpClient.execute(CloseableHttpClient.java:55)
	at org.apache.hc.client5.http.classic.HttpClient.executeOpen(HttpClient.java:183)
	at org.springframework.http.client.HttpComponentsClientHttpRequest.executeInternal(HttpComponentsClientHttpRequest.java:99)
	at org.springframework.http.client.AbstractStreamingClientHttpRequest.executeInternal(AbstractStreamingClientHttpRequest.java:70)
	at org.springframework.http.client.AbstractClientHttpRequest.execute(AbstractClientHttpRequest.java:66)
	at org.springframework.http.client.InterceptingClientHttpRequest$InterceptingRequestExecution.execute(InterceptingClientHttpRequest.java:112)
	at org.springframework.cloud.netflix.eureka.http.RestTemplateTransportClientFactory.lambda$restTemplate$3(RestTemplateTransportClientFactory.java:170)
	at org.springframework.http.client.InterceptingClientHttpRequest$InterceptingRequestExecution.execute(InterceptingClientHttpRequest.java:88)
	at org.springframework.http.client.InterceptingClientHttpRequest.executeInternal(InterceptingClientHttpRequest.java:72)
	at org.springframework.http.client.AbstractBufferingClientHttpRequest.executeInternal(AbstractBufferingClientHttpRequest.java:48)
	at org.springframework.http.client.AbstractClientHttpRequest.execute(AbstractClientHttpRequest.java:66)
	at org.springframework.web.client.RestTemplate.doExecute(RestTemplate.java:889)
	... 40 more

2026-09-11T13:03:52.968+05:30  WARN 25444 --- [fraud-engine-service] [SpringApplicationShutdownHook] c.n.d.s.t.d.RetryableEurekaHttpClient    : Request execution failed with message: I/O error on DELETE request for "http://localhost:8761/eureka/apps/FRAUD-ENGINE-SERVICE/fraud-engine-service:8092": Connect to http://localhost:8761 [localhost/127.0.0.1, localhost/0:0:0:0:0:0:0:1] failed: Connection refused: getsockopt
2026-09-11T13:03:52.969+05:30 ERROR 25444 --- [fraud-engine-service] [SpringApplicationShutdownHook] com.netflix.discovery.DiscoveryClient    : DiscoveryClient_FRAUD-ENGINE-SERVICE/fraud-engine-service:8092 - de-registration failedCannot execute request on any known server

com.netflix.discovery.shared.transport.TransportException: Cannot execute request on any known server
	at com.netflix.discovery.shared.transport.decorator.RetryableEurekaHttpClient.execute(RetryableEurekaHttpClient.java:112) ~[eureka-client-2.0.4.jar:2.0.4]
	at com.netflix.discovery.shared.transport.decorator.EurekaHttpClientDecorator.cancel(EurekaHttpClientDecorator.java:71) ~[eureka-client-2.0.4.jar:2.0.4]
	at com.netflix.discovery.shared.transport.decorator.EurekaHttpClientDecorator$2.execute(EurekaHttpClientDecorator.java:74) ~[eureka-client-2.0.4.jar:2.0.4]
	at com.netflix.discovery.shared.transport.decorator.SessionedEurekaHttpClient.execute(SessionedEurekaHttpClient.java:76) ~[eureka-client-2.0.4.jar:2.0.4]
	at com.netflix.discovery.shared.transport.decorator.EurekaHttpClientDecorator.cancel(EurekaHttpClientDecorator.java:71) ~[eureka-client-2.0.4.jar:2.0.4]
	at com.netflix.discovery.DiscoveryClient.unregister(DiscoveryClient.java:919) ~[eureka-client-2.0.4.jar:2.0.4]
	at com.netflix.discovery.DiscoveryClient.shutdown(DiscoveryClient.java:900) ~[eureka-client-2.0.4.jar:2.0.4]
	at java.base/jdk.internal.reflect.NativeMethodAccessorImpl.invoke0(Native Method) ~[na:na]
	at java.base/jdk.internal.reflect.NativeMethodAccessorImpl.invoke(NativeMethodAccessorImpl.java:77) ~[na:na]
	at java.base/jdk.internal.reflect.DelegatingMethodAccessorImpl.invoke(DelegatingMethodAccessorImpl.java:43) ~[na:na]
	at java.base/java.lang.reflect.Method.invoke(Method.java:569) ~[na:na]
	at org.springframework.beans.factory.annotation.InitDestroyAnnotationBeanPostProcessor$LifecycleMethod.invoke(InitDestroyAnnotationBeanPostProcessor.java:457) ~[spring-beans-6.1.15.jar:6.1.15]
	at org.springframework.beans.factory.annotation.InitDestroyAnnotationBeanPostProcessor$LifecycleMetadata.invokeDestroyMethods(InitDestroyAnnotationBeanPostProcessor.java:415) ~[spring-beans-6.1.15.jar:6.1.15]
	at org.springframework.beans.factory.annotation.InitDestroyAnnotationBeanPostProcessor.postProcessBeforeDestruction(InitDestroyAnnotationBeanPostProcessor.java:239) ~[spring-beans-6.1.15.jar:6.1.15]
	at org.springframework.beans.factory.support.DisposableBeanAdapter.destroy(DisposableBeanAdapter.java:202) ~[spring-beans-6.1.15.jar:6.1.15]
	at org.springframework.beans.factory.support.DisposableBeanAdapter.run(DisposableBeanAdapter.java:195) ~[spring-beans-6.1.15.jar:6.1.15]
	at org.springframework.cloud.context.scope.GenericScope$BeanLifecycleWrapper.destroy(GenericScope.java:389) ~[spring-cloud-context-4.1.5.jar:4.1.5]
	at org.springframework.cloud.context.scope.GenericScope.destroy(GenericScope.java:136) ~[spring-cloud-context-4.1.5.jar:4.1.5]
	at org.springframework.beans.factory.support.DisposableBeanAdapter.destroy(DisposableBeanAdapter.java:211) ~[spring-beans-6.1.15.jar:6.1.15]
	at org.springframework.beans.factory.support.DefaultSingletonBeanRegistry.destroyBean(DefaultSingletonBeanRegistry.java:587) ~[spring-beans-6.1.15.jar:6.1.15]
	at org.springframework.beans.factory.support.DefaultSingletonBeanRegistry.destroySingleton(DefaultSingletonBeanRegistry.java:559) ~[spring-beans-6.1.15.jar:6.1.15]
	at org.springframework.beans.factory.support.DefaultListableBeanFactory.destroySingleton(DefaultListableBeanFactory.java:1202) ~[spring-beans-6.1.15.jar:6.1.15]
	at org.springframework.beans.factory.support.DefaultSingletonBeanRegistry.destroySingletons(DefaultSingletonBeanRegistry.java:520) ~[spring-beans-6.1.15.jar:6.1.15]
	at org.springframework.beans.factory.support.DefaultListableBeanFactory.destroySingletons(DefaultListableBeanFactory.java:1195) ~[spring-beans-6.1.15.jar:6.1.15]
	at org.springframework.context.support.AbstractApplicationContext.destroyBeans(AbstractApplicationContext.java:1195) ~[spring-context-6.1.15.jar:6.1.15]
	at org.springframework.context.support.AbstractApplicationContext.doClose(AbstractApplicationContext.java:1156) ~[spring-context-6.1.15.jar:6.1.15]
	at org.springframework.boot.web.servlet.context.ServletWebServerApplicationContext.doClose(ServletWebServerApplicationContext.java:174) ~[spring-boot-3.2.12.jar:3.2.12]
	at org.springframework.context.support.AbstractApplicationContext.close(AbstractApplicationContext.java:1102) ~[spring-context-6.1.15.jar:6.1.15]
	at org.springframework.boot.SpringApplicationShutdownHook.closeAndWait(SpringApplicationShutdownHook.java:145) ~[spring-boot-3.2.12.jar:3.2.12]
	at java.base/java.lang.Iterable.forEach(Iterable.java:75) ~[na:na]
	at org.springframework.boot.SpringApplicationShutdownHook.run(SpringApplicationShutdownHook.java:114) ~[spring-boot-3.2.12.jar:3.2.12]
	at java.base/java.lang.Thread.run(Thread.java:840) ~[na:na]

2026-09-11T13:03:52.981+05:30  INFO 25444 --- [fraud-engine-service] [SpringApplicationShutdownHook] com.netflix.discovery.DiscoveryClient    : Completed shut down of DiscoveryClient
2026-09-11T14:23:22.885+05:30  INFO 34064 --- [fraud-engine-service] [main] c.s.f.f.FraudEngineServiceApplication    : Starting FraudEngineServiceApplication using Java 17.0.20.1 with PID 34064 (D:\Se_Frms_Backend_Microservice\se-frms-microservices\fraud-engine-service\target\classes started by hp in D:\Se_Frms_Backend_Microservice\se-frms-microservices)
2026-09-11T14:23:22.888+05:30  INFO 34064 --- [fraud-engine-service] [main] c.s.f.f.FraudEngineServiceApplication    : No active profile set, falling back to 1 default profile: "default"
2026-09-11T14:23:24.029+05:30  INFO 34064 --- [fraud-engine-service] [main] o.s.cloud.context.scope.GenericScope     : BeanFactory id=3b2ea44a-01a3-335e-989c-952ab2eead20
2026-09-11T14:23:24.313+05:30  INFO 34064 --- [fraud-engine-service] [main] o.s.b.w.embedded.tomcat.TomcatWebServer  : Tomcat initialized with port 8092 (http)
2026-09-11T14:23:24.323+05:30  INFO 34064 --- [fraud-engine-service] [main] o.apache.catalina.core.StandardService   : Starting service [Tomcat]
2026-09-11T14:23:24.323+05:30  INFO 34064 --- [fraud-engine-service] [main] o.apache.catalina.core.StandardEngine    : Starting Servlet engine: [Apache Tomcat/10.1.33]
2026-09-11T14:23:24.384+05:30  INFO 34064 --- [fraud-engine-service] [main] o.a.c.c.C.[Tomcat].[localhost].[/]       : Initializing Spring embedded WebApplicationContext
2026-09-11T14:23:24.385+05:30  INFO 34064 --- [fraud-engine-service] [main] w.s.c.ServletWebServerApplicationContext : Root WebApplicationContext: initialization completed in 1455 ms
2026-09-11T14:23:24.558+05:30  INFO 34064 --- [fraud-engine-service] [main] c.s.f.f.client.BlacklistCacheClient      : Fetching active blacklist from Rule Cache
2026-09-11T14:23:24.842+05:30  INFO 34064 --- [fraud-engine-service] [main] c.s.f.f.client.BlacklistCacheClient      : Fetched 4 active blacklist entries from Rule Cache
2026-09-11T14:23:24.843+05:30  INFO 34064 --- [fraud-engine-service] [main] c.s.f.f.cache.ActiveBlacklistCache       : Active blacklist cache refreshed entryCount=4
2026-09-11T14:23:24.914+05:30  INFO 34064 --- [fraud-engine-service] [main] c.s.f.f.client.RuleCacheClient           : Fetching active rules from Rule Cache
2026-09-11T14:23:24.932+05:30  INFO 34064 --- [fraud-engine-service] [main] c.s.f.f.client.RuleCacheClient           : Fetched 10 active rules from Rule Cache
2026-09-11T14:23:24.933+05:30  INFO 34064 --- [fraud-engine-service] [main] c.s.f.fraudengine.cache.ActiveRuleCache  : Active rule cache refreshed ruleCount=10
2026-09-11T14:23:25.703+05:30  INFO 34064 --- [fraud-engine-service] [main] DiscoveryClientOptionalArgsConfiguration : Eureka HTTP Client uses RestTemplate.
2026-09-11T14:23:25.739+05:30  WARN 34064 --- [fraud-engine-service] [main] iguration$LoadBalancerCaffeineWarnLogger : Spring Cloud LoadBalancer is currently working with the default cache. While this cache implementation is useful for development and tests, it's recommended to use Caffeine cache in production.You can switch to using Caffeine cache, by adding it and org.springframework.cache.caffeine.CaffeineCacheManager to the classpath.
2026-09-11T14:23:25.744+05:30  INFO 34064 --- [fraud-engine-service] [main] o.s.b.a.e.web.EndpointLinksResolver      : Exposing 2 endpoint(s) beneath base path '/actuator'
2026-09-11T14:23:25.790+05:30  INFO 34064 --- [fraud-engine-service] [main] o.s.c.n.eureka.InstanceInfoFactory       : Setting initial instance status as: STARTING
2026-09-11T14:23:25.805+05:30  INFO 34064 --- [fraud-engine-service] [main] com.netflix.discovery.DiscoveryClient    : Initializing Eureka in region us-east-1
2026-09-11T14:23:25.809+05:30  INFO 34064 --- [fraud-engine-service] [main] c.n.d.s.r.aws.ConfigClusterResolver      : Resolving eureka endpoints via configuration
2026-09-11T14:23:25.815+05:30  INFO 34064 --- [fraud-engine-service] [main] com.netflix.discovery.DiscoveryClient    : Disable delta property : false
2026-09-11T14:23:25.815+05:30  INFO 34064 --- [fraud-engine-service] [main] com.netflix.discovery.DiscoveryClient    : Single vip registry refresh property : null
2026-09-11T14:23:25.815+05:30  INFO 34064 --- [fraud-engine-service] [main] com.netflix.discovery.DiscoveryClient    : Force full registry fetch : false
2026-09-11T14:23:25.815+05:30  INFO 34064 --- [fraud-engine-service] [main] com.netflix.discovery.DiscoveryClient    : Application is null : false
2026-09-11T14:23:25.815+05:30  INFO 34064 --- [fraud-engine-service] [main] com.netflix.discovery.DiscoveryClient    : Registered Applications size is zero : true
2026-09-11T14:23:25.815+05:30  INFO 34064 --- [fraud-engine-service] [main] com.netflix.discovery.DiscoveryClient    : Application version is -1: true
2026-09-11T14:23:25.815+05:30  INFO 34064 --- [fraud-engine-service] [main] com.netflix.discovery.DiscoveryClient    : Getting all instance registry info from the eureka server
2026-09-11T14:23:25.894+05:30  INFO 34064 --- [fraud-engine-service] [main] com.netflix.discovery.DiscoveryClient    : The response status is 200
2026-09-11T14:23:25.895+05:30  INFO 34064 --- [fraud-engine-service] [main] com.netflix.discovery.DiscoveryClient    : Starting heartbeat executor: renew interval is: 30
2026-09-11T14:23:25.896+05:30  INFO 34064 --- [fraud-engine-service] [main] c.n.discovery.InstanceInfoReplicator     : InstanceInfoReplicator onDemand update allowed rate per min is 4
2026-09-11T14:23:25.898+05:30  INFO 34064 --- [fraud-engine-service] [main] com.netflix.discovery.DiscoveryClient    : Discovery Client initialized at timestamp 1789116805897 with initial instances count: 2
2026-09-11T14:23:25.901+05:30  INFO 34064 --- [fraud-engine-service] [main] o.s.c.n.e.s.EurekaServiceRegistry        : Registering application FRAUD-ENGINE-SERVICE with eureka with status UP
2026-09-11T14:23:25.901+05:30  INFO 34064 --- [fraud-engine-service] [main] com.netflix.discovery.DiscoveryClient    : Saw local status change event StatusChangeEvent [timestamp=1789116805901, current=UP, previous=STARTING]
2026-09-11T14:23:25.902+05:30  INFO 34064 --- [fraud-engine-service] [DiscoveryClient-InstanceInfoReplicator-%d] com.netflix.discovery.DiscoveryClient    : DiscoveryClient_FRAUD-ENGINE-SERVICE/fraud-engine-service:8092: registering service...
2026-09-11T14:23:25.923+05:30  INFO 34064 --- [fraud-engine-service] [main] o.s.b.w.embedded.tomcat.TomcatWebServer  : Tomcat started on port 8092 (http) with context path ''
2026-09-11T14:23:25.924+05:30  INFO 34064 --- [fraud-engine-service] [main] .s.c.n.e.s.EurekaAutoServiceRegistration : Updating port to 8092
2026-09-11T14:23:25.941+05:30  INFO 34064 --- [fraud-engine-service] [DiscoveryClient-InstanceInfoReplicator-%d] com.netflix.discovery.DiscoveryClient    : DiscoveryClient_FRAUD-ENGINE-SERVICE/fraud-engine-service:8092 - registration status: 204
2026-09-11T14:23:26.091+05:30  INFO 34064 --- [fraud-engine-service] [scheduling-1] c.s.f.f.client.BlacklistCacheClient      : Fetching active blacklist from Rule Cache
2026-09-11T14:23:26.092+05:30  INFO 34064 --- [fraud-engine-service] [main] c.s.f.f.FraudEngineServiceApplication    : Started FraudEngineServiceApplication in 3.966 seconds (process running for 4.465)
2026-09-11T14:23:26.100+05:30  INFO 34064 --- [fraud-engine-service] [scheduling-1] c.s.f.f.client.BlacklistCacheClient      : Fetched 4 active blacklist entries from Rule Cache
2026-09-11T14:23:26.100+05:30  INFO 34064 --- [fraud-engine-service] [scheduling-1] c.s.f.f.cache.ActiveBlacklistCache       : Active blacklist cache refreshed entryCount=4
2026-09-11T14:23:26.101+05:30  INFO 34064 --- [fraud-engine-service] [scheduling-1] c.s.f.f.client.RuleCacheClient           : Fetching active rules from Rule Cache
2026-09-11T14:23:26.112+05:30  INFO 34064 --- [fraud-engine-service] [scheduling-1] c.s.f.f.client.RuleCacheClient           : Fetched 10 active rules from Rule Cache
2026-09-11T14:23:26.112+05:30  INFO 34064 --- [fraud-engine-service] [scheduling-1] c.s.f.fraudengine.cache.ActiveRuleCache  : Active rule cache refreshed ruleCount=10
2026-09-11T14:23:56.103+05:30  INFO 34064 --- [fraud-engine-service] [scheduling-1] c.s.f.f.client.BlacklistCacheClient      : Fetching active blacklist from Rule Cache
2026-09-11T14:23:56.117+05:30  INFO 34064 --- [fraud-engine-service] [scheduling-1] c.s.f.f.client.BlacklistCacheClient      : Fetched 4 active blacklist entries from Rule Cache
2026-09-11T14:23:56.117+05:30  INFO 34064 --- [fraud-engine-service] [scheduling-1] c.s.f.f.cache.ActiveBlacklistCache       : Active blacklist cache refreshed entryCount=4
2026-09-11T14:23:56.117+05:30  INFO 34064 --- [fraud-engine-service] [scheduling-1] c.s.f.f.client.RuleCacheClient           : Fetching active rules from Rule Cache
2026-09-11T14:23:56.125+05:30  INFO 34064 --- [fraud-engine-service] [scheduling-1] c.s.f.f.client.RuleCacheClient           : Fetched 10 active rules from Rule Cache
2026-09-11T14:23:56.125+05:30  INFO 34064 --- [fraud-engine-service] [scheduling-1] c.s.f.fraudengine.cache.ActiveRuleCache  : Active rule cache refreshed ruleCount=10
2026-09-11T14:24:05.905+05:30  INFO 34064 --- [fraud-engine-service] [SpringApplicationShutdownHook] o.s.c.n.e.s.EurekaServiceRegistry        : Unregistering application FRAUD-ENGINE-SERVICE with eureka with status DOWN
2026-09-11T14:24:05.905+05:30  INFO 34064 --- [fraud-engine-service] [SpringApplicationShutdownHook] com.netflix.discovery.DiscoveryClient    : Saw local status change event StatusChangeEvent [timestamp=1789116845905, current=DOWN, previous=UP]
2026-09-11T14:24:05.905+05:30  INFO 34064 --- [fraud-engine-service] [DiscoveryClient-InstanceInfoReplicator-%d] com.netflix.discovery.DiscoveryClient    : DiscoveryClient_FRAUD-ENGINE-SERVICE/fraud-engine-service:8092: registering service...
2026-09-11T14:24:05.921+05:30  INFO 34064 --- [fraud-engine-service] [DiscoveryClient-InstanceInfoReplicator-%d] com.netflix.discovery.DiscoveryClient    : DiscoveryClient_FRAUD-ENGINE-SERVICE/fraud-engine-service:8092 - registration status: 204
2026-09-11T14:24:06.011+05:30  INFO 34064 --- [fraud-engine-service] [SpringApplicationShutdownHook] com.netflix.discovery.DiscoveryClient    : Shutting down DiscoveryClient ...
2026-09-11T14:24:09.018+05:30  INFO 34064 --- [fraud-engine-service] [SpringApplicationShutdownHook] com.netflix.discovery.DiscoveryClient    : Unregistering ...
2026-09-11T14:24:09.042+05:30  INFO 34064 --- [fraud-engine-service] [SpringApplicationShutdownHook] com.netflix.discovery.DiscoveryClient    : DiscoveryClient_FRAUD-ENGINE-SERVICE/fraud-engine-service:8092 - deregister  status: 200
2026-09-11T14:24:09.043+05:30  INFO 34064 --- [fraud-engine-service] [SpringApplicationShutdownHook] com.netflix.discovery.DiscoveryClient    : Completed shut down of DiscoveryClient
2026-09-11T14:26:27.969+05:30  INFO 33888 --- [fraud-engine-service] [main] c.s.f.f.FraudEngineServiceApplication    : Starting FraudEngineServiceApplication using Java 17.0.20.1 with PID 33888 (D:\Se_Frms_Backend_Microservice\se-frms-microservices\fraud-engine-service\target\classes started by hp in D:\Se_Frms_Backend_Microservice\se-frms-microservices)
2026-09-11T14:26:27.972+05:30  INFO 33888 --- [fraud-engine-service] [main] c.s.f.f.FraudEngineServiceApplication    : No active profile set, falling back to 1 default profile: "default"
2026-09-11T14:26:28.911+05:30  INFO 33888 --- [fraud-engine-service] [main] o.s.cloud.context.scope.GenericScope     : BeanFactory id=3b2ea44a-01a3-335e-989c-952ab2eead20
2026-09-11T14:26:29.213+05:30  INFO 33888 --- [fraud-engine-service] [main] o.s.b.w.embedded.tomcat.TomcatWebServer  : Tomcat initialized with port 8092 (http)
2026-09-11T14:26:29.224+05:30  INFO 33888 --- [fraud-engine-service] [main] o.apache.catalina.core.StandardService   : Starting service [Tomcat]
2026-09-11T14:26:29.225+05:30  INFO 33888 --- [fraud-engine-service] [main] o.apache.catalina.core.StandardEngine    : Starting Servlet engine: [Apache Tomcat/10.1.33]
2026-09-11T14:26:29.283+05:30  INFO 33888 --- [fraud-engine-service] [main] o.a.c.c.C.[Tomcat].[localhost].[/]       : Initializing Spring embedded WebApplicationContext
2026-09-11T14:26:29.284+05:30  INFO 33888 --- [fraud-engine-service] [main] w.s.c.ServletWebServerApplicationContext : Root WebApplicationContext: initialization completed in 1264 ms
2026-09-11T14:26:29.473+05:30  INFO 33888 --- [fraud-engine-service] [main] c.s.f.f.client.BlacklistCacheClient      : Fetching active blacklist from Rule Cache
2026-09-11T14:26:29.713+05:30  INFO 33888 --- [fraud-engine-service] [main] c.s.f.f.client.BlacklistCacheClient      : Fetched 4 active blacklist entries from Rule Cache
2026-09-11T14:26:29.714+05:30  INFO 33888 --- [fraud-engine-service] [main] c.s.f.f.cache.ActiveBlacklistCache       : Active blacklist cache refreshed entryCount=4
2026-09-11T14:26:29.779+05:30  INFO 33888 --- [fraud-engine-service] [main] c.s.f.f.client.RuleCacheClient           : Fetching active rules from Rule Cache
2026-09-11T14:26:29.793+05:30  INFO 33888 --- [fraud-engine-service] [main] c.s.f.f.client.RuleCacheClient           : Fetched 10 active rules from Rule Cache
2026-09-11T14:26:29.794+05:30  INFO 33888 --- [fraud-engine-service] [main] c.s.f.fraudengine.cache.ActiveRuleCache  : Active rule cache refreshed ruleCount=10
2026-09-11T14:26:30.554+05:30  INFO 33888 --- [fraud-engine-service] [main] DiscoveryClientOptionalArgsConfiguration : Eureka HTTP Client uses RestTemplate.
2026-09-11T14:26:30.586+05:30  WARN 33888 --- [fraud-engine-service] [main] iguration$LoadBalancerCaffeineWarnLogger : Spring Cloud LoadBalancer is currently working with the default cache. While this cache implementation is useful for development and tests, it's recommended to use Caffeine cache in production.You can switch to using Caffeine cache, by adding it and org.springframework.cache.caffeine.CaffeineCacheManager to the classpath.
2026-09-11T14:26:30.591+05:30  INFO 33888 --- [fraud-engine-service] [main] o.s.b.a.e.web.EndpointLinksResolver      : Exposing 2 endpoint(s) beneath base path '/actuator'
2026-09-11T14:26:30.639+05:30  INFO 33888 --- [fraud-engine-service] [main] o.s.c.n.eureka.InstanceInfoFactory       : Setting initial instance status as: STARTING
2026-09-11T14:26:30.655+05:30  INFO 33888 --- [fraud-engine-service] [main] com.netflix.discovery.DiscoveryClient    : Initializing Eureka in region us-east-1
2026-09-11T14:26:30.657+05:30  INFO 33888 --- [fraud-engine-service] [main] c.n.d.s.r.aws.ConfigClusterResolver      : Resolving eureka endpoints via configuration
2026-09-11T14:26:30.663+05:30  INFO 33888 --- [fraud-engine-service] [main] com.netflix.discovery.DiscoveryClient    : Disable delta property : false
2026-09-11T14:26:30.664+05:30  INFO 33888 --- [fraud-engine-service] [main] com.netflix.discovery.DiscoveryClient    : Single vip registry refresh property : null
2026-09-11T14:26:30.664+05:30  INFO 33888 --- [fraud-engine-service] [main] com.netflix.discovery.DiscoveryClient    : Force full registry fetch : false
2026-09-11T14:26:30.664+05:30  INFO 33888 --- [fraud-engine-service] [main] com.netflix.discovery.DiscoveryClient    : Application is null : false
2026-09-11T14:26:30.664+05:30  INFO 33888 --- [fraud-engine-service] [main] com.netflix.discovery.DiscoveryClient    : Registered Applications size is zero : true
2026-09-11T14:26:30.664+05:30  INFO 33888 --- [fraud-engine-service] [main] com.netflix.discovery.DiscoveryClient    : Application version is -1: true
2026-09-11T14:26:30.664+05:30  INFO 33888 --- [fraud-engine-service] [main] com.netflix.discovery.DiscoveryClient    : Getting all instance registry info from the eureka server
2026-09-11T14:26:30.742+05:30  INFO 33888 --- [fraud-engine-service] [main] com.netflix.discovery.DiscoveryClient    : The response status is 200
2026-09-11T14:26:30.744+05:30  INFO 33888 --- [fraud-engine-service] [main] com.netflix.discovery.DiscoveryClient    : Starting heartbeat executor: renew interval is: 30
2026-09-11T14:26:30.745+05:30  INFO 33888 --- [fraud-engine-service] [main] c.n.discovery.InstanceInfoReplicator     : InstanceInfoReplicator onDemand update allowed rate per min is 4
2026-09-11T14:26:30.746+05:30  INFO 33888 --- [fraud-engine-service] [main] com.netflix.discovery.DiscoveryClient    : Discovery Client initialized at timestamp 1789116990746 with initial instances count: 3
2026-09-11T14:26:30.749+05:30  INFO 33888 --- [fraud-engine-service] [main] o.s.c.n.e.s.EurekaServiceRegistry        : Registering application FRAUD-ENGINE-SERVICE with eureka with status UP
2026-09-11T14:26:30.749+05:30  INFO 33888 --- [fraud-engine-service] [main] com.netflix.discovery.DiscoveryClient    : Saw local status change event StatusChangeEvent [timestamp=1789116990749, current=UP, previous=STARTING]
2026-09-11T14:26:30.751+05:30  INFO 33888 --- [fraud-engine-service] [DiscoveryClient-InstanceInfoReplicator-%d] com.netflix.discovery.DiscoveryClient    : DiscoveryClient_FRAUD-ENGINE-SERVICE/fraud-engine-service:8092: registering service...
2026-09-11T14:26:30.771+05:30  INFO 33888 --- [fraud-engine-service] [main] o.s.b.w.embedded.tomcat.TomcatWebServer  : Tomcat started on port 8092 (http) with context path ''
2026-09-11T14:26:30.772+05:30  INFO 33888 --- [fraud-engine-service] [main] .s.c.n.e.s.EurekaAutoServiceRegistration : Updating port to 8092
2026-09-11T14:26:30.784+05:30  INFO 33888 --- [fraud-engine-service] [DiscoveryClient-InstanceInfoReplicator-%d] com.netflix.discovery.DiscoveryClient    : DiscoveryClient_FRAUD-ENGINE-SERVICE/fraud-engine-service:8092 - registration status: 204
2026-09-11T14:26:30.930+05:30  INFO 33888 --- [fraud-engine-service] [scheduling-1] c.s.f.f.client.BlacklistCacheClient      : Fetching active blacklist from Rule Cache
2026-09-11T14:26:30.931+05:30  INFO 33888 --- [fraud-engine-service] [main] c.s.f.f.FraudEngineServiceApplication    : Started FraudEngineServiceApplication in 3.568 seconds (process running for 3.997)
2026-09-11T14:26:30.938+05:30  INFO 33888 --- [fraud-engine-service] [scheduling-1] c.s.f.f.client.BlacklistCacheClient      : Fetched 4 active blacklist entries from Rule Cache
2026-09-11T14:26:30.938+05:30  INFO 33888 --- [fraud-engine-service] [scheduling-1] c.s.f.f.cache.ActiveBlacklistCache       : Active blacklist cache refreshed entryCount=4
2026-09-11T14:26:30.939+05:30  INFO 33888 --- [fraud-engine-service] [scheduling-1] c.s.f.f.client.RuleCacheClient           : Fetching active rules from Rule Cache
2026-09-11T14:26:30.947+05:30  INFO 33888 --- [fraud-engine-service] [scheduling-1] c.s.f.f.client.RuleCacheClient           : Fetched 10 active rules from Rule Cache
2026-09-11T14:26:30.948+05:30  INFO 33888 --- [fraud-engine-service] [scheduling-1] c.s.f.fraudengine.cache.ActiveRuleCache  : Active rule cache refreshed ruleCount=10
2026-09-11T14:27:00.953+05:30  INFO 33888 --- [fraud-engine-service] [scheduling-1] c.s.f.f.client.BlacklistCacheClient      : Fetching active blacklist from Rule Cache
2026-09-11T14:27:00.963+05:30  INFO 33888 --- [fraud-engine-service] [scheduling-1] c.s.f.f.client.BlacklistCacheClient      : Fetched 4 active blacklist entries from Rule Cache
2026-09-11T14:27:00.963+05:30  INFO 33888 --- [fraud-engine-service] [scheduling-1] c.s.f.f.cache.ActiveBlacklistCache       : Active blacklist cache refreshed entryCount=4
2026-09-11T14:27:00.963+05:30  INFO 33888 --- [fraud-engine-service] [scheduling-1] c.s.f.f.client.RuleCacheClient           : Fetching active rules from Rule Cache
2026-09-11T14:27:00.970+05:30  INFO 33888 --- [fraud-engine-service] [scheduling-1] c.s.f.f.client.RuleCacheClient           : Fetched 10 active rules from Rule Cache
2026-09-11T14:27:00.970+05:30  INFO 33888 --- [fraud-engine-service] [scheduling-1] c.s.f.fraudengine.cache.ActiveRuleCache  : Active rule cache refreshed ruleCount=10
2026-09-11T14:27:09.682+05:30  INFO 33888 --- [fraud-engine-service] [SpringApplicationShutdownHook] o.s.c.n.e.s.EurekaServiceRegistry        : Unregistering application FRAUD-ENGINE-SERVICE with eureka with status DOWN
2026-09-11T14:27:09.682+05:30  INFO 33888 --- [fraud-engine-service] [SpringApplicationShutdownHook] com.netflix.discovery.DiscoveryClient    : Saw local status change event StatusChangeEvent [timestamp=1789117029682, current=DOWN, previous=UP]
2026-09-11T14:27:09.683+05:30  INFO 33888 --- [fraud-engine-service] [DiscoveryClient-InstanceInfoReplicator-%d] com.netflix.discovery.DiscoveryClient    : DiscoveryClient_FRAUD-ENGINE-SERVICE/fraud-engine-service:8092: registering service...
2026-09-11T14:27:09.706+05:30  INFO 33888 --- [fraud-engine-service] [DiscoveryClient-InstanceInfoReplicator-%d] com.netflix.discovery.DiscoveryClient    : DiscoveryClient_FRAUD-ENGINE-SERVICE/fraud-engine-service:8092 - registration status: 204
2026-09-11T14:27:09.800+05:30  INFO 33888 --- [fraud-engine-service] [SpringApplicationShutdownHook] com.netflix.discovery.DiscoveryClient    : Shutting down DiscoveryClient ...
2026-09-11T14:27:12.805+05:30  INFO 33888 --- [fraud-engine-service] [SpringApplicationShutdownHook] com.netflix.discovery.DiscoveryClient    : Unregistering ...
2026-09-11T14:27:12.826+05:30  INFO 33888 --- [fraud-engine-service] [SpringApplicationShutdownHook] com.netflix.discovery.DiscoveryClient    : DiscoveryClient_FRAUD-ENGINE-SERVICE/fraud-engine-service:8092 - deregister  status: 200
2026-09-11T14:27:12.827+05:30  INFO 33888 --- [fraud-engine-service] [SpringApplicationShutdownHook] com.netflix.discovery.DiscoveryClient    : Completed shut down of DiscoveryClient
2026-09-11T14:33:07.178+05:30  INFO 34028 --- [fraud-engine-service] [main] c.s.f.f.FraudEngineServiceApplication    : Starting FraudEngineServiceApplication using Java 17.0.20.1 with PID 34028 (D:\Se_Frms_Backend_Microservice\se-frms-microservices\fraud-engine-service\target\classes started by hp in D:\Se_Frms_Backend_Microservice\se-frms-microservices)
2026-09-11T14:33:07.180+05:30  INFO 34028 --- [fraud-engine-service] [main] c.s.f.f.FraudEngineServiceApplication    : No active profile set, falling back to 1 default profile: "default"
2026-09-11T14:33:08.074+05:30  INFO 34028 --- [fraud-engine-service] [main] o.s.cloud.context.scope.GenericScope     : BeanFactory id=3b2ea44a-01a3-335e-989c-952ab2eead20
2026-09-11T14:33:08.346+05:30  INFO 34028 --- [fraud-engine-service] [main] o.s.b.w.embedded.tomcat.TomcatWebServer  : Tomcat initialized with port 8092 (http)
2026-09-11T14:33:08.355+05:30  INFO 34028 --- [fraud-engine-service] [main] o.apache.catalina.core.StandardService   : Starting service [Tomcat]
2026-09-11T14:33:08.355+05:30  INFO 34028 --- [fraud-engine-service] [main] o.apache.catalina.core.StandardEngine    : Starting Servlet engine: [Apache Tomcat/10.1.33]
2026-09-11T14:33:08.418+05:30  INFO 34028 --- [fraud-engine-service] [main] o.a.c.c.C.[Tomcat].[localhost].[/]       : Initializing Spring embedded WebApplicationContext
2026-09-11T14:33:08.418+05:30  INFO 34028 --- [fraud-engine-service] [main] w.s.c.ServletWebServerApplicationContext : Root WebApplicationContext: initialization completed in 1198 ms
2026-09-11T14:33:08.592+05:30  INFO 34028 --- [fraud-engine-service] [main] c.s.f.f.client.BlacklistCacheClient      : Fetching active blacklist from Rule Cache
2026-09-11T14:33:08.804+05:30  INFO 34028 --- [fraud-engine-service] [main] c.s.f.f.client.BlacklistCacheClient      : Fetched 4 active blacklist entries from Rule Cache
2026-09-11T14:33:08.805+05:30  INFO 34028 --- [fraud-engine-service] [main] c.s.f.f.cache.ActiveBlacklistCache       : Active blacklist cache refreshed entryCount=4
2026-09-11T14:33:08.875+05:30  INFO 34028 --- [fraud-engine-service] [main] c.s.f.f.client.RuleCacheClient           : Fetching active rules from Rule Cache
2026-09-11T14:33:08.891+05:30  INFO 34028 --- [fraud-engine-service] [main] c.s.f.f.client.RuleCacheClient           : Fetched 10 active rules from Rule Cache
2026-09-11T14:33:08.892+05:30  INFO 34028 --- [fraud-engine-service] [main] c.s.f.fraudengine.cache.ActiveRuleCache  : Active rule cache refreshed ruleCount=10
2026-09-11T14:33:09.638+05:30  INFO 34028 --- [fraud-engine-service] [main] DiscoveryClientOptionalArgsConfiguration : Eureka HTTP Client uses RestTemplate.
2026-09-11T14:33:09.668+05:30  WARN 34028 --- [fraud-engine-service] [main] iguration$LoadBalancerCaffeineWarnLogger : Spring Cloud LoadBalancer is currently working with the default cache. While this cache implementation is useful for development and tests, it's recommended to use Caffeine cache in production.You can switch to using Caffeine cache, by adding it and org.springframework.cache.caffeine.CaffeineCacheManager to the classpath.
2026-09-11T14:33:09.672+05:30  INFO 34028 --- [fraud-engine-service] [main] o.s.b.a.e.web.EndpointLinksResolver      : Exposing 2 endpoint(s) beneath base path '/actuator'
2026-09-11T14:33:09.718+05:30  INFO 34028 --- [fraud-engine-service] [main] o.s.c.n.eureka.InstanceInfoFactory       : Setting initial instance status as: STARTING
2026-09-11T14:33:09.732+05:30  INFO 34028 --- [fraud-engine-service] [main] com.netflix.discovery.DiscoveryClient    : Initializing Eureka in region us-east-1
2026-09-11T14:33:09.745+05:30  INFO 34028 --- [fraud-engine-service] [main] c.n.d.s.r.aws.ConfigClusterResolver      : Resolving eureka endpoints via configuration
2026-09-11T14:33:09.751+05:30  INFO 34028 --- [fraud-engine-service] [main] com.netflix.discovery.DiscoveryClient    : Disable delta property : false
2026-09-11T14:33:09.751+05:30  INFO 34028 --- [fraud-engine-service] [main] com.netflix.discovery.DiscoveryClient    : Single vip registry refresh property : null
2026-09-11T14:33:09.751+05:30  INFO 34028 --- [fraud-engine-service] [main] com.netflix.discovery.DiscoveryClient    : Force full registry fetch : false
2026-09-11T14:33:09.751+05:30  INFO 34028 --- [fraud-engine-service] [main] com.netflix.discovery.DiscoveryClient    : Application is null : false
2026-09-11T14:33:09.751+05:30  INFO 34028 --- [fraud-engine-service] [main] com.netflix.discovery.DiscoveryClient    : Registered Applications size is zero : true
2026-09-11T14:33:09.751+05:30  INFO 34028 --- [fraud-engine-service] [main] com.netflix.discovery.DiscoveryClient    : Application version is -1: true
2026-09-11T14:33:09.751+05:30  INFO 34028 --- [fraud-engine-service] [main] com.netflix.discovery.DiscoveryClient    : Getting all instance registry info from the eureka server
2026-09-11T14:33:09.824+05:30  INFO 34028 --- [fraud-engine-service] [main] com.netflix.discovery.DiscoveryClient    : The response status is 200
2026-09-11T14:33:09.826+05:30  INFO 34028 --- [fraud-engine-service] [main] com.netflix.discovery.DiscoveryClient    : Starting heartbeat executor: renew interval is: 30
2026-09-11T14:33:09.827+05:30  INFO 34028 --- [fraud-engine-service] [main] c.n.discovery.InstanceInfoReplicator     : InstanceInfoReplicator onDemand update allowed rate per min is 4
2026-09-11T14:33:09.828+05:30  INFO 34028 --- [fraud-engine-service] [main] com.netflix.discovery.DiscoveryClient    : Discovery Client initialized at timestamp 1789117389827 with initial instances count: 3
2026-09-11T14:33:09.830+05:30  INFO 34028 --- [fraud-engine-service] [main] o.s.c.n.e.s.EurekaServiceRegistry        : Registering application FRAUD-ENGINE-SERVICE with eureka with status UP
2026-09-11T14:33:09.831+05:30  INFO 34028 --- [fraud-engine-service] [main] com.netflix.discovery.DiscoveryClient    : Saw local status change event StatusChangeEvent [timestamp=1789117389831, current=UP, previous=STARTING]
2026-09-11T14:33:09.832+05:30  INFO 34028 --- [fraud-engine-service] [DiscoveryClient-InstanceInfoReplicator-%d] com.netflix.discovery.DiscoveryClient    : DiscoveryClient_FRAUD-ENGINE-SERVICE/fraud-engine-service:8092: registering service...
2026-09-11T14:33:09.852+05:30  INFO 34028 --- [fraud-engine-service] [main] o.s.b.w.embedded.tomcat.TomcatWebServer  : Tomcat started on port 8092 (http) with context path ''
2026-09-11T14:33:09.852+05:30  INFO 34028 --- [fraud-engine-service] [main] .s.c.n.e.s.EurekaAutoServiceRegistration : Updating port to 8092
2026-09-11T14:33:09.867+05:30  INFO 34028 --- [fraud-engine-service] [DiscoveryClient-InstanceInfoReplicator-%d] com.netflix.discovery.DiscoveryClient    : DiscoveryClient_FRAUD-ENGINE-SERVICE/fraud-engine-service:8092 - registration status: 204
2026-09-11T14:33:10.050+05:30  INFO 34028 --- [fraud-engine-service] [scheduling-1] c.s.f.f.client.BlacklistCacheClient      : Fetching active blacklist from Rule Cache
2026-09-11T14:33:10.051+05:30  INFO 34028 --- [fraud-engine-service] [main] c.s.f.f.FraudEngineServiceApplication    : Started FraudEngineServiceApplication in 3.484 seconds (process running for 3.825)
2026-09-11T14:33:10.061+05:30  INFO 34028 --- [fraud-engine-service] [scheduling-1] c.s.f.f.client.BlacklistCacheClient      : Fetched 4 active blacklist entries from Rule Cache
2026-09-11T14:33:10.061+05:30  INFO 34028 --- [fraud-engine-service] [scheduling-1] c.s.f.f.cache.ActiveBlacklistCache       : Active blacklist cache refreshed entryCount=4
2026-09-11T14:33:10.062+05:30  INFO 34028 --- [fraud-engine-service] [scheduling-1] c.s.f.f.client.RuleCacheClient           : Fetching active rules from Rule Cache
2026-09-11T14:33:10.075+05:30  INFO 34028 --- [fraud-engine-service] [scheduling-1] c.s.f.f.client.RuleCacheClient           : Fetched 10 active rules from Rule Cache
2026-09-11T14:33:10.075+05:30  INFO 34028 --- [fraud-engine-service] [scheduling-1] c.s.f.fraudengine.cache.ActiveRuleCache  : Active rule cache refreshed ruleCount=10
2026-09-11T14:33:40.074+05:30  INFO 34028 --- [fraud-engine-service] [scheduling-1] c.s.f.f.client.BlacklistCacheClient      : Fetching active blacklist from Rule Cache
2026-09-11T14:33:40.085+05:30  INFO 34028 --- [fraud-engine-service] [scheduling-1] c.s.f.f.client.BlacklistCacheClient      : Fetched 4 active blacklist entries from Rule Cache
2026-09-11T14:33:40.085+05:30  INFO 34028 --- [fraud-engine-service] [scheduling-1] c.s.f.f.cache.ActiveBlacklistCache       : Active blacklist cache refreshed entryCount=4
2026-09-11T14:33:40.086+05:30  INFO 34028 --- [fraud-engine-service] [scheduling-1] c.s.f.f.client.RuleCacheClient           : Fetching active rules from Rule Cache
2026-09-11T14:33:40.093+05:30  INFO 34028 --- [fraud-engine-service] [scheduling-1] c.s.f.f.client.RuleCacheClient           : Fetched 10 active rules from Rule Cache
2026-09-11T14:33:40.093+05:30  INFO 34028 --- [fraud-engine-service] [scheduling-1] c.s.f.fraudengine.cache.ActiveRuleCache  : Active rule cache refreshed ruleCount=10
2026-09-11T14:34:10.089+05:30  INFO 34028 --- [fraud-engine-service] [scheduling-1] c.s.f.f.client.BlacklistCacheClient      : Fetching active blacklist from Rule Cache
2026-09-11T14:34:10.100+05:30  INFO 34028 --- [fraud-engine-service] [scheduling-1] c.s.f.f.client.BlacklistCacheClient      : Fetched 4 active blacklist entries from Rule Cache
2026-09-11T14:34:10.100+05:30  INFO 34028 --- [fraud-engine-service] [scheduling-1] c.s.f.f.cache.ActiveBlacklistCache       : Active blacklist cache refreshed entryCount=4
2026-09-11T14:34:10.101+05:30  INFO 34028 --- [fraud-engine-service] [scheduling-1] c.s.f.f.client.RuleCacheClient           : Fetching active rules from Rule Cache
2026-09-11T14:34:10.107+05:30  INFO 34028 --- [fraud-engine-service] [scheduling-1] c.s.f.f.client.RuleCacheClient           : Fetched 10 active rules from Rule Cache
2026-09-11T14:34:10.108+05:30  INFO 34028 --- [fraud-engine-service] [scheduling-1] c.s.f.fraudengine.cache.ActiveRuleCache  : Active rule cache refreshed ruleCount=10
2026-09-11T14:34:40.104+05:30  INFO 34028 --- [fraud-engine-service] [scheduling-1] c.s.f.f.client.BlacklistCacheClient      : Fetching active blacklist from Rule Cache
2026-09-11T14:34:40.121+05:30  INFO 34028 --- [fraud-engine-service] [scheduling-1] c.s.f.f.client.BlacklistCacheClient      : Fetched 4 active blacklist entries from Rule Cache
2026-09-11T14:34:40.122+05:30  INFO 34028 --- [fraud-engine-service] [scheduling-1] c.s.f.f.cache.ActiveBlacklistCache       : Active blacklist cache refreshed entryCount=4
2026-09-11T14:34:40.122+05:30  INFO 34028 --- [fraud-engine-service] [scheduling-1] c.s.f.f.client.RuleCacheClient           : Fetching active rules from Rule Cache
2026-09-11T14:34:40.140+05:30  INFO 34028 --- [fraud-engine-service] [scheduling-1] c.s.f.f.client.RuleCacheClient           : Fetched 10 active rules from Rule Cache
2026-09-11T14:34:40.141+05:30  INFO 34028 --- [fraud-engine-service] [scheduling-1] c.s.f.fraudengine.cache.ActiveRuleCache  : Active rule cache refreshed ruleCount=10
2026-09-11T14:35:10.127+05:30  INFO 34028 --- [fraud-engine-service] [scheduling-1] c.s.f.f.client.BlacklistCacheClient      : Fetching active blacklist from Rule Cache
2026-09-11T14:35:10.143+05:30  INFO 34028 --- [fraud-engine-service] [scheduling-1] c.s.f.f.client.BlacklistCacheClient      : Fetched 4 active blacklist entries from Rule Cache
2026-09-11T14:35:10.143+05:30  INFO 34028 --- [fraud-engine-service] [scheduling-1] c.s.f.f.cache.ActiveBlacklistCache       : Active blacklist cache refreshed entryCount=4
2026-09-11T14:35:10.144+05:30  INFO 34028 --- [fraud-engine-service] [scheduling-1] c.s.f.f.client.RuleCacheClient           : Fetching active rules from Rule Cache
2026-09-11T14:35:10.159+05:30  INFO 34028 --- [fraud-engine-service] [scheduling-1] c.s.f.f.client.RuleCacheClient           : Fetched 10 active rules from Rule Cache
2026-09-11T14:35:10.159+05:30  INFO 34028 --- [fraud-engine-service] [scheduling-1] c.s.f.fraudengine.cache.ActiveRuleCache  : Active rule cache refreshed ruleCount=10
2026-09-11T14:35:22.617+05:30  INFO 34028 --- [fraud-engine-service] [SpringApplicationShutdownHook] o.s.c.n.e.s.EurekaServiceRegistry        : Unregistering application FRAUD-ENGINE-SERVICE with eureka with status DOWN
2026-09-11T14:35:22.618+05:30  INFO 34028 --- [fraud-engine-service] [SpringApplicationShutdownHook] com.netflix.discovery.DiscoveryClient    : Saw local status change event StatusChangeEvent [timestamp=1789117522618, current=DOWN, previous=UP]
2026-09-11T14:35:22.619+05:30  INFO 34028 --- [fraud-engine-service] [DiscoveryClient-InstanceInfoReplicator-%d] com.netflix.discovery.DiscoveryClient    : DiscoveryClient_FRAUD-ENGINE-SERVICE/fraud-engine-service:8092: registering service...
2026-09-11T14:35:22.640+05:30  INFO 34028 --- [fraud-engine-service] [DiscoveryClient-InstanceInfoReplicator-%d] c.n.d.s.t.d.RedirectingEurekaHttpClient  : Request execution error. endpoint=DefaultEndpoint{ serviceUrl='http://localhost:8761/eureka/} exception=I/O error on POST request for "http://localhost:8761/eureka/apps/FRAUD-ENGINE-SERVICE": localhost:8761 failed to respond stacktrace=org.springframework.web.client.ResourceAccessException: I/O error on POST request for "http://localhost:8761/eureka/apps/FRAUD-ENGINE-SERVICE": localhost:8761 failed to respond
	at org.springframework.web.client.RestTemplate.createResourceAccessException(RestTemplate.java:915)
	at org.springframework.web.client.RestTemplate.doExecute(RestTemplate.java:895)
	at org.springframework.web.client.RestTemplate.execute(RestTemplate.java:830)
	at org.springframework.web.client.RestTemplate.exchange(RestTemplate.java:691)
	at org.springframework.cloud.netflix.eureka.http.RestTemplateEurekaHttpClient.register(RestTemplateEurekaHttpClient.java:83)
	at com.netflix.discovery.shared.transport.decorator.EurekaHttpClientDecorator$1.execute(EurekaHttpClientDecorator.java:59)
	at com.netflix.discovery.shared.transport.decorator.RedirectingEurekaHttpClient.execute(RedirectingEurekaHttpClient.java:91)
	at com.netflix.discovery.shared.transport.decorator.EurekaHttpClientDecorator.register(EurekaHttpClientDecorator.java:56)
	at com.netflix.discovery.shared.transport.decorator.EurekaHttpClientDecorator$1.execute(EurekaHttpClientDecorator.java:59)
	at com.netflix.discovery.shared.transport.decorator.RetryableEurekaHttpClient.execute(RetryableEurekaHttpClient.java:120)
	at com.netflix.discovery.shared.transport.decorator.EurekaHttpClientDecorator.register(EurekaHttpClientDecorator.java:56)
	at com.netflix.discovery.shared.transport.decorator.EurekaHttpClientDecorator$1.execute(EurekaHttpClientDecorator.java:59)
	at com.netflix.discovery.shared.transport.decorator.SessionedEurekaHttpClient.execute(SessionedEurekaHttpClient.java:76)
	at com.netflix.discovery.shared.transport.decorator.EurekaHttpClientDecorator.register(EurekaHttpClientDecorator.java:56)
	at com.netflix.discovery.DiscoveryClient.register(DiscoveryClient.java:828)
	at com.netflix.discovery.InstanceInfoReplicator.run(InstanceInfoReplicator.java:125)
	at com.netflix.discovery.InstanceInfoReplicator$2.run(InstanceInfoReplicator.java:105)
	at java.base/java.util.concurrent.Executors$RunnableAdapter.call(Executors.java:539)
	at java.base/java.util.concurrent.FutureTask.run(FutureTask.java:264)
	at java.base/java.util.concurrent.ScheduledThreadPoolExecutor$ScheduledFutureTask.run(ScheduledThreadPoolExecutor.java:304)
	at java.base/java.util.concurrent.ThreadPoolExecutor.runWorker(ThreadPoolExecutor.java:1136)
	at java.base/java.util.concurrent.ThreadPoolExecutor$Worker.run(ThreadPoolExecutor.java:635)
	at java.base/java.lang.Thread.run(Thread.java:840)
Caused by: org.apache.hc.core5.http.NoHttpResponseException: localhost:8761 failed to respond
	at org.apache.hc.core5.http.impl.io.DefaultBHttpClientConnection.receiveResponseHeader(DefaultBHttpClientConnection.java:306)
	at org.apache.hc.core5.http.impl.io.HttpRequestExecutor.execute(HttpRequestExecutor.java:175)
	at org.apache.hc.core5.http.impl.io.HttpRequestExecutor.execute(HttpRequestExecutor.java:218)
	at org.apache.hc.client5.http.impl.io.PoolingHttpClientConnectionManager$InternalConnectionEndpoint.execute(PoolingHttpClientConnectionManager.java:712)
	at org.apache.hc.client5.http.impl.classic.InternalExecRuntime.execute(InternalExecRuntime.java:216)
	at org.apache.hc.client5.http.impl.classic.MainClientExec.execute(MainClientExec.java:116)
	at org.apache.hc.client5.http.impl.classic.ExecChainElement.execute(ExecChainElement.java:51)
	at org.apache.hc.client5.http.impl.classic.ConnectExec.execute(ConnectExec.java:188)
	at org.apache.hc.client5.http.impl.classic.ExecChainElement.execute(ExecChainElement.java:51)
	at org.apache.hc.client5.http.impl.classic.ProtocolExec.execute(ProtocolExec.java:192)
	at org.apache.hc.client5.http.impl.classic.ExecChainElement.execute(ExecChainElement.java:51)
	at org.apache.hc.client5.http.impl.classic.HttpRequestRetryExec.execute(HttpRequestRetryExec.java:96)
	at org.apache.hc.client5.http.impl.classic.ExecChainElement.execute(ExecChainElement.java:51)
	at org.apache.hc.client5.http.impl.classic.ContentCompressionExec.execute(ContentCompressionExec.java:152)
	at org.apache.hc.client5.http.impl.classic.ExecChainElement.execute(ExecChainElement.java:51)
	at org.apache.hc.client5.http.impl.classic.RedirectExec.execute(RedirectExec.java:115)
	at org.apache.hc.client5.http.impl.classic.ExecChainElement.execute(ExecChainElement.java:51)
	at org.apache.hc.client5.http.impl.classic.InternalHttpClient.doExecute(InternalHttpClient.java:170)
	at org.apache.hc.client5.http.impl.classic.CloseableHttpClient.execute(CloseableHttpClient.java:87)
	at org.apache.hc.client5.http.impl.classic.CloseableHttpClient.execute(CloseableHttpClient.java:55)
	at org.apache.hc.client5.http.classic.HttpClient.executeOpen(HttpClient.java:183)
	at org.springframework.http.client.HttpComponentsClientHttpRequest.executeInternal(HttpComponentsClientHttpRequest.java:99)
	at org.springframework.http.client.AbstractStreamingClientHttpRequest.executeInternal(AbstractStreamingClientHttpRequest.java:70)
	at org.springframework.http.client.AbstractClientHttpRequest.execute(AbstractClientHttpRequest.java:66)
	at org.springframework.http.client.InterceptingClientHttpRequest$InterceptingRequestExecution.execute(InterceptingClientHttpRequest.java:112)
	at org.springframework.cloud.netflix.eureka.http.RestTemplateTransportClientFactory.lambda$restTemplate$3(RestTemplateTransportClientFactory.java:170)
	at org.springframework.http.client.InterceptingClientHttpRequest$InterceptingRequestExecution.execute(InterceptingClientHttpRequest.java:88)
	at org.springframework.http.client.InterceptingClientHttpRequest.executeInternal(InterceptingClientHttpRequest.java:72)
	at org.springframework.http.client.AbstractBufferingClientHttpRequest.executeInternal(AbstractBufferingClientHttpRequest.java:48)
	at org.springframework.http.client.AbstractClientHttpRequest.execute(AbstractClientHttpRequest.java:66)
	at org.springframework.web.client.RestTemplate.doExecute(RestTemplate.java:889)
	... 21 more

2026-09-11T14:35:22.643+05:30  WARN 34028 --- [fraud-engine-service] [DiscoveryClient-InstanceInfoReplicator-%d] c.n.d.s.t.d.RetryableEurekaHttpClient    : Request execution failed with message: I/O error on POST request for "http://localhost:8761/eureka/apps/FRAUD-ENGINE-SERVICE": localhost:8761 failed to respond
2026-09-11T14:35:23.215+05:30  INFO 34028 --- [fraud-engine-service] [DiscoveryClient-InstanceInfoReplicator-%d] c.n.d.s.t.d.RedirectingEurekaHttpClient  : Request execution error. endpoint=DefaultEndpoint{ serviceUrl='http://localhost:8761/eureka/}, exception=I/O error on POST request for "http://localhost:8761/eureka/apps/FRAUD-ENGINE-SERVICE": Connection reset stacktrace=org.springframework.web.client.ResourceAccessException: I/O error on POST request for "http://localhost:8761/eureka/apps/FRAUD-ENGINE-SERVICE": Connection reset
	at org.springframework.web.client.RestTemplate.createResourceAccessException(RestTemplate.java:915)
	at org.springframework.web.client.RestTemplate.doExecute(RestTemplate.java:895)
	at org.springframework.web.client.RestTemplate.execute(RestTemplate.java:830)
	at org.springframework.web.client.RestTemplate.exchange(RestTemplate.java:691)
	at org.springframework.cloud.netflix.eureka.http.RestTemplateEurekaHttpClient.register(RestTemplateEurekaHttpClient.java:83)
	at com.netflix.discovery.shared.transport.decorator.EurekaHttpClientDecorator$1.execute(EurekaHttpClientDecorator.java:59)
	at com.netflix.discovery.shared.transport.decorator.RedirectingEurekaHttpClient.executeOnNewServer(RedirectingEurekaHttpClient.java:121)
	at com.netflix.discovery.shared.transport.decorator.RedirectingEurekaHttpClient.execute(RedirectingEurekaHttpClient.java:80)
	at com.netflix.discovery.shared.transport.decorator.EurekaHttpClientDecorator.register(EurekaHttpClientDecorator.java:56)
	at com.netflix.discovery.shared.transport.decorator.EurekaHttpClientDecorator$1.execute(EurekaHttpClientDecorator.java:59)
	at com.netflix.discovery.shared.transport.decorator.RetryableEurekaHttpClient.execute(RetryableEurekaHttpClient.java:120)
	at com.netflix.discovery.shared.transport.decorator.EurekaHttpClientDecorator.register(EurekaHttpClientDecorator.java:56)
	at com.netflix.discovery.shared.transport.decorator.EurekaHttpClientDecorator$1.execute(EurekaHttpClientDecorator.java:59)
	at com.netflix.discovery.shared.transport.decorator.SessionedEurekaHttpClient.execute(SessionedEurekaHttpClient.java:76)
	at com.netflix.discovery.shared.transport.decorator.EurekaHttpClientDecorator.register(EurekaHttpClientDecorator.java:56)
	at com.netflix.discovery.DiscoveryClient.register(DiscoveryClient.java:828)
	at com.netflix.discovery.InstanceInfoReplicator.run(InstanceInfoReplicator.java:125)
	at com.netflix.discovery.InstanceInfoReplicator$2.run(InstanceInfoReplicator.java:105)
	at java.base/java.util.concurrent.Executors$RunnableAdapter.call(Executors.java:539)
	at java.base/java.util.concurrent.FutureTask.run(FutureTask.java:264)
	at java.base/java.util.concurrent.ScheduledThreadPoolExecutor$ScheduledFutureTask.run(ScheduledThreadPoolExecutor.java:304)
	at java.base/java.util.concurrent.ThreadPoolExecutor.runWorker(ThreadPoolExecutor.java:1136)
	at java.base/java.util.concurrent.ThreadPoolExecutor$Worker.run(ThreadPoolExecutor.java:635)
	at java.base/java.lang.Thread.run(Thread.java:840)
Caused by: java.net.SocketException: Connection reset
	at java.base/sun.nio.ch.NioSocketImpl.implRead(NioSocketImpl.java:328)
	at java.base/sun.nio.ch.NioSocketImpl.read(NioSocketImpl.java:355)
	at java.base/sun.nio.ch.NioSocketImpl$1.read(NioSocketImpl.java:808)
	at java.base/java.net.Socket$SocketInputStream.read(Socket.java:966)
	at org.apache.hc.core5.http.impl.io.SessionInputBufferImpl.fillBuffer(SessionInputBufferImpl.java:149)
	at org.apache.hc.core5.http.impl.io.SessionInputBufferImpl.readLine(SessionInputBufferImpl.java:280)
	at org.apache.hc.core5.http.impl.io.AbstractMessageParser.parse(AbstractMessageParser.java:247)
	at org.apache.hc.core5.http.impl.io.AbstractMessageParser.parse(AbstractMessageParser.java:54)
	at org.apache.hc.core5.http.impl.io.DefaultBHttpClientConnection.receiveResponseHeader(DefaultBHttpClientConnection.java:304)
	at org.apache.hc.core5.http.impl.io.HttpRequestExecutor.execute(HttpRequestExecutor.java:175)
	at org.apache.hc.core5.http.impl.io.HttpRequestExecutor.execute(HttpRequestExecutor.java:218)
	at org.apache.hc.client5.http.impl.io.PoolingHttpClientConnectionManager$InternalConnectionEndpoint.execute(PoolingHttpClientConnectionManager.java:712)
	at org.apache.hc.client5.http.impl.classic.InternalExecRuntime.execute(InternalExecRuntime.java:216)
	at org.apache.hc.client5.http.impl.classic.MainClientExec.execute(MainClientExec.java:116)
	at org.apache.hc.client5.http.impl.classic.ExecChainElement.execute(ExecChainElement.java:51)
	at org.apache.hc.client5.http.impl.classic.ConnectExec.execute(ConnectExec.java:188)
	at org.apache.hc.client5.http.impl.classic.ExecChainElement.execute(ExecChainElement.java:51)
	at org.apache.hc.client5.http.impl.classic.ProtocolExec.execute(ProtocolExec.java:192)
	at org.apache.hc.client5.http.impl.classic.ExecChainElement.execute(ExecChainElement.java:51)
	at org.apache.hc.client5.http.impl.classic.HttpRequestRetryExec.execute(HttpRequestRetryExec.java:96)
	at org.apache.hc.client5.http.impl.classic.ExecChainElement.execute(ExecChainElement.java:51)
	at org.apache.hc.client5.http.impl.classic.ContentCompressionExec.execute(ContentCompressionExec.java:152)
	at org.apache.hc.client5.http.impl.classic.ExecChainElement.execute(ExecChainElement.java:51)
	at org.apache.hc.client5.http.impl.classic.RedirectExec.execute(RedirectExec.java:115)
	at org.apache.hc.client5.http.impl.classic.ExecChainElement.execute(ExecChainElement.java:51)
	at org.apache.hc.client5.http.impl.classic.InternalHttpClient.doExecute(InternalHttpClient.java:170)
	at org.apache.hc.client5.http.impl.classic.CloseableHttpClient.execute(CloseableHttpClient.java:87)
	at org.apache.hc.client5.http.impl.classic.CloseableHttpClient.execute(CloseableHttpClient.java:55)
	at org.apache.hc.client5.http.classic.HttpClient.executeOpen(HttpClient.java:183)
	at org.springframework.http.client.HttpComponentsClientHttpRequest.executeInternal(HttpComponentsClientHttpRequest.java:99)
	at org.springframework.http.client.AbstractStreamingClientHttpRequest.executeInternal(AbstractStreamingClientHttpRequest.java:70)
	at org.springframework.http.client.AbstractClientHttpRequest.execute(AbstractClientHttpRequest.java:66)
	at org.springframework.http.client.InterceptingClientHttpRequest$InterceptingRequestExecution.execute(InterceptingClientHttpRequest.java:112)
	at org.springframework.cloud.netflix.eureka.http.RestTemplateTransportClientFactory.lambda$restTemplate$3(RestTemplateTransportClientFactory.java:170)
	at org.springframework.http.client.InterceptingClientHttpRequest$InterceptingRequestExecution.execute(InterceptingClientHttpRequest.java:88)
	at org.springframework.http.client.InterceptingClientHttpRequest.executeInternal(InterceptingClientHttpRequest.java:72)
	at org.springframework.http.client.AbstractBufferingClientHttpRequest.executeInternal(AbstractBufferingClientHttpRequest.java:48)
	at org.springframework.http.client.AbstractClientHttpRequest.execute(AbstractClientHttpRequest.java:66)
	at org.springframework.web.client.RestTemplate.doExecute(RestTemplate.java:889)
	... 22 more

2026-09-11T14:35:23.215+05:30  WARN 34028 --- [fraud-engine-service] [DiscoveryClient-InstanceInfoReplicator-%d] c.n.d.s.t.d.RetryableEurekaHttpClient    : Request execution failed with message: I/O error on POST request for "http://localhost:8761/eureka/apps/FRAUD-ENGINE-SERVICE": Connection reset
2026-09-11T14:35:23.216+05:30  WARN 34028 --- [fraud-engine-service] [DiscoveryClient-InstanceInfoReplicator-%d] com.netflix.discovery.DiscoveryClient    : DiscoveryClient_FRAUD-ENGINE-SERVICE/fraud-engine-service:8092 - registration failed Cannot execute request on any known server

com.netflix.discovery.shared.transport.TransportException: Cannot execute request on any known server
	at com.netflix.discovery.shared.transport.decorator.RetryableEurekaHttpClient.execute(RetryableEurekaHttpClient.java:112) ~[eureka-client-2.0.4.jar:2.0.4]
	at com.netflix.discovery.shared.transport.decorator.EurekaHttpClientDecorator.register(EurekaHttpClientDecorator.java:56) ~[eureka-client-2.0.4.jar:2.0.4]
	at com.netflix.discovery.shared.transport.decorator.EurekaHttpClientDecorator$1.execute(EurekaHttpClientDecorator.java:59) ~[eureka-client-2.0.4.jar:2.0.4]
	at com.netflix.discovery.shared.transport.decorator.SessionedEurekaHttpClient.execute(SessionedEurekaHttpClient.java:76) ~[eureka-client-2.0.4.jar:2.0.4]
	at com.netflix.discovery.shared.transport.decorator.EurekaHttpClientDecorator.register(EurekaHttpClientDecorator.java:56) ~[eureka-client-2.0.4.jar:2.0.4]
	at com.netflix.discovery.DiscoveryClient.register(DiscoveryClient.java:828) ~[eureka-client-2.0.4.jar:2.0.4]
	at com.netflix.discovery.InstanceInfoReplicator.run(InstanceInfoReplicator.java:125) ~[eureka-client-2.0.4.jar:2.0.4]
	at com.netflix.discovery.InstanceInfoReplicator$2.run(InstanceInfoReplicator.java:105) ~[eureka-client-2.0.4.jar:2.0.4]
	at java.base/java.util.concurrent.Executors$RunnableAdapter.call(Executors.java:539) ~[na:na]
	at java.base/java.util.concurrent.FutureTask.run(FutureTask.java:264) ~[na:na]
	at java.base/java.util.concurrent.ScheduledThreadPoolExecutor$ScheduledFutureTask.run(ScheduledThreadPoolExecutor.java:304) ~[na:na]
	at java.base/java.util.concurrent.ThreadPoolExecutor.runWorker(ThreadPoolExecutor.java:1136) ~[na:na]
	at java.base/java.util.concurrent.ThreadPoolExecutor$Worker.run(ThreadPoolExecutor.java:635) ~[na:na]
	at java.base/java.lang.Thread.run(Thread.java:840) ~[na:na]

2026-09-11T14:35:23.226+05:30  WARN 34028 --- [fraud-engine-service] [DiscoveryClient-InstanceInfoReplicator-%d] c.n.discovery.InstanceInfoReplicator     : There was a problem with the instance info replicator

com.netflix.discovery.shared.transport.TransportException: Cannot execute request on any known server
	at com.netflix.discovery.shared.transport.decorator.RetryableEurekaHttpClient.execute(RetryableEurekaHttpClient.java:112) ~[eureka-client-2.0.4.jar:2.0.4]
	at com.netflix.discovery.shared.transport.decorator.EurekaHttpClientDecorator.register(EurekaHttpClientDecorator.java:56) ~[eureka-client-2.0.4.jar:2.0.4]
	at com.netflix.discovery.shared.transport.decorator.EurekaHttpClientDecorator$1.execute(EurekaHttpClientDecorator.java:59) ~[eureka-client-2.0.4.jar:2.0.4]
	at com.netflix.discovery.shared.transport.decorator.SessionedEurekaHttpClient.execute(SessionedEurekaHttpClient.java:76) ~[eureka-client-2.0.4.jar:2.0.4]
	at com.netflix.discovery.shared.transport.decorator.EurekaHttpClientDecorator.register(EurekaHttpClientDecorator.java:56) ~[eureka-client-2.0.4.jar:2.0.4]
	at com.netflix.discovery.DiscoveryClient.register(DiscoveryClient.java:828) ~[eureka-client-2.0.4.jar:2.0.4]
	at com.netflix.discovery.InstanceInfoReplicator.run(InstanceInfoReplicator.java:125) ~[eureka-client-2.0.4.jar:2.0.4]
	at com.netflix.discovery.InstanceInfoReplicator$2.run(InstanceInfoReplicator.java:105) ~[eureka-client-2.0.4.jar:2.0.4]
	at java.base/java.util.concurrent.Executors$RunnableAdapter.call(Executors.java:539) ~[na:na]
	at java.base/java.util.concurrent.FutureTask.run(FutureTask.java:264) ~[na:na]
	at java.base/java.util.concurrent.ScheduledThreadPoolExecutor$ScheduledFutureTask.run(ScheduledThreadPoolExecutor.java:304) ~[na:na]
	at java.base/java.util.concurrent.ThreadPoolExecutor.runWorker(ThreadPoolExecutor.java:1136) ~[na:na]
	at java.base/java.util.concurrent.ThreadPoolExecutor$Worker.run(ThreadPoolExecutor.java:635) ~[na:na]
	at java.base/java.lang.Thread.run(Thread.java:840) ~[na:na]

2026-09-11T14:35:23.253+05:30  INFO 34028 --- [fraud-engine-service] [SpringApplicationShutdownHook] com.netflix.discovery.DiscoveryClient    : Shutting down DiscoveryClient ...
2026-09-11T14:35:26.263+05:30  INFO 34028 --- [fraud-engine-service] [SpringApplicationShutdownHook] com.netflix.discovery.DiscoveryClient    : Unregistering ...
2026-09-11T14:35:26.314+05:30  INFO 34028 --- [fraud-engine-service] [SpringApplicationShutdownHook] c.n.d.s.t.d.RedirectingEurekaHttpClient  : Request execution error. endpoint=DefaultEndpoint{ serviceUrl='http://localhost:8761/eureka/}, exception=I/O error on DELETE request for "http://localhost:8761/eureka/apps/FRAUD-ENGINE-SERVICE/fraud-engine-service:8092": Connect to http://localhost:8761 [localhost/127.0.0.1, localhost/0:0:0:0:0:0:0:1] failed: Connection refused: getsockopt stacktrace=org.springframework.web.client.ResourceAccessException: I/O error on DELETE request for "http://localhost:8761/eureka/apps/FRAUD-ENGINE-SERVICE/fraud-engine-service:8092": Connect to http://localhost:8761 [localhost/127.0.0.1, localhost/0:0:0:0:0:0:0:1] failed: Connection refused: getsockopt
	at org.springframework.web.client.RestTemplate.createResourceAccessException(RestTemplate.java:915)
	at org.springframework.web.client.RestTemplate.doExecute(RestTemplate.java:895)
	at org.springframework.web.client.RestTemplate.execute(RestTemplate.java:830)
	at org.springframework.web.client.RestTemplate.exchange(RestTemplate.java:691)
	at org.springframework.cloud.netflix.eureka.http.RestTemplateEurekaHttpClient.cancel(RestTemplateEurekaHttpClient.java:96)
	at com.netflix.discovery.shared.transport.decorator.EurekaHttpClientDecorator$2.execute(EurekaHttpClientDecorator.java:74)
	at com.netflix.discovery.shared.transport.decorator.RedirectingEurekaHttpClient.executeOnNewServer(RedirectingEurekaHttpClient.java:121)
	at com.netflix.discovery.shared.transport.decorator.RedirectingEurekaHttpClient.execute(RedirectingEurekaHttpClient.java:80)
	at com.netflix.discovery.shared.transport.decorator.EurekaHttpClientDecorator.cancel(EurekaHttpClientDecorator.java:71)
	at com.netflix.discovery.shared.transport.decorator.EurekaHttpClientDecorator$2.execute(EurekaHttpClientDecorator.java:74)
	at com.netflix.discovery.shared.transport.decorator.RetryableEurekaHttpClient.execute(RetryableEurekaHttpClient.java:120)
	at com.netflix.discovery.shared.transport.decorator.EurekaHttpClientDecorator.cancel(EurekaHttpClientDecorator.java:71)
	at com.netflix.discovery.shared.transport.decorator.EurekaHttpClientDecorator$2.execute(EurekaHttpClientDecorator.java:74)
	at com.netflix.discovery.shared.transport.decorator.SessionedEurekaHttpClient.execute(SessionedEurekaHttpClient.java:76)
	at com.netflix.discovery.shared.transport.decorator.EurekaHttpClientDecorator.cancel(EurekaHttpClientDecorator.java:71)
	at com.netflix.discovery.DiscoveryClient.unregister(DiscoveryClient.java:919)
	at com.netflix.discovery.DiscoveryClient.shutdown(DiscoveryClient.java:900)
	at java.base/jdk.internal.reflect.NativeMethodAccessorImpl.invoke0(Native Method)
	at java.base/jdk.internal.reflect.NativeMethodAccessorImpl.invoke(NativeMethodAccessorImpl.java:77)
	at java.base/jdk.internal.reflect.DelegatingMethodAccessorImpl.invoke(DelegatingMethodAccessorImpl.java:43)
	at java.base/java.lang.reflect.Method.invoke(Method.java:569)
	at org.springframework.beans.factory.annotation.InitDestroyAnnotationBeanPostProcessor$LifecycleMethod.invoke(InitDestroyAnnotationBeanPostProcessor.java:457)
	at org.springframework.beans.factory.annotation.InitDestroyAnnotationBeanPostProcessor$LifecycleMetadata.invokeDestroyMethods(InitDestroyAnnotationBeanPostProcessor.java:415)
	at org.springframework.beans.factory.annotation.InitDestroyAnnotationBeanPostProcessor.postProcessBeforeDestruction(InitDestroyAnnotationBeanPostProcessor.java:239)
	at org.springframework.beans.factory.support.DisposableBeanAdapter.destroy(DisposableBeanAdapter.java:202)
	at org.springframework.beans.factory.support.DisposableBeanAdapter.run(DisposableBeanAdapter.java:195)
	at org.springframework.cloud.context.scope.GenericScope$BeanLifecycleWrapper.destroy(GenericScope.java:389)
	at org.springframework.cloud.context.scope.GenericScope.destroy(GenericScope.java:136)
	at org.springframework.beans.factory.support.DisposableBeanAdapter.destroy(DisposableBeanAdapter.java:211)
	at org.springframework.beans.factory.support.DefaultSingletonBeanRegistry.destroyBean(DefaultSingletonBeanRegistry.java:587)
	at org.springframework.beans.factory.support.DefaultSingletonBeanRegistry.destroySingleton(DefaultSingletonBeanRegistry.java:559)
	at org.springframework.beans.factory.support.DefaultListableBeanFactory.destroySingleton(DefaultListableBeanFactory.java:1202)
	at org.springframework.beans.factory.support.DefaultSingletonBeanRegistry.destroySingletons(DefaultSingletonBeanRegistry.java:520)
	at org.springframework.beans.factory.support.DefaultListableBeanFactory.destroySingletons(DefaultListableBeanFactory.java:1195)
	at org.springframework.context.support.AbstractApplicationContext.destroyBeans(AbstractApplicationContext.java:1195)
	at org.springframework.context.support.AbstractApplicationContext.doClose(AbstractApplicationContext.java:1156)
	at org.springframework.boot.web.servlet.context.ServletWebServerApplicationContext.doClose(ServletWebServerApplicationContext.java:174)
	at org.springframework.context.support.AbstractApplicationContext.close(AbstractApplicationContext.java:1102)
	at org.springframework.boot.SpringApplicationShutdownHook.closeAndWait(SpringApplicationShutdownHook.java:145)
	at java.base/java.lang.Iterable.forEach(Iterable.java:75)
	at org.springframework.boot.SpringApplicationShutdownHook.run(SpringApplicationShutdownHook.java:114)
	at java.base/java.lang.Thread.run(Thread.java:840)
Caused by: org.apache.hc.client5.http.HttpHostConnectException: Connect to http://localhost:8761 [localhost/127.0.0.1, localhost/0:0:0:0:0:0:0:1] failed: Connection refused: getsockopt
	at java.base/sun.nio.ch.Net.pollConnect(Native Method)
	at java.base/sun.nio.ch.Net.pollConnectNow(Net.java:684)
	at java.base/sun.nio.ch.NioSocketImpl.timedFinishConnect(NioSocketImpl.java:547)
	at java.base/sun.nio.ch.NioSocketImpl.connect(NioSocketImpl.java:602)
	at java.base/java.net.SocksSocketImpl.connect(SocksSocketImpl.java:327)
	at java.base/java.net.Socket.connect(Socket.java:633)
	at org.apache.hc.client5.http.socket.PlainConnectionSocketFactory.lambda$connectSocket$0(PlainConnectionSocketFactory.java:91)
	at java.base/java.security.AccessController.doPrivileged(AccessController.java:569)
	at org.apache.hc.client5.http.socket.PlainConnectionSocketFactory.connectSocket(PlainConnectionSocketFactory.java:90)
	at org.apache.hc.client5.http.socket.ConnectionSocketFactory.connectSocket(ConnectionSocketFactory.java:123)
	at org.apache.hc.client5.http.impl.io.DefaultHttpClientConnectionOperator.connect(DefaultHttpClientConnectionOperator.java:184)
	at org.apache.hc.client5.http.impl.io.PoolingHttpClientConnectionManager.connect(PoolingHttpClientConnectionManager.java:447)
	at org.apache.hc.client5.http.impl.classic.InternalExecRuntime.connectEndpoint(InternalExecRuntime.java:162)
	at org.apache.hc.client5.http.impl.classic.InternalExecRuntime.connectEndpoint(InternalExecRuntime.java:172)
	at org.apache.hc.client5.http.impl.classic.ConnectExec.execute(ConnectExec.java:142)
	at org.apache.hc.client5.http.impl.classic.ExecChainElement.execute(ExecChainElement.java:51)
	at org.apache.hc.client5.http.impl.classic.ProtocolExec.execute(ProtocolExec.java:192)
	at org.apache.hc.client5.http.impl.classic.ExecChainElement.execute(ExecChainElement.java:51)
	at org.apache.hc.client5.http.impl.classic.HttpRequestRetryExec.execute(HttpRequestRetryExec.java:96)
	at org.apache.hc.client5.http.impl.classic.ExecChainElement.execute(ExecChainElement.java:51)
	at org.apache.hc.client5.http.impl.classic.ContentCompressionExec.execute(ContentCompressionExec.java:152)
	at org.apache.hc.client5.http.impl.classic.ExecChainElement.execute(ExecChainElement.java:51)
	at org.apache.hc.client5.http.impl.classic.RedirectExec.execute(RedirectExec.java:115)
	at org.apache.hc.client5.http.impl.classic.ExecChainElement.execute(ExecChainElement.java:51)
	at org.apache.hc.client5.http.impl.classic.InternalHttpClient.doExecute(InternalHttpClient.java:170)
	at org.apache.hc.client5.http.impl.classic.CloseableHttpClient.execute(CloseableHttpClient.java:87)
	at org.apache.hc.client5.http.impl.classic.CloseableHttpClient.execute(CloseableHttpClient.java:55)
	at org.apache.hc.client5.http.classic.HttpClient.executeOpen(HttpClient.java:183)
	at org.springframework.http.client.HttpComponentsClientHttpRequest.executeInternal(HttpComponentsClientHttpRequest.java:99)
	at org.springframework.http.client.AbstractStreamingClientHttpRequest.executeInternal(AbstractStreamingClientHttpRequest.java:70)
	at org.springframework.http.client.AbstractClientHttpRequest.execute(AbstractClientHttpRequest.java:66)
	at org.springframework.http.client.InterceptingClientHttpRequest$InterceptingRequestExecution.execute(InterceptingClientHttpRequest.java:112)
	at org.springframework.cloud.netflix.eureka.http.RestTemplateTransportClientFactory.lambda$restTemplate$3(RestTemplateTransportClientFactory.java:170)
	at org.springframework.http.client.InterceptingClientHttpRequest$InterceptingRequestExecution.execute(InterceptingClientHttpRequest.java:88)
	at org.springframework.http.client.InterceptingClientHttpRequest.executeInternal(InterceptingClientHttpRequest.java:72)
	at org.springframework.http.client.AbstractBufferingClientHttpRequest.executeInternal(AbstractBufferingClientHttpRequest.java:48)
	at org.springframework.http.client.AbstractClientHttpRequest.execute(AbstractClientHttpRequest.java:66)
	at org.springframework.web.client.RestTemplate.doExecute(RestTemplate.java:889)
	... 40 more

2026-09-11T14:35:26.314+05:30  WARN 34028 --- [fraud-engine-service] [SpringApplicationShutdownHook] c.n.d.s.t.d.RetryableEurekaHttpClient    : Request execution failed with message: I/O error on DELETE request for "http://localhost:8761/eureka/apps/FRAUD-ENGINE-SERVICE/fraud-engine-service:8092": Connect to http://localhost:8761 [localhost/127.0.0.1, localhost/0:0:0:0:0:0:0:1] failed: Connection refused: getsockopt
2026-09-11T14:35:26.314+05:30 ERROR 34028 --- [fraud-engine-service] [SpringApplicationShutdownHook] com.netflix.discovery.DiscoveryClient    : DiscoveryClient_FRAUD-ENGINE-SERVICE/fraud-engine-service:8092 - de-registration failedCannot execute request on any known server

com.netflix.discovery.shared.transport.TransportException: Cannot execute request on any known server
	at com.netflix.discovery.shared.transport.decorator.RetryableEurekaHttpClient.execute(RetryableEurekaHttpClient.java:112) ~[eureka-client-2.0.4.jar:2.0.4]
	at com.netflix.discovery.shared.transport.decorator.EurekaHttpClientDecorator.cancel(EurekaHttpClientDecorator.java:71) ~[eureka-client-2.0.4.jar:2.0.4]
	at com.netflix.discovery.shared.transport.decorator.EurekaHttpClientDecorator$2.execute(EurekaHttpClientDecorator.java:74) ~[eureka-client-2.0.4.jar:2.0.4]
	at com.netflix.discovery.shared.transport.decorator.SessionedEurekaHttpClient.execute(SessionedEurekaHttpClient.java:76) ~[eureka-client-2.0.4.jar:2.0.4]
	at com.netflix.discovery.shared.transport.decorator.EurekaHttpClientDecorator.cancel(EurekaHttpClientDecorator.java:71) ~[eureka-client-2.0.4.jar:2.0.4]
	at com.netflix.discovery.DiscoveryClient.unregister(DiscoveryClient.java:919) ~[eureka-client-2.0.4.jar:2.0.4]
	at com.netflix.discovery.DiscoveryClient.shutdown(DiscoveryClient.java:900) ~[eureka-client-2.0.4.jar:2.0.4]
	at java.base/jdk.internal.reflect.NativeMethodAccessorImpl.invoke0(Native Method) ~[na:na]
	at java.base/jdk.internal.reflect.NativeMethodAccessorImpl.invoke(NativeMethodAccessorImpl.java:77) ~[na:na]
	at java.base/jdk.internal.reflect.DelegatingMethodAccessorImpl.invoke(DelegatingMethodAccessorImpl.java:43) ~[na:na]
	at java.base/java.lang.reflect.Method.invoke(Method.java:569) ~[na:na]
	at org.springframework.beans.factory.annotation.InitDestroyAnnotationBeanPostProcessor$LifecycleMethod.invoke(InitDestroyAnnotationBeanPostProcessor.java:457) ~[spring-beans-6.1.15.jar:6.1.15]
	at org.springframework.beans.factory.annotation.InitDestroyAnnotationBeanPostProcessor$LifecycleMetadata.invokeDestroyMethods(InitDestroyAnnotationBeanPostProcessor.java:415) ~[spring-beans-6.1.15.jar:6.1.15]
	at org.springframework.beans.factory.annotation.InitDestroyAnnotationBeanPostProcessor.postProcessBeforeDestruction(InitDestroyAnnotationBeanPostProcessor.java:239) ~[spring-beans-6.1.15.jar:6.1.15]
	at org.springframework.beans.factory.support.DisposableBeanAdapter.destroy(DisposableBeanAdapter.java:202) ~[spring-beans-6.1.15.jar:6.1.15]
	at org.springframework.beans.factory.support.DisposableBeanAdapter.run(DisposableBeanAdapter.java:195) ~[spring-beans-6.1.15.jar:6.1.15]
	at org.springframework.cloud.context.scope.GenericScope$BeanLifecycleWrapper.destroy(GenericScope.java:389) ~[spring-cloud-context-4.1.5.jar:4.1.5]
	at org.springframework.cloud.context.scope.GenericScope.destroy(GenericScope.java:136) ~[spring-cloud-context-4.1.5.jar:4.1.5]
	at org.springframework.beans.factory.support.DisposableBeanAdapter.destroy(DisposableBeanAdapter.java:211) ~[spring-beans-6.1.15.jar:6.1.15]
	at org.springframework.beans.factory.support.DefaultSingletonBeanRegistry.destroyBean(DefaultSingletonBeanRegistry.java:587) ~[spring-beans-6.1.15.jar:6.1.15]
	at org.springframework.beans.factory.support.DefaultSingletonBeanRegistry.destroySingleton(DefaultSingletonBeanRegistry.java:559) ~[spring-beans-6.1.15.jar:6.1.15]
	at org.springframework.beans.factory.support.DefaultListableBeanFactory.destroySingleton(DefaultListableBeanFactory.java:1202) ~[spring-beans-6.1.15.jar:6.1.15]
	at org.springframework.beans.factory.support.DefaultSingletonBeanRegistry.destroySingletons(DefaultSingletonBeanRegistry.java:520) ~[spring-beans-6.1.15.jar:6.1.15]
	at org.springframework.beans.factory.support.DefaultListableBeanFactory.destroySingletons(DefaultListableBeanFactory.java:1195) ~[spring-beans-6.1.15.jar:6.1.15]
	at org.springframework.context.support.AbstractApplicationContext.destroyBeans(AbstractApplicationContext.java:1195) ~[spring-context-6.1.15.jar:6.1.15]
	at org.springframework.context.support.AbstractApplicationContext.doClose(AbstractApplicationContext.java:1156) ~[spring-context-6.1.15.jar:6.1.15]
	at org.springframework.boot.web.servlet.context.ServletWebServerApplicationContext.doClose(ServletWebServerApplicationContext.java:174) ~[spring-boot-3.2.12.jar:3.2.12]
	at org.springframework.context.support.AbstractApplicationContext.close(AbstractApplicationContext.java:1102) ~[spring-context-6.1.15.jar:6.1.15]
	at org.springframework.boot.SpringApplicationShutdownHook.closeAndWait(SpringApplicationShutdownHook.java:145) ~[spring-boot-3.2.12.jar:3.2.12]
	at java.base/java.lang.Iterable.forEach(Iterable.java:75) ~[na:na]
	at org.springframework.boot.SpringApplicationShutdownHook.run(SpringApplicationShutdownHook.java:114) ~[spring-boot-3.2.12.jar:3.2.12]
	at java.base/java.lang.Thread.run(Thread.java:840) ~[na:na]

2026-09-11T14:35:26.316+05:30  INFO 34028 --- [fraud-engine-service] [SpringApplicationShutdownHook] com.netflix.discovery.DiscoveryClient    : Completed shut down of DiscoveryClient
