2026-10-01T10:08:03.594+05:30  INFO 10832 --- [fraud-engine-service] [kafka-producer-network-thread | producer-1] org.apache.kafka.clients.NetworkClient   : [Producer clientId=producer-1] Node 1 disconnected.
2026-10-01T10:08:06.297+05:30  INFO 10832 --- [fraud-engine-service] [scheduling-1] c.s.f.f.client.RuleCacheClient           : Fetching active rules from Rule Cache
2026-10-01T10:08:06.770+05:30  INFO 10832 --- [fraud-engine-service] [scheduling-1] c.s.f.f.client.RuleCacheClient           : Fetched 13 active rules from Rule Cache
2026-10-01T10:08:06.772+05:30  INFO 10832 --- [fraud-engine-service] [scheduling-1] c.s.f.fraudengine.cache.ActiveRuleCache  : Active rule cache refreshed ruleCount=13
2026-10-01T10:08:06.773+05:30  INFO 10832 --- [fraud-engine-service] [scheduling-1] c.s.f.f.client.BlacklistCacheClient      : Fetching active blacklist from Rule Cache
2026-10-01T10:08:11.976+05:30  INFO 10832 --- [fraud-engine-service] [scheduling-1] c.s.f.f.client.BlacklistCacheClient      : Fetched 8 active blacklist entries from Rule Cache
2026-10-01T10:08:11.976+05:30  INFO 10832 --- [fraud-engine-service] [scheduling-1] c.s.f.f.cache.ActiveBlacklistCache       : Active blacklist cache refreshed entryCount=8
2026-10-01T10:08:11.976+05:30  INFO 10832 --- [fraud-engine-service] [scheduling-1] c.s.f.f.client.RuleCacheClient           : Fetching active rules from Rule Cache
2026-10-01T10:08:12.763+05:30  INFO 10832 --- [fraud-engine-service] [scheduling-1] c.s.f.f.client.RuleCacheClient           : Fetched 13 active rules from Rule Cache
2026-10-01T10:08:12.763+05:30  INFO 10832 --- [fraud-engine-service] [scheduling-1] c.s.f.fraudengine.cache.ActiveRuleCache  : Active rule cache refreshed ruleCount=13
2026-10-01T10:08:16.992+05:30  INFO 10832 --- [fraud-engine-service] [scheduling-1] c.s.f.f.client.BlacklistCacheClient      : Fetching active blacklist from Rule Cache
2026-10-01T10:08:17.564+05:30  INFO 10832 --- [fraud-engine-service] [scheduling-1] c.s.f.f.client.BlacklistCacheClient      : Fetched 8 active blacklist entries from Rule Cache
2026-10-01T10:08:17.564+05:30  INFO 10832 --- [fraud-engine-service] [scheduling-1] c.s.f.f.cache.ActiveBlacklistCache       : Active blacklist cache refreshed entryCount=8
2026-10-01T10:08:17.771+05:30  INFO 10832 --- [fraud-engine-service] [scheduling-1] c.s.f.f.client.RuleCacheClient           : Fetching active rules from Rule Cache
2026-10-01T10:08:18.700+05:30  INFO 10832 --- [fraud-engine-service] [scheduling-1] c.s.f.f.client.RuleCacheClient           : Fetched 13 active rules from Rule Cache
2026-10-01T10:08:18.700+05:30  INFO 10832 --- [fraud-engine-service] [scheduling-1] c.s.f.fraudengine.cache.ActiveRuleCache  : Active rule cache refreshed ruleCount=13
2026-10-01T10:08:23.243+05:30  INFO 10832 --- [fraud-engine-service] [scheduling-1] c.s.f.f.client.BlacklistCacheClient      : Fetching active blacklist from Rule Cache
2026-10-01T10:08:23.465+05:30  INFO 10832 --- [fraud-engine-service] [scheduling-1] c.s.f.f.client.BlacklistCacheClient      : Fetched 8 active blacklist entries from Rule Cache
2026-10-01T10:08:23.465+05:30  INFO 10832 --- [fraud-engine-service] [scheduling-1] c.s.f.f.cache.ActiveBlacklistCache       : Active blacklist cache refreshed entryCount=8
2026-10-01T10:08:23.715+05:30  INFO 10832 --- [fraud-engine-service] [scheduling-1] c.s.f.f.client.RuleCacheClient           : Fetching active rules from Rule Cache
2026-10-01T10:08:23.793+05:30  INFO 10832 --- [fraud-engine-service] [scheduling-1] c.s.f.f.client.RuleCacheClient           : Fetched 13 active rules from Rule Cache
2026-10-01T10:08:23.793+05:30  INFO 10832 --- [fraud-engine-service] [scheduling-1] c.s.f.fraudengine.cache.ActiveRuleCache  : Active rule cache refreshed ruleCount=13
2026-10-01T10:08:28.467+05:30  INFO 10832 --- [fraud-engine-service] [scheduling-1] c.s.f.f.client.BlacklistCacheClient      : Fetching active blacklist from Rule Cache
2026-10-01T10:08:28.490+05:30  INFO 10832 --- [fraud-engine-service] [scheduling-1] c.s.f.f.client.BlacklistCacheClient      : Fetched 8 active blacklist entries from Rule Cache
2026-10-01T10:08:28.490+05:30  INFO 10832 --- [fraud-engine-service] [scheduling-1] c.s.f.f.cache.ActiveBlacklistCache       : Active blacklist cache refreshed entryCount=8
2026-10-01T10:08:28.803+05:30  INFO 10832 --- [fraud-engine-service] [scheduling-1] c.s.f.f.client.RuleCacheClient           : Fetching active rules from Rule Cache
2026-10-01T10:08:28.832+05:30  INFO 10832 --- [fraud-engine-service] [scheduling-1] c.s.f.f.client.RuleCacheClient           : Fetched 13 active rules from Rule Cache
2026-10-01T10:08:28.832+05:30  INFO 10832 --- [fraud-engine-service] [scheduling-1] c.s.f.fraudengine.cache.ActiveRuleCache  : Active rule cache refreshed ruleCount=13
2026-10-01T10:08:33.494+05:30  INFO 10832 --- [fraud-engine-service] [scheduling-1] c.s.f.f.client.BlacklistCacheClient      : Fetching active blacklist from Rule Cache
2026-10-01T10:08:33.583+05:30  INFO 10832 --- [fraud-engine-service] [scheduling-1] c.s.f.f.client.BlacklistCacheClient      : Fetched 8 active blacklist entries from Rule Cache
2026-10-01T10:08:33.583+05:30  INFO 10832 --- [fraud-engine-service] [scheduling-1] c.s.f.f.cache.ActiveBlacklistCache       : Active blacklist cache refreshed entryCount=8
2026-10-01T10:08:33.845+05:30  INFO 10832 --- [fraud-engine-service] [scheduling-1] c.s.f.f.client.RuleCacheClient           : Fetching active rules from Rule Cache
2026-10-01T10:08:33.869+05:30  INFO 10832 --- [fraud-engine-service] [scheduling-1] c.s.f.f.client.RuleCacheClient           : Fetched 13 active rules from Rule Cache
2026-10-01T10:08:33.871+05:30  INFO 10832 --- [fraud-engine-service] [scheduling-1] c.s.f.fraudengine.cache.ActiveRuleCache  : Active rule cache refreshed ruleCount=13
2026-10-01T10:08:37.027+05:30  INFO 10832 --- [fraud-engine-service] [AsyncResolver-bootstrap-executor-%d] c.n.d.s.r.aws.ConfigClusterResolver      : Resolving eureka endpoints via configuration
2026-10-01T10:08:38.588+05:30  INFO 10832 --- [fraud-engine-service] [scheduling-1] c.s.f.f.client.BlacklistCacheClient      : Fetching active blacklist from Rule Cache
2026-10-01T10:08:38.810+05:30  INFO 10832 --- [fraud-engine-service] [scheduling-1] c.s.f.f.client.BlacklistCacheClient      : Fetched 8 active blacklist entries from Rule Cache
2026-10-01T10:08:38.810+05:30  INFO 10832 --- [fraud-engine-service] [scheduling-1] c.s.f.f.cache.ActiveBlacklistCache       : Active blacklist cache refreshed entryCount=8
2026-10-01T10:08:38.874+05:30  INFO 10832 --- [fraud-engine-service] [scheduling-1] c.s.f.f.client.RuleCacheClient           : Fetching active rules from Rule Cache
2026-10-01T10:08:39.019+05:30  INFO 10832 --- [fraud-engine-service] [scheduling-1] c.s.f.f.client.RuleCacheClient           : Fetched 13 active rules from Rule Cache
2026-10-01T10:08:39.019+05:30  INFO 10832 --- [fraud-engine-service] [scheduling-1] c.s.f.fraudengine.cache.ActiveRuleCache  : Active rule cache refreshed ruleCount=13
2026-10-01T10:08:43.818+05:30  INFO 10832 --- [fraud-engine-service] [scheduling-1] c.s.f.f.client.BlacklistCacheClient      : Fetching active blacklist from Rule Cache
2026-10-01T10:08:43.869+05:30  INFO 10832 --- [fraud-engine-service] [scheduling-1] c.s.f.f.client.BlacklistCacheClient      : Fetched 8 active blacklist entries from Rule Cache
2026-10-01T10:08:43.869+05:30  INFO 10832 --- [fraud-engine-service] [scheduling-1] c.s.f.f.cache.ActiveBlacklistCache       : Active blacklist cache refreshed entryCount=8
2026-10-01T10:08:44.050+05:30  INFO 10832 --- [fraud-engine-service] [scheduling-1] c.s.f.f.client.RuleCacheClient           : Fetching active rules from Rule Cache
2026-10-01T10:08:44.129+05:30  INFO 10832 --- [fraud-engine-service] [scheduling-1] c.s.f.f.client.RuleCacheClient           : Fetched 13 active rules from Rule Cache
2026-10-01T10:08:44.131+05:30  INFO 10832 --- [fraud-engine-service] [scheduling-1] c.s.f.fraudengine.cache.ActiveRuleCache  : Active rule cache refreshed ruleCount=13
2026-10-01T10:08:48.896+05:30  INFO 10832 --- [fraud-engine-service] [scheduling-1] c.s.f.f.client.BlacklistCacheClient      : Fetching active blacklist from Rule Cache
2026-10-01T10:08:49.080+05:30  INFO 10832 --- [fraud-engine-service] [scheduling-1] c.s.f.f.client.BlacklistCacheClient      : Fetched 8 active blacklist entries from Rule Cache
2026-10-01T10:08:49.080+05:30  INFO 10832 --- [fraud-engine-service] [scheduling-1] c.s.f.f.cache.ActiveBlacklistCache       : Active blacklist cache refreshed entryCount=8
2026-10-01T10:08:49.181+05:30  INFO 10832 --- [fraud-engine-service] [scheduling-1] c.s.f.f.client.RuleCacheClient           : Fetching active rules from Rule Cache
2026-10-01T10:08:49.395+05:30  INFO 10832 --- [fraud-engine-service] [scheduling-1] c.s.f.f.client.RuleCacheClient           : Fetched 13 active rules from Rule Cache
2026-10-01T10:08:49.395+05:30  INFO 10832 --- [fraud-engine-service] [scheduling-1] c.s.f.fraudengine.cache.ActiveRuleCache  : Active rule cache refreshed ruleCount=13
2026-10-01T10:08:54.087+05:30  INFO 10832 --- [fraud-engine-service] [scheduling-1] c.s.f.f.client.BlacklistCacheClient      : Fetching active blacklist from Rule Cache
2026-10-01T10:08:54.099+05:30  INFO 10832 --- [fraud-engine-service] [scheduling-1] c.s.f.f.client.BlacklistCacheClient      : Fetched 8 active blacklist entries from Rule Cache
2026-10-01T10:08:54.099+05:30  INFO 10832 --- [fraud-engine-service] [scheduling-1] c.s.f.f.cache.ActiveBlacklistCache       : Active blacklist cache refreshed entryCount=8
2026-10-01T10:08:54.404+05:30  INFO 10832 --- [fraud-engine-service] [scheduling-1] c.s.f.f.client.RuleCacheClient           : Fetching active rules from Rule Cache
2026-10-01T10:08:54.422+05:30  INFO 10832 --- [fraud-engine-service] [scheduling-1] c.s.f.f.client.RuleCacheClient           : Fetched 13 active rules from Rule Cache
2026-10-01T10:08:54.422+05:30  INFO 10832 --- [fraud-engine-service] [scheduling-1] c.s.f.fraudengine.cache.ActiveRuleCache  : Active rule cache refreshed ruleCount=13
2026-10-01T10:08:59.107+05:30  INFO 10832 --- [fraud-engine-service] [scheduling-1] c.s.f.f.client.BlacklistCacheClient      : Fetching active blacklist from Rule Cache
2026-10-01T10:08:59.119+05:30  INFO 10832 --- [fraud-engine-service] [scheduling-1] c.s.f.f.client.BlacklistCacheClient      : Fetched 8 active blacklist entries from Rule Cache
2026-10-01T10:08:59.119+05:30  INFO 10832 --- [fraud-engine-service] [scheduling-1] c.s.f.f.cache.ActiveBlacklistCache       : Active blacklist cache refreshed entryCount=8
2026-10-01T10:08:59.425+05:30  INFO 10832 --- [fraud-engine-service] [scheduling-1] c.s.f.f.client.RuleCacheClient           : Fetching active rules from Rule Cache
2026-10-01T10:08:59.438+05:30  INFO 10832 --- [fraud-engine-service] [scheduling-1] c.s.f.f.client.RuleCacheClient           : Fetched 13 active rules from Rule Cache
2026-10-01T10:08:59.438+05:30  INFO 10832 --- [fraud-engine-service] [scheduling-1] c.s.f.fraudengine.cache.ActiveRuleCache  : Active rule cache refreshed ruleCount=13
2026-10-01T10:09:04.124+05:30  INFO 10832 --- [fraud-engine-service] [scheduling-1] c.s.f.f.client.BlacklistCacheClient      : Fetching active blacklist from Rule Cache
2026-10-01T10:09:04.184+05:30  INFO 10832 --- [fraud-engine-service] [scheduling-1] c.s.f.f.client.BlacklistCacheClient      : Fetched 8 active blacklist entries from Rule Cache
2026-10-01T10:09:04.184+05:30  INFO 10832 --- [fraud-engine-service] [scheduling-1] c.s.f.f.cache.ActiveBlacklistCache       : Active blacklist cache refreshed entryCount=8
2026-10-01T10:09:04.439+05:30  INFO 10832 --- [fraud-engine-service] [scheduling-1] c.s.f.f.client.RuleCacheClient           : Fetching active rules from Rule Cache
2026-10-01T10:09:04.655+05:30  INFO 10832 --- [fraud-engine-service] [scheduling-1] c.s.f.f.client.RuleCacheClient           : Fetched 13 active rules from Rule Cache
2026-10-01T10:09:04.655+05:30  INFO 10832 --- [fraud-engine-service] [scheduling-1] c.s.f.fraudengine.cache.ActiveRuleCache  : Active rule cache refreshed ruleCount=13
2026-10-01T10:09:09.193+05:30  INFO 10832 --- [fraud-engine-service] [scheduling-1] c.s.f.f.client.BlacklistCacheClient      : Fetching active blacklist from Rule Cache
2026-10-01T10:09:09.220+05:30  INFO 10832 --- [fraud-engine-service] [scheduling-1] c.s.f.f.client.BlacklistCacheClient      : Fetched 8 active blacklist entries from Rule Cache
2026-10-01T10:09:09.220+05:30  INFO 10832 --- [fraud-engine-service] [scheduling-1] c.s.f.f.cache.ActiveBlacklistCache       : Active blacklist cache refreshed entryCount=8
2026-10-01T10:09:09.656+05:30  INFO 10832 --- [fraud-engine-service] [scheduling-1] c.s.f.f.client.RuleCacheClient           : Fetching active rules from Rule Cache
2026-10-01T10:09:09.671+05:30  INFO 10832 --- [fraud-engine-service] [scheduling-1] c.s.f.f.client.RuleCacheClient           : Fetched 13 active rules from Rule Cache
2026-10-01T10:09:09.671+05:30  INFO 10832 --- [fraud-engine-service] [scheduling-1] c.s.f.fraudengine.cache.ActiveRuleCache  : Active rule cache refreshed ruleCount=13
2026-10-01T10:09:12.889+05:30  INFO 10832 --- [fraud-engine-service] [scheduling-1] c.s.f.f.client.BlacklistCacheClient      : Fetching active blacklist from Rule Cache
2026-10-01T10:09:12.903+05:30  INFO 10832 --- [fraud-engine-service] [scheduling-1] c.s.f.f.client.BlacklistCacheClient      : Fetched 8 active blacklist entries from Rule Cache
2026-10-01T10:09:12.904+05:30  INFO 10832 --- [fraud-engine-service] [scheduling-1] c.s.f.f.cache.ActiveBlacklistCache       : Active blacklist cache refreshed entryCount=8
2026-10-01T10:09:13.340+05:30  INFO 10832 --- [fraud-engine-service] [scheduling-1] c.s.f.f.client.RuleCacheClient           : Fetching active rules from Rule Cache
2026-10-01T10:09:13.351+05:30  INFO 10832 --- [fraud-engine-service] [scheduling-1] c.s.f.f.client.RuleCacheClient           : Fetched 13 active rules from Rule Cache
2026-10-01T10:09:13.351+05:30  INFO 10832 --- [fraud-engine-service] [scheduling-1] c.s.f.fraudengine.cache.ActiveRuleCache  : Active rule cache refreshed ruleCount=13
2026-10-01T10:09:17.913+05:30  INFO 10832 --- [fraud-engine-service] [scheduling-1] c.s.f.f.client.BlacklistCacheClient      : Fetching active blacklist from Rule Cache
2026-10-01T10:09:18.001+05:30  INFO 10832 --- [fraud-engine-service] [scheduling-1] c.s.f.f.client.BlacklistCacheClient      : Fetched 8 active blacklist entries from Rule Cache
2026-10-01T10:09:18.001+05:30  INFO 10832 --- [fraud-engine-service] [scheduling-1] c.s.f.f.cache.ActiveBlacklistCache       : Active blacklist cache refreshed entryCount=8
2026-10-01T10:09:18.357+05:30  INFO 10832 --- [fraud-engine-service] [scheduling-1] c.s.f.f.client.RuleCacheClient           : Fetching active rules from Rule Cache
2026-10-01T10:09:18.383+05:30  INFO 10832 --- [fraud-engine-service] [scheduling-1] c.s.f.f.client.RuleCacheClient           : Fetched 13 active rules from Rule Cache
2026-10-01T10:09:18.383+05:30  INFO 10832 --- [fraud-engine-service] [scheduling-1] c.s.f.fraudengine.cache.ActiveRuleCache  : Active rule cache refreshed ruleCount=13
2026-10-01T10:09:23.002+05:30  INFO 10832 --- [fraud-engine-service] [scheduling-1] c.s.f.f.client.BlacklistCacheClient      : Fetching active blacklist from Rule Cache
2026-10-01T10:09:23.031+05:30  INFO 10832 --- [fraud-engine-service] [scheduling-1] c.s.f.f.client.BlacklistCacheClient      : Fetched 8 active blacklist entries from Rule Cache
2026-10-01T10:09:23.031+05:30  INFO 10832 --- [fraud-engine-service] [scheduling-1] c.s.f.f.cache.ActiveBlacklistCache       : Active blacklist cache refreshed entryCount=8
2026-10-01T10:09:23.396+05:30  INFO 10832 --- [fraud-engine-service] [scheduling-1] c.s.f.f.client.RuleCacheClient           : Fetching active rules from Rule Cache
2026-10-01T10:09:23.410+05:30  INFO 10832 --- [fraud-engine-service] [scheduling-1] c.s.f.f.client.RuleCacheClient           : Fetched 13 active rules from Rule Cache
2026-10-01T10:09:23.410+05:30  INFO 10832 --- [fraud-engine-service] [scheduling-1] c.s.f.fraudengine.cache.ActiveRuleCache  : Active rule cache refreshed ruleCount=13
2026-10-01T10:09:28.037+05:30  INFO 10832 --- [fraud-engine-service] [scheduling-1] c.s.f.f.client.BlacklistCacheClient      : Fetching active blacklist from Rule Cache
2026-10-01T10:09:28.051+05:30  INFO 10832 --- [fraud-engine-service] [scheduling-1] c.s.f.f.client.BlacklistCacheClient      : Fetched 8 active blacklist entries from Rule Cache
2026-10-01T10:09:28.053+05:30  INFO 10832 --- [fraud-engine-service] [scheduling-1] c.s.f.f.cache.ActiveBlacklistCache       : Active blacklist cache refreshed entryCount=8
2026-10-01T10:09:28.419+05:30  INFO 10832 --- [fraud-engine-service] [scheduling-1] c.s.f.f.client.RuleCacheClient           : Fetching active rules from Rule Cache
2026-10-01T10:09:28.434+05:30  INFO 10832 --- [fraud-engine-service] [scheduling-1] c.s.f.f.client.RuleCacheClient           : Fetched 13 active rules from Rule Cache
2026-10-01T10:09:28.434+05:30  INFO 10832 --- [fraud-engine-service] [scheduling-1] c.s.f.fraudengine.cache.ActiveRuleCache  : Active rule cache refreshed ruleCount=13
2026-10-01T10:09:33.061+05:30  INFO 10832 --- [fraud-engine-service] [scheduling-1] c.s.f.f.client.BlacklistCacheClient      : Fetching active blacklist from Rule Cache
2026-10-01T10:09:33.106+05:30  INFO 10832 --- [fraud-engine-service] [scheduling-1] c.s.f.f.client.BlacklistCacheClient      : Fetched 8 active blacklist entries from Rule Cache
2026-10-01T10:09:33.106+05:30  INFO 10832 --- [fraud-engine-service] [scheduling-1] c.s.f.f.cache.ActiveBlacklistCache       : Active blacklist cache refreshed entryCount=8
2026-10-01T10:09:33.450+05:30  INFO 10832 --- [fraud-engine-service] [scheduling-1] c.s.f.f.client.RuleCacheClient           : Fetching active rules from Rule Cache
2026-10-01T10:09:33.496+05:30  INFO 10832 --- [fraud-engine-service] [scheduling-1] c.s.f.f.client.RuleCacheClient           : Fetched 13 active rules from Rule Cache
2026-10-01T10:09:33.496+05:30  INFO 10832 --- [fraud-engine-service] [scheduling-1] c.s.f.fraudengine.cache.ActiveRuleCache  : Active rule cache refreshed ruleCount=13
2026-10-01T10:09:38.119+05:30  INFO 10832 --- [fraud-engine-service] [scheduling-1] c.s.f.f.client.BlacklistCacheClient      : Fetching active blacklist from Rule Cache
2026-10-01T10:09:38.141+05:30  INFO 10832 --- [fraud-engine-service] [scheduling-1] c.s.f.f.client.BlacklistCacheClient      : Fetched 8 active blacklist entries from Rule Cache
2026-10-01T10:09:38.141+05:30  INFO 10832 --- [fraud-engine-service] [scheduling-1] c.s.f.f.cache.ActiveBlacklistCache       : Active blacklist cache refreshed entryCount=8
2026-10-01T10:09:38.499+05:30  INFO 10832 --- [fraud-engine-service] [scheduling-1] c.s.f.f.client.RuleCacheClient           : Fetching active rules from Rule Cache
2026-10-01T10:09:38.506+05:30  INFO 10832 --- [fraud-engine-service] [scheduling-1] c.s.f.f.client.RuleCacheClient           : Fetched 13 active rules from Rule Cache
2026-10-01T10:09:38.506+05:30  INFO 10832 --- [fraud-engine-service] [scheduling-1] c.s.f.fraudengine.cache.ActiveRuleCache  : Active rule cache refreshed ruleCount=13
2026-10-01T10:09:43.144+05:30  INFO 10832 --- [fraud-engine-service] [scheduling-1] c.s.f.f.client.BlacklistCacheClient      : Fetching active blacklist from Rule Cache
2026-10-01T10:09:43.156+05:30  INFO 10832 --- [fraud-engine-service] [scheduling-1] c.s.f.f.client.BlacklistCacheClient      : Fetched 8 active blacklist entries from Rule Cache
2026-10-01T10:09:43.156+05:30  INFO 10832 --- [fraud-engine-service] [scheduling-1] c.s.f.f.cache.ActiveBlacklistCache       : Active blacklist cache refreshed entryCount=8
2026-10-01T10:09:43.523+05:30  INFO 10832 --- [fraud-engine-service] [scheduling-1] c.s.f.f.client.RuleCacheClient           : Fetching active rules from Rule Cache
2026-10-01T10:09:43.538+05:30  INFO 10832 --- [fraud-engine-service] [scheduling-1] c.s.f.f.client.RuleCacheClient           : Fetched 13 active rules from Rule Cache
2026-10-01T10:09:43.538+05:30  INFO 10832 --- [fraud-engine-service] [scheduling-1] c.s.f.fraudengine.cache.ActiveRuleCache  : Active rule cache refreshed ruleCount=13
2026-10-01T10:09:48.240+05:30  INFO 10832 --- [fraud-engine-service] [scheduling-1] c.s.f.f.client.BlacklistCacheClient      : Fetching active blacklist from Rule Cache
2026-10-01T10:09:48.403+05:30  INFO 10832 --- [fraud-engine-service] [scheduling-1] c.s.f.f.client.BlacklistCacheClient      : Fetched 8 active blacklist entries from Rule Cache
2026-10-01T10:09:48.403+05:30  INFO 10832 --- [fraud-engine-service] [scheduling-1] c.s.f.f.cache.ActiveBlacklistCache       : Active blacklist cache refreshed entryCount=8
2026-10-01T10:09:48.571+05:30  INFO 10832 --- [fraud-engine-service] [scheduling-1] c.s.f.f.client.RuleCacheClient           : Fetching active rules from Rule Cache
2026-10-01T10:09:48.631+05:30  INFO 10832 --- [fraud-engine-service] [scheduling-1] c.s.f.f.client.RuleCacheClient           : Fetched 13 active rules from Rule Cache
2026-10-01T10:09:48.631+05:30  INFO 10832 --- [fraud-engine-service] [scheduling-1] c.s.f.fraudengine.cache.ActiveRuleCache  : Active rule cache refreshed ruleCount=13
2026-10-01T10:09:53.411+05:30  INFO 10832 --- [fraud-engine-service] [scheduling-1] c.s.f.f.client.BlacklistCacheClient      : Fetching active blacklist from Rule Cache
2026-10-01T10:09:53.430+05:30  INFO 10832 --- [fraud-engine-service] [scheduling-1] c.s.f.f.client.BlacklistCacheClient      : Fetched 8 active blacklist entries from Rule Cache
2026-10-01T10:09:53.430+05:30  INFO 10832 --- [fraud-engine-service] [scheduling-1] c.s.f.f.cache.ActiveBlacklistCache       : Active blacklist cache refreshed entryCount=8
2026-10-01T10:09:53.676+05:30  INFO 10832 --- [fraud-engine-service] [scheduling-1] c.s.f.f.client.RuleCacheClient           : Fetching active rules from Rule Cache
2026-10-01T10:09:53.686+05:30  INFO 10832 --- [fraud-engine-service] [scheduling-1] c.s.f.f.client.RuleCacheClient           : Fetched 13 active rules from Rule Cache
2026-10-01T10:09:53.693+05:30  INFO 10832 --- [fraud-engine-service] [scheduling-1] c.s.f.fraudengine.cache.ActiveRuleCache  : Active rule cache refreshed ruleCount=13
2026-10-01T10:09:58.446+05:30  INFO 10832 --- [fraud-engine-service] [scheduling-1] c.s.f.f.client.BlacklistCacheClient      : Fetching active blacklist from Rule Cache
2026-10-01T10:09:58.467+05:30  INFO 10832 --- [fraud-engine-service] [scheduling-1] c.s.f.f.client.BlacklistCacheClient      : Fetched 8 active blacklist entries from Rule Cache
2026-10-01T10:09:58.469+05:30  INFO 10832 --- [fraud-engine-service] [scheduling-1] c.s.f.f.cache.ActiveBlacklistCache       : Active blacklist cache refreshed entryCount=8
2026-10-01T10:09:58.705+05:30  INFO 10832 --- [fraud-engine-service] [scheduling-1] c.s.f.f.client.RuleCacheClient           : Fetching active rules from Rule Cache
2026-10-01T10:09:58.722+05:30  INFO 10832 --- [fraud-engine-service] [scheduling-1] c.s.f.f.client.RuleCacheClient           : Fetched 13 active rules from Rule Cache
2026-10-01T10:09:58.722+05:30  INFO 10832 --- [fraud-engine-service] [scheduling-1] c.s.f.fraudengine.cache.ActiveRuleCache  : Active rule cache refreshed ruleCount=13
2026-10-01T10:10:03.478+05:30  INFO 10832 --- [fraud-engine-service] [scheduling-1] c.s.f.f.client.BlacklistCacheClient      : Fetching active blacklist from Rule Cache
2026-10-01T10:10:03.651+05:30  INFO 10832 --- [fraud-engine-service] [scheduling-1] c.s.f.f.client.BlacklistCacheClient      : Fetched 8 active blacklist entries from Rule Cache
2026-10-01T10:10:03.651+05:30  INFO 10832 --- [fraud-engine-service] [scheduling-1] c.s.f.f.cache.ActiveBlacklistCache       : Active blacklist cache refreshed entryCount=8
2026-10-01T10:10:03.764+05:30  INFO 10832 --- [fraud-engine-service] [scheduling-1] c.s.f.f.client.RuleCacheClient           : Fetching active rules from Rule Cache
2026-10-01T10:10:03.919+05:30  INFO 10832 --- [fraud-engine-service] [scheduling-1] c.s.f.f.client.RuleCacheClient           : Fetched 13 active rules from Rule Cache
2026-10-01T10:10:03.919+05:30  INFO 10832 --- [fraud-engine-service] [scheduling-1] c.s.f.fraudengine.cache.ActiveRuleCache  : Active rule cache refreshed ruleCount=13
2026-10-01T10:10:08.656+05:30  INFO 10832 --- [fraud-engine-service] [scheduling-1] c.s.f.f.client.BlacklistCacheClient      : Fetching active blacklist from Rule Cache
2026-10-01T10:10:08.677+05:30  INFO 10832 --- [fraud-engine-service] [scheduling-1] c.s.f.f.client.BlacklistCacheClient      : Fetched 8 active blacklist entries from Rule Cache
2026-10-01T10:10:08.677+05:30  INFO 10832 --- [fraud-engine-service] [scheduling-1] c.s.f.f.cache.ActiveBlacklistCache       : Active blacklist cache refreshed entryCount=8
2026-10-01T10:10:08.931+05:30  INFO 10832 --- [fraud-engine-service] [scheduling-1] c.s.f.f.client.RuleCacheClient           : Fetching active rules from Rule Cache
2026-10-01T10:10:08.947+05:30  INFO 10832 --- [fraud-engine-service] [scheduling-1] c.s.f.f.client.RuleCacheClient           : Fetched 13 active rules from Rule Cache
2026-10-01T10:10:08.947+05:30  INFO 10832 --- [fraud-engine-service] [scheduling-1] c.s.f.fraudengine.cache.ActiveRuleCache  : Active rule cache refreshed ruleCount=13
2026-10-01T10:10:13.686+05:30  INFO 10832 --- [fraud-engine-service] [scheduling-1] c.s.f.f.client.BlacklistCacheClient      : Fetching active blacklist from Rule Cache
2026-10-01T10:10:13.699+05:30  INFO 10832 --- [fraud-engine-service] [scheduling-1] c.s.f.f.client.BlacklistCacheClient      : Fetched 8 active blacklist entries from Rule Cache
2026-10-01T10:10:13.699+05:30  INFO 10832 --- [fraud-engine-service] [scheduling-1] c.s.f.f.cache.ActiveBlacklistCache       : Active blacklist cache refreshed entryCount=8
2026-10-01T10:10:13.958+05:30  INFO 10832 --- [fraud-engine-service] [scheduling-1] c.s.f.f.client.RuleCacheClient           : Fetching active rules from Rule Cache
2026-10-01T10:10:13.971+05:30  INFO 10832 --- [fraud-engine-service] [scheduling-1] c.s.f.f.client.RuleCacheClient           : Fetched 13 active rules from Rule Cache
2026-10-01T10:10:13.971+05:30  INFO 10832 --- [fraud-engine-service] [scheduling-1] c.s.f.fraudengine.cache.ActiveRuleCache  : Active rule cache refreshed ruleCount=13
2026-10-01T10:10:18.704+05:30  INFO 10832 --- [fraud-engine-service] [scheduling-1] c.s.f.f.client.BlacklistCacheClient      : Fetching active blacklist from Rule Cache
2026-10-01T10:10:18.742+05:30  INFO 10832 --- [fraud-engine-service] [scheduling-1] c.s.f.f.client.BlacklistCacheClient      : Fetched 8 active blacklist entries from Rule Cache
2026-10-01T10:10:18.742+05:30  INFO 10832 --- [fraud-engine-service] [scheduling-1] c.s.f.f.cache.ActiveBlacklistCache       : Active blacklist cache refreshed entryCount=8
2026-10-01T10:10:18.980+05:30  INFO 10832 --- [fraud-engine-service] [scheduling-1] c.s.f.f.client.RuleCacheClient           : Fetching active rules from Rule Cache
2026-10-01T10:10:19.115+05:30  INFO 10832 --- [fraud-engine-service] [scheduling-1] c.s.f.f.client.RuleCacheClient           : Fetched 13 active rules from Rule Cache
2026-10-01T10:10:19.115+05:30  INFO 10832 --- [fraud-engine-service] [scheduling-1] c.s.f.fraudengine.cache.ActiveRuleCache  : Active rule cache refreshed ruleCount=13
2026-10-01T10:10:23.754+05:30  INFO 10832 --- [fraud-engine-service] [scheduling-1] c.s.f.f.client.BlacklistCacheClient      : Fetching active blacklist from Rule Cache
2026-10-01T10:10:23.762+05:30  INFO 10832 --- [fraud-engine-service] [scheduling-1] c.s.f.f.client.BlacklistCacheClient      : Fetched 8 active blacklist entries from Rule Cache
2026-10-01T10:10:23.762+05:30  INFO 10832 --- [fraud-engine-service] [scheduling-1] c.s.f.f.cache.ActiveBlacklistCache       : Active blacklist cache refreshed entryCount=8
2026-10-01T10:10:24.120+05:30  INFO 10832 --- [fraud-engine-service] [scheduling-1] c.s.f.f.client.RuleCacheClient           : Fetching active rules from Rule Cache
2026-10-01T10:10:24.137+05:30  INFO 10832 --- [fraud-engine-service] [scheduling-1] c.s.f.f.client.RuleCacheClient           : Fetched 13 active rules from Rule Cache
2026-10-01T10:10:24.138+05:30  INFO 10832 --- [fraud-engine-service] [scheduling-1] c.s.f.fraudengine.cache.ActiveRuleCache  : Active rule cache refreshed ruleCount=13
2026-10-01T10:10:28.775+05:30  INFO 10832 --- [fraud-engine-service] [scheduling-1] c.s.f.f.client.BlacklistCacheClient      : Fetching active blacklist from Rule Cache
2026-10-01T10:10:28.786+05:30  INFO 10832 --- [fraud-engine-service] [scheduling-1] c.s.f.f.client.BlacklistCacheClient      : Fetched 8 active blacklist entries from Rule Cache
2026-10-01T10:10:28.788+05:30  INFO 10832 --- [fraud-engine-service] [scheduling-1] c.s.f.f.cache.ActiveBlacklistCache       : Active blacklist cache refreshed entryCount=8
2026-10-01T10:10:29.145+05:30  INFO 10832 --- [fraud-engine-service] [scheduling-1] c.s.f.f.client.RuleCacheClient           : Fetching active rules from Rule Cache
2026-10-01T10:10:29.156+05:30  INFO 10832 --- [fraud-engine-service] [scheduling-1] c.s.f.f.client.RuleCacheClient           : Fetched 13 active rules from Rule Cache
2026-10-01T10:10:29.157+05:30  INFO 10832 --- [fraud-engine-service] [scheduling-1] c.s.f.fraudengine.cache.ActiveRuleCache  : Active rule cache refreshed ruleCount=13
2026-10-01T10:10:33.795+05:30  INFO 10832 --- [fraud-engine-service] [scheduling-1] c.s.f.f.client.BlacklistCacheClient      : Fetching active blacklist from Rule Cache
2026-10-01T10:10:33.838+05:30  INFO 10832 --- [fraud-engine-service] [scheduling-1] c.s.f.f.client.BlacklistCacheClient      : Fetched 8 active blacklist entries from Rule Cache
2026-10-01T10:10:33.838+05:30  INFO 10832 --- [fraud-engine-service] [scheduling-1] c.s.f.f.cache.ActiveBlacklistCache       : Active blacklist cache refreshed entryCount=8
2026-10-01T10:10:34.161+05:30  INFO 10832 --- [fraud-engine-service] [scheduling-1] c.s.f.f.client.RuleCacheClient           : Fetching active rules from Rule Cache
2026-10-01T10:10:34.200+05:30  INFO 10832 --- [fraud-engine-service] [scheduling-1] c.s.f.f.client.RuleCacheClient           : Fetched 13 active rules from Rule Cache
2026-10-01T10:10:34.200+05:30  INFO 10832 --- [fraud-engine-service] [scheduling-1] c.s.f.fraudengine.cache.ActiveRuleCache  : Active rule cache refreshed ruleCount=13
2026-10-01T10:10:38.841+05:30  INFO 10832 --- [fraud-engine-service] [scheduling-1] c.s.f.f.client.BlacklistCacheClient      : Fetching active blacklist from Rule Cache
2026-10-01T10:10:38.897+05:30  INFO 10832 --- [fraud-engine-service] [scheduling-1] c.s.f.f.client.BlacklistCacheClient      : Fetched 8 active blacklist entries from Rule Cache
2026-10-01T10:10:38.898+05:30  INFO 10832 --- [fraud-engine-service] [scheduling-1] c.s.f.f.cache.ActiveBlacklistCache       : Active blacklist cache refreshed entryCount=8
2026-10-01T10:10:39.213+05:30  INFO 10832 --- [fraud-engine-service] [scheduling-1] c.s.f.f.client.RuleCacheClient           : Fetching active rules from Rule Cache
2026-10-01T10:10:39.221+05:30  INFO 10832 --- [fraud-engine-service] [scheduling-1] c.s.f.f.client.RuleCacheClient           : Fetched 13 active rules from Rule Cache
2026-10-01T10:10:39.221+05:30  INFO 10832 --- [fraud-engine-service] [scheduling-1] c.s.f.fraudengine.cache.ActiveRuleCache  : Active rule cache refreshed ruleCount=13
2026-10-01T10:10:43.909+05:30  INFO 10832 --- [fraud-engine-service] [scheduling-1] c.s.f.f.client.BlacklistCacheClient      : Fetching active blacklist from Rule Cache
2026-10-01T10:10:43.917+05:30  INFO 10832 --- [fraud-engine-service] [scheduling-1] c.s.f.f.client.BlacklistCacheClient      : Fetched 8 active blacklist entries from Rule Cache
2026-10-01T10:10:43.917+05:30  INFO 10832 --- [fraud-engine-service] [scheduling-1] c.s.f.f.cache.ActiveBlacklistCache       : Active blacklist cache refreshed entryCount=8
2026-10-01T10:10:44.229+05:30  INFO 10832 --- [fraud-engine-service] [scheduling-1] c.s.f.f.client.RuleCacheClient           : Fetching active rules from Rule Cache
2026-10-01T10:10:44.239+05:30  INFO 10832 --- [fraud-engine-service] [scheduling-1] c.s.f.f.client.RuleCacheClient           : Fetched 13 active rules from Rule Cache
2026-10-01T10:10:44.239+05:30  INFO 10832 --- [fraud-engine-service] [scheduling-1] c.s.f.fraudengine.cache.ActiveRuleCache  : Active rule cache refreshed ruleCount=13
2026-10-01T10:10:48.924+05:30  INFO 10832 --- [fraud-engine-service] [scheduling-1] c.s.f.f.client.BlacklistCacheClient      : Fetching active blacklist from Rule Cache
2026-10-01T10:10:48.931+05:30  INFO 10832 --- [fraud-engine-service] [scheduling-1] c.s.f.f.client.BlacklistCacheClient      : Fetched 8 active blacklist entries from Rule Cache
2026-10-01T10:10:48.931+05:30  INFO 10832 --- [fraud-engine-service] [scheduling-1] c.s.f.f.cache.ActiveBlacklistCache       : Active blacklist cache refreshed entryCount=8
2026-10-01T10:10:49.246+05:30  INFO 10832 --- [fraud-engine-service] [scheduling-1] c.s.f.f.client.RuleCacheClient           : Fetching active rules from Rule Cache
2026-10-01T10:10:49.255+05:30  INFO 10832 --- [fraud-engine-service] [scheduling-1] c.s.f.f.client.RuleCacheClient           : Fetched 13 active rules from Rule Cache
2026-10-01T10:10:49.255+05:30  INFO 10832 --- [fraud-engine-service] [scheduling-1] c.s.f.fraudengine.cache.ActiveRuleCache  : Active rule cache refreshed ruleCount=13
2026-10-01T10:10:53.940+05:30  INFO 10832 --- [fraud-engine-service] [scheduling-1] c.s.f.f.client.BlacklistCacheClient      : Fetching active blacklist from Rule Cache
2026-10-01T10:10:53.948+05:30  INFO 10832 --- [fraud-engine-service] [scheduling-1] c.s.f.f.client.BlacklistCacheClient      : Fetched 8 active blacklist entries from Rule Cache
2026-10-01T10:10:53.948+05:30  INFO 10832 --- [fraud-engine-service] [scheduling-1] c.s.f.f.cache.ActiveBlacklistCache       : Active blacklist cache refreshed entryCount=8
2026-10-01T10:10:54.262+05:30  INFO 10832 --- [fraud-engine-service] [scheduling-1] c.s.f.f.client.RuleCacheClient           : Fetching active rules from Rule Cache
2026-10-01T10:10:54.273+05:30  INFO 10832 --- [fraud-engine-service] [scheduling-1] c.s.f.f.client.RuleCacheClient           : Fetched 13 active rules from Rule Cache
2026-10-01T10:10:54.274+05:30  INFO 10832 --- [fraud-engine-service] [scheduling-1] c.s.f.fraudengine.cache.ActiveRuleCache  : Active rule cache refreshed ruleCount=13
2026-10-01T10:10:58.966+05:30  INFO 10832 --- [fraud-engine-service] [scheduling-1] c.s.f.f.client.BlacklistCacheClient      : Fetching active blacklist from Rule Cache
2026-10-01T10:10:58.974+05:30  INFO 10832 --- [fraud-engine-service] [scheduling-1] c.s.f.f.client.BlacklistCacheClient      : Fetched 8 active blacklist entries from Rule Cache
2026-10-01T10:10:58.974+05:30  INFO 10832 --- [fraud-engine-service] [scheduling-1] c.s.f.f.cache.ActiveBlacklistCache       : Active blacklist cache refreshed entryCount=8
2026-10-01T10:10:59.286+05:30  INFO 10832 --- [fraud-engine-service] [scheduling-1] c.s.f.f.client.RuleCacheClient           : Fetching active rules from Rule Cache
2026-10-01T10:10:59.294+05:30  INFO 10832 --- [fraud-engine-service] [scheduling-1] c.s.f.f.client.RuleCacheClient           : Fetched 13 active rules from Rule Cache
2026-10-01T10:10:59.294+05:30  INFO 10832 --- [fraud-engine-service] [scheduling-1] c.s.f.fraudengine.cache.ActiveRuleCache  : Active rule cache refreshed ruleCount=13
2026-10-01T10:11:03.991+05:30  INFO 10832 --- [fraud-engine-service] [scheduling-1] c.s.f.f.client.BlacklistCacheClient      : Fetching active blacklist from Rule Cache
2026-10-01T10:11:04.018+05:30  INFO 10832 --- [fraud-engine-service] [scheduling-1] c.s.f.f.client.BlacklistCacheClient      : Fetched 8 active blacklist entries from Rule Cache
2026-10-01T10:11:04.018+05:30  INFO 10832 --- [fraud-engine-service] [scheduling-1] c.s.f.f.cache.ActiveBlacklistCache       : Active blacklist cache refreshed entryCount=8
2026-10-01T10:11:04.302+05:30  INFO 10832 --- [fraud-engine-service] [scheduling-1] c.s.f.f.client.RuleCacheClient           : Fetching active rules from Rule Cache
2026-10-01T10:11:04.325+05:30  INFO 10832 --- [fraud-engine-service] [scheduling-1] c.s.f.f.client.RuleCacheClient           : Fetched 13 active rules from Rule Cache
2026-10-01T10:11:04.325+05:30  INFO 10832 --- [fraud-engine-service] [scheduling-1] c.s.f.fraudengine.cache.ActiveRuleCache  : Active rule cache refreshed ruleCount=13
2026-10-01T10:11:09.029+05:30  INFO 10832 --- [fraud-engine-service] [scheduling-1] c.s.f.f.client.BlacklistCacheClient      : Fetching active blacklist from Rule Cache
2026-10-01T10:11:09.042+05:30  INFO 10832 --- [fraud-engine-service] [scheduling-1] c.s.f.f.client.BlacklistCacheClient      : Fetched 8 active blacklist entries from Rule Cache
2026-10-01T10:11:09.042+05:30  INFO 10832 --- [fraud-engine-service] [scheduling-1] c.s.f.f.cache.ActiveBlacklistCache       : Active blacklist cache refreshed entryCount=8
2026-10-01T10:11:09.332+05:30  INFO 10832 --- [fraud-engine-service] [scheduling-1] c.s.f.f.client.RuleCacheClient           : Fetching active rules from Rule Cache
2026-10-01T10:11:09.342+05:30  INFO 10832 --- [fraud-engine-service] [scheduling-1] c.s.f.f.client.RuleCacheClient           : Fetched 13 active rules from Rule Cache
2026-10-01T10:11:09.342+05:30  INFO 10832 --- [fraud-engine-service] [scheduling-1] c.s.f.fraudengine.cache.ActiveRuleCache  : Active rule cache refreshed ruleCount=13
2026-10-01T10:11:14.044+05:30  INFO 10832 --- [fraud-engine-service] [scheduling-1] c.s.f.f.client.BlacklistCacheClient      : Fetching active blacklist from Rule Cache
2026-10-01T10:11:14.051+05:30  INFO 10832 --- [fraud-engine-service] [scheduling-1] c.s.f.f.client.BlacklistCacheClient      : Fetched 8 active blacklist entries from Rule Cache
2026-10-01T10:11:14.051+05:30  INFO 10832 --- [fraud-engine-service] [scheduling-1] c.s.f.f.cache.ActiveBlacklistCache       : Active blacklist cache refreshed entryCount=8
2026-10-01T10:11:14.349+05:30  INFO 10832 --- [fraud-engine-service] [scheduling-1] c.s.f.f.client.RuleCacheClient           : Fetching active rules from Rule Cache
2026-10-01T10:11:14.359+05:30  INFO 10832 --- [fraud-engine-service] [scheduling-1] c.s.f.f.client.RuleCacheClient           : Fetched 13 active rules from Rule Cache
2026-10-01T10:11:14.360+05:30  INFO 10832 --- [fraud-engine-service] [scheduling-1] c.s.f.fraudengine.cache.ActiveRuleCache  : Active rule cache refreshed ruleCount=13
2026-10-01T10:11:19.063+05:30  INFO 10832 --- [fraud-engine-service] [scheduling-1] c.s.f.f.client.BlacklistCacheClient      : Fetching active blacklist from Rule Cache
2026-10-01T10:11:19.139+05:30  INFO 10832 --- [fraud-engine-service] [scheduling-1] c.s.f.f.client.BlacklistCacheClient      : Fetched 8 active blacklist entries from Rule Cache
2026-10-01T10:11:19.152+05:30  INFO 10832 --- [fraud-engine-service] [scheduling-1] c.s.f.f.cache.ActiveBlacklistCache       : Active blacklist cache refreshed entryCount=8
2026-10-01T10:11:19.401+05:30  INFO 10832 --- [fraud-engine-service] [scheduling-1] c.s.f.f.client.RuleCacheClient           : Fetching active rules from Rule Cache
2026-10-01T10:11:19.547+05:30  INFO 10832 --- [fraud-engine-service] [scheduling-1] c.s.f.f.client.RuleCacheClient           : Fetched 13 active rules from Rule Cache
2026-10-01T10:11:19.547+05:30  INFO 10832 --- [fraud-engine-service] [scheduling-1] c.s.f.fraudengine.cache.ActiveRuleCache  : Active rule cache refreshed ruleCount=13
2026-10-01T10:11:24.164+05:30  INFO 10832 --- [fraud-engine-service] [scheduling-1] c.s.f.f.client.BlacklistCacheClient      : Fetching active blacklist from Rule Cache
2026-10-01T10:11:24.173+05:30  INFO 10832 --- [fraud-engine-service] [scheduling-1] c.s.f.f.client.BlacklistCacheClient      : Fetched 8 active blacklist entries from Rule Cache
2026-10-01T10:11:24.173+05:30  INFO 10832 --- [fraud-engine-service] [scheduling-1] c.s.f.f.cache.ActiveBlacklistCache       : Active blacklist cache refreshed entryCount=8
2026-10-01T10:11:24.549+05:30  INFO 10832 --- [fraud-engine-service] [scheduling-1] c.s.f.f.client.RuleCacheClient           : Fetching active rules from Rule Cache
2026-10-01T10:11:24.555+05:30  INFO 10832 --- [fraud-engine-service] [scheduling-1] c.s.f.f.client.RuleCacheClient           : Fetched 13 active rules from Rule Cache
2026-10-01T10:11:24.555+05:30  INFO 10832 --- [fraud-engine-service] [scheduling-1] c.s.f.fraudengine.cache.ActiveRuleCache  : Active rule cache refreshed ruleCount=13
2026-10-01T10:13:18.754+05:30  INFO 10832 --- [fraud-engine-service] [scheduling-1] c.s.f.f.client.BlacklistCacheClient      : Fetching active blacklist from Rule Cache
2026-10-01T10:13:19.464+05:30  INFO 10832 --- [fraud-engine-service] [scheduling-1] c.s.f.f.client.BlacklistCacheClient      : Fetched 8 active blacklist entries from Rule Cache
2026-10-01T10:13:19.464+05:30  INFO 10832 --- [fraud-engine-service] [scheduling-1] c.s.f.f.cache.ActiveBlacklistCache       : Active blacklist cache refreshed entryCount=8
2026-10-01T10:13:19.464+05:30  INFO 10832 --- [fraud-engine-service] [scheduling-1] c.s.f.f.client.RuleCacheClient           : Fetching active rules from Rule Cache
2026-10-01T10:13:19.746+05:30  INFO 10832 --- [fraud-engine-service] [scheduling-1] c.s.f.f.client.RuleCacheClient           : Fetched 13 active rules from Rule Cache
2026-10-01T10:13:19.746+05:30  INFO 10832 --- [fraud-engine-service] [scheduling-1] c.s.f.fraudengine.cache.ActiveRuleCache  : Active rule cache refreshed ruleCount=13
2026-10-01T10:13:24.466+05:30  INFO 10832 --- [fraud-engine-service] [scheduling-1] c.s.f.f.client.BlacklistCacheClient      : Fetching active blacklist from Rule Cache
2026-10-01T10:13:24.524+05:30  INFO 10832 --- [fraud-engine-service] [scheduling-1] c.s.f.f.client.BlacklistCacheClient      : Fetched 8 active blacklist entries from Rule Cache
2026-10-01T10:13:24.524+05:30  INFO 10832 --- [fraud-engine-service] [scheduling-1] c.s.f.f.cache.ActiveBlacklistCache       : Active blacklist cache refreshed entryCount=8
2026-10-01T10:13:24.769+05:30  INFO 10832 --- [fraud-engine-service] [scheduling-1] c.s.f.f.client.RuleCacheClient           : Fetching active rules from Rule Cache
2026-10-01T10:13:24.843+05:30  INFO 10832 --- [fraud-engine-service] [scheduling-1] c.s.f.f.client.RuleCacheClient           : Fetched 13 active rules from Rule Cache
2026-10-01T10:13:24.843+05:30  INFO 10832 --- [fraud-engine-service] [scheduling-1] c.s.f.fraudengine.cache.ActiveRuleCache  : Active rule cache refreshed ruleCount=13
2026-10-01T10:13:29.535+05:30  INFO 10832 --- [fraud-engine-service] [scheduling-1] c.s.f.f.client.BlacklistCacheClient      : Fetching active blacklist from Rule Cache
2026-10-01T10:13:29.642+05:30  INFO 10832 --- [fraud-engine-service] [scheduling-1] c.s.f.f.client.BlacklistCacheClient      : Fetched 8 active blacklist entries from Rule Cache
2026-10-01T10:13:29.642+05:30  INFO 10832 --- [fraud-engine-service] [scheduling-1] c.s.f.f.cache.ActiveBlacklistCache       : Active blacklist cache refreshed entryCount=8
2026-10-01T10:13:29.859+05:30  INFO 10832 --- [fraud-engine-service] [scheduling-1] c.s.f.f.client.RuleCacheClient           : Fetching active rules from Rule Cache
2026-10-01T10:13:29.925+05:30  INFO 10832 --- [fraud-engine-service] [scheduling-1] c.s.f.f.client.RuleCacheClient           : Fetched 13 active rules from Rule Cache
2026-10-01T10:13:29.925+05:30  INFO 10832 --- [fraud-engine-service] [scheduling-1] c.s.f.fraudengine.cache.ActiveRuleCache  : Active rule cache refreshed ruleCount=13
2026-10-01T10:13:34.655+05:30  INFO 10832 --- [fraud-engine-service] [scheduling-1] c.s.f.f.client.BlacklistCacheClient      : Fetching active blacklist from Rule Cache
2026-10-01T10:13:34.663+05:30  INFO 10832 --- [fraud-engine-service] [scheduling-1] c.s.f.f.client.BlacklistCacheClient      : Fetched 8 active blacklist entries from Rule Cache
2026-10-01T10:13:34.663+05:30  INFO 10832 --- [fraud-engine-service] [scheduling-1] c.s.f.f.cache.ActiveBlacklistCache       : Active blacklist cache refreshed entryCount=8
2026-10-01T10:13:34.941+05:30  INFO 10832 --- [fraud-engine-service] [scheduling-1] c.s.f.f.client.RuleCacheClient           : Fetching active rules from Rule Cache
2026-10-01T10:13:34.950+05:30  INFO 10832 --- [fraud-engine-service] [scheduling-1] c.s.f.f.client.RuleCacheClient           : Fetched 13 active rules from Rule Cache
2026-10-01T10:13:34.950+05:30  INFO 10832 --- [fraud-engine-service] [scheduling-1] c.s.f.fraudengine.cache.ActiveRuleCache  : Active rule cache refreshed ruleCount=13
2026-10-01T10:13:39.674+05:30  INFO 10832 --- [fraud-engine-service] [scheduling-1] c.s.f.f.client.BlacklistCacheClient      : Fetching active blacklist from Rule Cache
2026-10-01T10:13:39.684+05:30  INFO 10832 --- [fraud-engine-service] [scheduling-1] c.s.f.f.client.BlacklistCacheClient      : Fetched 8 active blacklist entries from Rule Cache
2026-10-01T10:13:39.684+05:30  INFO 10832 --- [fraud-engine-service] [scheduling-1] c.s.f.f.cache.ActiveBlacklistCache       : Active blacklist cache refreshed entryCount=8
2026-10-01T10:13:39.961+05:30  INFO 10832 --- [fraud-engine-service] [scheduling-1] c.s.f.f.client.RuleCacheClient           : Fetching active rules from Rule Cache
2026-10-01T10:13:39.972+05:30  INFO 10832 --- [fraud-engine-service] [scheduling-1] c.s.f.f.client.RuleCacheClient           : Fetched 13 active rules from Rule Cache
2026-10-01T10:13:39.972+05:30  INFO 10832 --- [fraud-engine-service] [scheduling-1] c.s.f.fraudengine.cache.ActiveRuleCache  : Active rule cache refreshed ruleCount=13
2026-10-01T10:13:44.686+05:30  INFO 10832 --- [fraud-engine-service] [scheduling-1] c.s.f.f.client.BlacklistCacheClient      : Fetching active blacklist from Rule Cache
2026-10-01T10:13:44.694+05:30  INFO 10832 --- [fraud-engine-service] [scheduling-1] c.s.f.f.client.BlacklistCacheClient      : Fetched 8 active blacklist entries from Rule Cache
2026-10-01T10:13:44.696+05:30  INFO 10832 --- [fraud-engine-service] [scheduling-1] c.s.f.f.cache.ActiveBlacklistCache       : Active blacklist cache refreshed entryCount=8
2026-10-01T10:13:44.988+05:30  INFO 10832 --- [fraud-engine-service] [scheduling-1] c.s.f.f.client.RuleCacheClient           : Fetching active rules from Rule Cache
2026-10-01T10:13:44.988+05:30  INFO 10832 --- [fraud-engine-service] [scheduling-1] c.s.f.f.client.RuleCacheClient           : Fetched 13 active rules from Rule Cache
2026-10-01T10:13:44.988+05:30  INFO 10832 --- [fraud-engine-service] [scheduling-1] c.s.f.fraudengine.cache.ActiveRuleCache  : Active rule cache refreshed ruleCount=13
2026-10-01T10:13:49.705+05:30  INFO 10832 --- [fraud-engine-service] [scheduling-1] c.s.f.f.client.BlacklistCacheClient      : Fetching active blacklist from Rule Cache
2026-10-01T10:13:49.715+05:30  INFO 10832 --- [fraud-engine-service] [scheduling-1] c.s.f.f.client.BlacklistCacheClient      : Fetched 8 active blacklist entries from Rule Cache
2026-10-01T10:13:49.715+05:30  INFO 10832 --- [fraud-engine-service] [scheduling-1] c.s.f.f.cache.ActiveBlacklistCache       : Active blacklist cache refreshed entryCount=8
2026-10-01T10:13:50.011+05:30  INFO 10832 --- [fraud-engine-service] [scheduling-1] c.s.f.f.client.RuleCacheClient           : Fetching active rules from Rule Cache
2026-10-01T10:13:50.021+05:30  INFO 10832 --- [fraud-engine-service] [scheduling-1] c.s.f.f.client.RuleCacheClient           : Fetched 13 active rules from Rule Cache
2026-10-01T10:13:50.021+05:30  INFO 10832 --- [fraud-engine-service] [scheduling-1] c.s.f.fraudengine.cache.ActiveRuleCache  : Active rule cache refreshed ruleCount=13
2026-10-01T10:13:54.723+05:30  INFO 10832 --- [fraud-engine-service] [scheduling-1] c.s.f.f.client.BlacklistCacheClient      : Fetching active blacklist from Rule Cache
2026-10-01T10:13:54.731+05:30  INFO 10832 --- [fraud-engine-service] [scheduling-1] c.s.f.f.client.BlacklistCacheClient      : Fetched 8 active blacklist entries from Rule Cache
2026-10-01T10:13:54.731+05:30  INFO 10832 --- [fraud-engine-service] [scheduling-1] c.s.f.f.cache.ActiveBlacklistCache       : Active blacklist cache refreshed entryCount=8
2026-10-01T10:13:55.029+05:30  INFO 10832 --- [fraud-engine-service] [scheduling-1] c.s.f.f.client.RuleCacheClient           : Fetching active rules from Rule Cache
2026-10-01T10:13:55.037+05:30  INFO 10832 --- [fraud-engine-service] [scheduling-1] c.s.f.f.client.RuleCacheClient           : Fetched 13 active rules from Rule Cache
2026-10-01T10:13:55.037+05:30  INFO 10832 --- [fraud-engine-service] [scheduling-1] c.s.f.fraudengine.cache.ActiveRuleCache  : Active rule cache refreshed ruleCount=13
2026-10-01T10:13:59.744+05:30  INFO 10832 --- [fraud-engine-service] [scheduling-1] c.s.f.f.client.BlacklistCacheClient      : Fetching active blacklist from Rule Cache
2026-10-01T10:13:59.755+05:30  INFO 10832 --- [fraud-engine-service] [scheduling-1] c.s.f.f.client.BlacklistCacheClient      : Fetched 8 active blacklist entries from Rule Cache
2026-10-01T10:13:59.755+05:30  INFO 10832 --- [fraud-engine-service] [scheduling-1] c.s.f.f.cache.ActiveBlacklistCache       : Active blacklist cache refreshed entryCount=8
2026-10-01T10:14:00.048+05:30  INFO 10832 --- [fraud-engine-service] [scheduling-1] c.s.f.f.client.RuleCacheClient           : Fetching active rules from Rule Cache
2026-10-01T10:14:00.058+05:30  INFO 10832 --- [fraud-engine-service] [scheduling-1] c.s.f.f.client.RuleCacheClient           : Fetched 13 active rules from Rule Cache
2026-10-01T10:14:00.058+05:30  INFO 10832 --- [fraud-engine-service] [scheduling-1] c.s.f.fraudengine.cache.ActiveRuleCache  : Active rule cache refreshed ruleCount=13
2026-10-01T10:14:04.764+05:30  INFO 10832 --- [fraud-engine-service] [scheduling-1] c.s.f.f.client.BlacklistCacheClient      : Fetching active blacklist from Rule Cache
2026-10-01T10:14:04.772+05:30  INFO 10832 --- [fraud-engine-service] [scheduling-1] c.s.f.f.client.BlacklistCacheClient      : Fetched 8 active blacklist entries from Rule Cache
2026-10-01T10:14:04.772+05:30  INFO 10832 --- [fraud-engine-service] [scheduling-1] c.s.f.f.cache.ActiveBlacklistCache       : Active blacklist cache refreshed entryCount=8
2026-10-01T10:14:05.075+05:30  INFO 10832 --- [fraud-engine-service] [scheduling-1] c.s.f.f.client.RuleCacheClient           : Fetching active rules from Rule Cache
2026-10-01T10:14:05.084+05:30  INFO 10832 --- [fraud-engine-service] [scheduling-1] c.s.f.f.client.RuleCacheClient           : Fetched 13 active rules from Rule Cache
2026-10-01T10:14:05.084+05:30  INFO 10832 --- [fraud-engine-service] [scheduling-1] c.s.f.fraudengine.cache.ActiveRuleCache  : Active rule cache refreshed ruleCount=13
2026-10-01T10:14:09.777+05:30  INFO 10832 --- [fraud-engine-service] [scheduling-1] c.s.f.f.client.BlacklistCacheClient      : Fetching active blacklist from Rule Cache
2026-10-01T10:14:09.786+05:30  INFO 10832 --- [fraud-engine-service] [scheduling-1] c.s.f.f.client.BlacklistCacheClient      : Fetched 8 active blacklist entries from Rule Cache
2026-10-01T10:14:09.786+05:30  INFO 10832 --- [fraud-engine-service] [scheduling-1] c.s.f.f.cache.ActiveBlacklistCache       : Active blacklist cache refreshed entryCount=8
2026-10-01T10:14:10.106+05:30  INFO 10832 --- [fraud-engine-service] [scheduling-1] c.s.f.f.client.RuleCacheClient           : Fetching active rules from Rule Cache
2026-10-01T10:14:10.114+05:30  INFO 10832 --- [fraud-engine-service] [scheduling-1] c.s.f.f.client.RuleCacheClient           : Fetched 13 active rules from Rule Cache
2026-10-01T10:14:10.114+05:30  INFO 10832 --- [fraud-engine-service] [scheduling-1] c.s.f.fraudengine.cache.ActiveRuleCache  : Active rule cache refreshed ruleCount=13
2026-10-01T10:14:14.794+05:30  INFO 10832 --- [fraud-engine-service] [scheduling-1] c.s.f.f.client.BlacklistCacheClient      : Fetching active blacklist from Rule Cache
2026-10-01T10:14:14.802+05:30  INFO 10832 --- [fraud-engine-service] [scheduling-1] c.s.f.f.client.BlacklistCacheClient      : Fetched 8 active blacklist entries from Rule Cache
2026-10-01T10:14:14.802+05:30  INFO 10832 --- [fraud-engine-service] [scheduling-1] c.s.f.f.cache.ActiveBlacklistCache       : Active blacklist cache refreshed entryCount=8
2026-10-01T10:14:15.118+05:30  INFO 10832 --- [fraud-engine-service] [scheduling-1] c.s.f.f.client.RuleCacheClient           : Fetching active rules from Rule Cache
2026-10-01T10:14:15.128+05:30  INFO 10832 --- [fraud-engine-service] [scheduling-1] c.s.f.f.client.RuleCacheClient           : Fetched 13 active rules from Rule Cache
2026-10-01T10:14:15.130+05:30  INFO 10832 --- [fraud-engine-service] [scheduling-1] c.s.f.fraudengine.cache.ActiveRuleCache  : Active rule cache refreshed ruleCount=13
2026-10-01T10:14:19.818+05:30  INFO 10832 --- [fraud-engine-service] [scheduling-1] c.s.f.f.client.BlacklistCacheClient      : Fetching active blacklist from Rule Cache
2026-10-01T10:14:19.826+05:30  INFO 10832 --- [fraud-engine-service] [scheduling-1] c.s.f.f.client.BlacklistCacheClient      : Fetched 8 active blacklist entries from Rule Cache
2026-10-01T10:14:19.826+05:30  INFO 10832 --- [fraud-engine-service] [scheduling-1] c.s.f.f.cache.ActiveBlacklistCache       : Active blacklist cache refreshed entryCount=8
2026-10-01T10:14:20.136+05:30  INFO 10832 --- [fraud-engine-service] [scheduling-1] c.s.f.f.client.RuleCacheClient           : Fetching active rules from Rule Cache
2026-10-01T10:14:20.144+05:30  INFO 10832 --- [fraud-engine-service] [scheduling-1] c.s.f.f.client.RuleCacheClient           : Fetched 13 active rules from Rule Cache
2026-10-01T10:14:20.144+05:30  INFO 10832 --- [fraud-engine-service] [scheduling-1] c.s.f.fraudengine.cache.ActiveRuleCache  : Active rule cache refreshed ruleCount=13
2026-10-01T10:14:24.837+05:30  INFO 10832 --- [fraud-engine-service] [scheduling-1] c.s.f.f.client.BlacklistCacheClient      : Fetching active blacklist from Rule Cache
2026-10-01T10:14:24.847+05:30  INFO 10832 --- [fraud-engine-service] [scheduling-1] c.s.f.f.client.BlacklistCacheClient      : Fetched 8 active blacklist entries from Rule Cache
2026-10-01T10:14:24.847+05:30  INFO 10832 --- [fraud-engine-service] [scheduling-1] c.s.f.f.cache.ActiveBlacklistCache       : Active blacklist cache refreshed entryCount=8
2026-10-01T10:14:25.153+05:30  INFO 10832 --- [fraud-engine-service] [scheduling-1] c.s.f.f.client.RuleCacheClient           : Fetching active rules from Rule Cache
2026-10-01T10:14:25.166+05:30  INFO 10832 --- [fraud-engine-service] [scheduling-1] c.s.f.f.client.RuleCacheClient           : Fetched 13 active rules from Rule Cache
2026-10-01T10:14:25.166+05:30  INFO 10832 --- [fraud-engine-service] [scheduling-1] c.s.f.fraudengine.cache.ActiveRuleCache  : Active rule cache refreshed ruleCount=13
2026-10-01T10:14:29.855+05:30  INFO 10832 --- [fraud-engine-service] [scheduling-1] c.s.f.f.client.BlacklistCacheClient      : Fetching active blacklist from Rule Cache
2026-10-01T10:14:29.863+05:30  INFO 10832 --- [fraud-engine-service] [scheduling-1] c.s.f.f.client.BlacklistCacheClient      : Fetched 8 active blacklist entries from Rule Cache
2026-10-01T10:14:29.863+05:30  INFO 10832 --- [fraud-engine-service] [scheduling-1] c.s.f.f.cache.ActiveBlacklistCache       : Active blacklist cache refreshed entryCount=8
2026-10-01T10:14:30.177+05:30  INFO 10832 --- [fraud-engine-service] [scheduling-1] c.s.f.f.client.RuleCacheClient           : Fetching active rules from Rule Cache
2026-10-01T10:14:30.185+05:30  INFO 10832 --- [fraud-engine-service] [scheduling-1] c.s.f.f.client.RuleCacheClient           : Fetched 13 active rules from Rule Cache
2026-10-01T10:14:30.185+05:30  INFO 10832 --- [fraud-engine-service] [scheduling-1] c.s.f.fraudengine.cache.ActiveRuleCache  : Active rule cache refreshed ruleCount=13
2026-10-01T10:14:34.869+05:30  INFO 10832 --- [fraud-engine-service] [scheduling-1] c.s.f.f.client.BlacklistCacheClient      : Fetching active blacklist from Rule Cache
2026-10-01T10:14:34.877+05:30  INFO 10832 --- [fraud-engine-service] [scheduling-1] c.s.f.f.client.BlacklistCacheClient      : Fetched 8 active blacklist entries from Rule Cache
2026-10-01T10:14:34.877+05:30  INFO 10832 --- [fraud-engine-service] [scheduling-1] c.s.f.f.cache.ActiveBlacklistCache       : Active blacklist cache refreshed entryCount=8
2026-10-01T10:14:35.193+05:30  INFO 10832 --- [fraud-engine-service] [scheduling-1] c.s.f.f.client.RuleCacheClient           : Fetching active rules from Rule Cache
2026-10-01T10:14:35.218+05:30  INFO 10832 --- [fraud-engine-service] [scheduling-1] c.s.f.f.client.RuleCacheClient           : Fetched 13 active rules from Rule Cache
2026-10-01T10:14:35.218+05:30  INFO 10832 --- [fraud-engine-service] [scheduling-1] c.s.f.fraudengine.cache.ActiveRuleCache  : Active rule cache refreshed ruleCount=13
2026-10-01T10:14:39.888+05:30  INFO 10832 --- [fraud-engine-service] [scheduling-1] c.s.f.f.client.BlacklistCacheClient      : Fetching active blacklist from Rule Cache
2026-10-01T10:14:39.899+05:30  INFO 10832 --- [fraud-engine-service] [scheduling-1] c.s.f.f.client.BlacklistCacheClient      : Fetched 8 active blacklist entries from Rule Cache
2026-10-01T10:14:39.899+05:30  INFO 10832 --- [fraud-engine-service] [scheduling-1] c.s.f.f.cache.ActiveBlacklistCache       : Active blacklist cache refreshed entryCount=8
2026-10-01T10:14:40.219+05:30  INFO 10832 --- [fraud-engine-service] [scheduling-1] c.s.f.f.client.RuleCacheClient           : Fetching active rules from Rule Cache
2026-10-01T10:14:40.234+05:30  INFO 10832 --- [fraud-engine-service] [scheduling-1] c.s.f.f.client.RuleCacheClient           : Fetched 13 active rules from Rule Cache
2026-10-01T10:14:40.234+05:30  INFO 10832 --- [fraud-engine-service] [scheduling-1] c.s.f.fraudengine.cache.ActiveRuleCache  : Active rule cache refreshed ruleCount=13
2026-10-01T10:14:44.910+05:30  INFO 10832 --- [fraud-engine-service] [scheduling-1] c.s.f.f.client.BlacklistCacheClient      : Fetching active blacklist from Rule Cache
2026-10-01T10:14:44.919+05:30  INFO 10832 --- [fraud-engine-service] [scheduling-1] c.s.f.f.client.BlacklistCacheClient      : Fetched 8 active blacklist entries from Rule Cache
2026-10-01T10:14:44.919+05:30  INFO 10832 --- [fraud-engine-service] [scheduling-1] c.s.f.f.cache.ActiveBlacklistCache       : Active blacklist cache refreshed entryCount=8
2026-10-01T10:14:45.236+05:30  INFO 10832 --- [fraud-engine-service] [scheduling-1] c.s.f.f.client.RuleCacheClient           : Fetching active rules from Rule Cache
2026-10-01T10:14:45.243+05:30  INFO 10832 --- [fraud-engine-service] [scheduling-1] c.s.f.f.client.RuleCacheClient           : Fetched 13 active rules from Rule Cache
2026-10-01T10:14:45.243+05:30  INFO 10832 --- [fraud-engine-service] [scheduling-1] c.s.f.fraudengine.cache.ActiveRuleCache  : Active rule cache refreshed ruleCount=13
2026-10-01T10:14:49.932+05:30  INFO 10832 --- [fraud-engine-service] [scheduling-1] c.s.f.f.client.BlacklistCacheClient      : Fetching active blacklist from Rule Cache
2026-10-01T10:14:49.948+05:30  INFO 10832 --- [fraud-engine-service] [scheduling-1] c.s.f.f.client.BlacklistCacheClient      : Fetched 8 active blacklist entries from Rule Cache
2026-10-01T10:14:49.948+05:30  INFO 10832 --- [fraud-engine-service] [scheduling-1] c.s.f.f.cache.ActiveBlacklistCache       : Active blacklist cache refreshed entryCount=8
2026-10-01T10:14:50.259+05:30  INFO 10832 --- [fraud-engine-service] [scheduling-1] c.s.f.f.client.RuleCacheClient           : Fetching active rules from Rule Cache
2026-10-01T10:14:50.267+05:30  INFO 10832 --- [fraud-engine-service] [scheduling-1] c.s.f.f.client.RuleCacheClient           : Fetched 13 active rules from Rule Cache
2026-10-01T10:14:50.267+05:30  INFO 10832 --- [fraud-engine-service] [scheduling-1] c.s.f.fraudengine.cache.ActiveRuleCache  : Active rule cache refreshed ruleCount=13
2026-10-01T10:14:54.954+05:30  INFO 10832 --- [fraud-engine-service] [scheduling-1] c.s.f.f.client.BlacklistCacheClient      : Fetching active blacklist from Rule Cache
2026-10-01T10:14:54.962+05:30  INFO 10832 --- [fraud-engine-service] [scheduling-1] c.s.f.f.client.BlacklistCacheClient      : Fetched 8 active blacklist entries from Rule Cache
2026-10-01T10:14:54.962+05:30  INFO 10832 --- [fraud-engine-service] [scheduling-1] c.s.f.f.cache.ActiveBlacklistCache       : Active blacklist cache refreshed entryCount=8
2026-10-01T10:14:55.276+05:30  INFO 10832 --- [fraud-engine-service] [scheduling-1] c.s.f.f.client.RuleCacheClient           : Fetching active rules from Rule Cache
2026-10-01T10:14:55.306+05:30  INFO 10832 --- [fraud-engine-service] [scheduling-1] c.s.f.f.client.RuleCacheClient           : Fetched 13 active rules from Rule Cache
2026-10-01T10:14:55.306+05:30  INFO 10832 --- [fraud-engine-service] [scheduling-1] c.s.f.fraudengine.cache.ActiveRuleCache  : Active rule cache refreshed ruleCount=13
2026-10-01T10:14:59.973+05:30  INFO 10832 --- [fraud-engine-service] [scheduling-1] c.s.f.f.client.BlacklistCacheClient      : Fetching active blacklist from Rule Cache
2026-10-01T10:14:59.982+05:30  INFO 10832 --- [fraud-engine-service] [scheduling-1] c.s.f.f.client.BlacklistCacheClient      : Fetched 8 active blacklist entries from Rule Cache
2026-10-01T10:14:59.982+05:30  INFO 10832 --- [fraud-engine-service] [scheduling-1] c.s.f.f.cache.ActiveBlacklistCache       : Active blacklist cache refreshed entryCount=8
2026-10-01T10:15:00.311+05:30  INFO 10832 --- [fraud-engine-service] [scheduling-1] c.s.f.f.client.RuleCacheClient           : Fetching active rules from Rule Cache
2026-10-01T10:15:00.321+05:30  INFO 10832 --- [fraud-engine-service] [scheduling-1] c.s.f.f.client.RuleCacheClient           : Fetched 13 active rules from Rule Cache
2026-10-01T10:15:00.321+05:30  INFO 10832 --- [fraud-engine-service] [scheduling-1] c.s.f.fraudengine.cache.ActiveRuleCache  : Active rule cache refreshed ruleCount=13
2026-10-01T10:15:04.994+05:30  INFO 10832 --- [fraud-engine-service] [scheduling-1] c.s.f.f.client.BlacklistCacheClient      : Fetching active blacklist from Rule Cache
2026-10-01T10:15:05.003+05:30  INFO 10832 --- [fraud-engine-service] [scheduling-1] c.s.f.f.client.BlacklistCacheClient      : Fetched 8 active blacklist entries from Rule Cache
2026-10-01T10:15:05.003+05:30  INFO 10832 --- [fraud-engine-service] [scheduling-1] c.s.f.f.cache.ActiveBlacklistCache       : Active blacklist cache refreshed entryCount=8
2026-10-01T10:15:05.330+05:30  INFO 10832 --- [fraud-engine-service] [scheduling-1] c.s.f.f.client.RuleCacheClient           : Fetching active rules from Rule Cache
2026-10-01T10:15:05.339+05:30  INFO 10832 --- [fraud-engine-service] [scheduling-1] c.s.f.f.client.RuleCacheClient           : Fetched 13 active rules from Rule Cache
2026-10-01T10:15:05.339+05:30  INFO 10832 --- [fraud-engine-service] [scheduling-1] c.s.f.fraudengine.cache.ActiveRuleCache  : Active rule cache refreshed ruleCount=13
2026-10-01T10:15:10.014+05:30  INFO 10832 --- [fraud-engine-service] [scheduling-1] c.s.f.f.client.BlacklistCacheClient      : Fetching active blacklist from Rule Cache
2026-10-01T10:15:10.028+05:30  INFO 10832 --- [fraud-engine-service] [scheduling-1] c.s.f.f.client.BlacklistCacheClient      : Fetched 8 active blacklist entries from Rule Cache
2026-10-01T10:15:10.028+05:30  INFO 10832 --- [fraud-engine-service] [scheduling-1] c.s.f.f.cache.ActiveBlacklistCache       : Active blacklist cache refreshed entryCount=8
2026-10-01T10:15:10.344+05:30  INFO 10832 --- [fraud-engine-service] [scheduling-1] c.s.f.f.client.RuleCacheClient           : Fetching active rules from Rule Cache
2026-10-01T10:15:10.352+05:30  INFO 10832 --- [fraud-engine-service] [scheduling-1] c.s.f.f.client.RuleCacheClient           : Fetched 13 active rules from Rule Cache
2026-10-01T10:15:10.352+05:30  INFO 10832 --- [fraud-engine-service] [scheduling-1] c.s.f.fraudengine.cache.ActiveRuleCache  : Active rule cache refreshed ruleCount=13
2026-10-01T10:15:15.037+05:30  INFO 10832 --- [fraud-engine-service] [scheduling-1] c.s.f.f.client.BlacklistCacheClient      : Fetching active blacklist from Rule Cache
2026-10-01T10:15:15.051+05:30  INFO 10832 --- [fraud-engine-service] [scheduling-1] c.s.f.f.client.BlacklistCacheClient      : Fetched 8 active blacklist entries from Rule Cache
2026-10-01T10:15:15.051+05:30  INFO 10832 --- [fraud-engine-service] [scheduling-1] c.s.f.f.cache.ActiveBlacklistCache       : Active blacklist cache refreshed entryCount=8
2026-10-01T10:15:15.369+05:30  INFO 10832 --- [fraud-engine-service] [scheduling-1] c.s.f.f.client.RuleCacheClient           : Fetching active rules from Rule Cache
2026-10-01T10:15:15.377+05:30  INFO 10832 --- [fraud-engine-service] [scheduling-1] c.s.f.f.client.RuleCacheClient           : Fetched 13 active rules from Rule Cache
2026-10-01T10:15:15.377+05:30  INFO 10832 --- [fraud-engine-service] [scheduling-1] c.s.f.fraudengine.cache.ActiveRuleCache  : Active rule cache refreshed ruleCount=13
2026-10-01T10:15:20.053+05:30  INFO 10832 --- [fraud-engine-service] [scheduling-1] c.s.f.f.client.BlacklistCacheClient      : Fetching active blacklist from Rule Cache
2026-10-01T10:15:20.065+05:30  INFO 10832 --- [fraud-engine-service] [scheduling-1] c.s.f.f.client.BlacklistCacheClient      : Fetched 8 active blacklist entries from Rule Cache
2026-10-01T10:15:20.065+05:30  INFO 10832 --- [fraud-engine-service] [scheduling-1] c.s.f.f.cache.ActiveBlacklistCache       : Active blacklist cache refreshed entryCount=8
2026-10-01T10:15:20.382+05:30  INFO 10832 --- [fraud-engine-service] [scheduling-1] c.s.f.f.client.RuleCacheClient           : Fetching active rules from Rule Cache
2026-10-01T10:15:20.390+05:30  INFO 10832 --- [fraud-engine-service] [scheduling-1] c.s.f.f.client.RuleCacheClient           : Fetched 13 active rules from Rule Cache
2026-10-01T10:15:20.390+05:30  INFO 10832 --- [fraud-engine-service] [scheduling-1] c.s.f.fraudengine.cache.ActiveRuleCache  : Active rule cache refreshed ruleCount=13
2026-10-01T10:15:25.067+05:30  INFO 10832 --- [fraud-engine-service] [scheduling-1] c.s.f.f.client.BlacklistCacheClient      : Fetching active blacklist from Rule Cache
2026-10-01T10:15:25.075+05:30  INFO 10832 --- [fraud-engine-service] [scheduling-1] c.s.f.f.client.BlacklistCacheClient      : Fetched 8 active blacklist entries from Rule Cache
2026-10-01T10:15:25.075+05:30  INFO 10832 --- [fraud-engine-service] [scheduling-1] c.s.f.f.cache.ActiveBlacklistCache       : Active blacklist cache refreshed entryCount=8
2026-10-01T10:15:25.274+05:30  INFO 10832 --- [fraud-engine-service] [AsyncResolver-bootstrap-executor-%d] c.n.d.s.r.aws.ConfigClusterResolver      : Resolving eureka endpoints via configuration
2026-10-01T10:15:25.398+05:30  INFO 10832 --- [fraud-engine-service] [scheduling-1] c.s.f.f.client.RuleCacheClient           : Fetching active rules from Rule Cache
2026-10-01T10:15:25.405+05:30  INFO 10832 --- [fraud-engine-service] [scheduling-1] c.s.f.f.client.RuleCacheClient           : Fetched 13 active rules from Rule Cache
2026-10-01T10:15:25.405+05:30  INFO 10832 --- [fraud-engine-service] [scheduling-1] c.s.f.fraudengine.cache.ActiveRuleCache  : Active rule cache refreshed ruleCount=13
2026-10-01T10:15:30.090+05:30  INFO 10832 --- [fraud-engine-service] [scheduling-1] c.s.f.f.client.BlacklistCacheClient      : Fetching active blacklist from Rule Cache
2026-10-01T10:15:30.099+05:30  INFO 10832 --- [fraud-engine-service] [scheduling-1] c.s.f.f.client.BlacklistCacheClient      : Fetched 8 active blacklist entries from Rule Cache
2026-10-01T10:15:30.099+05:30  INFO 10832 --- [fraud-engine-service] [scheduling-1] c.s.f.f.cache.ActiveBlacklistCache       : Active blacklist cache refreshed entryCount=8
2026-10-01T10:15:30.413+05:30  INFO 10832 --- [fraud-engine-service] [scheduling-1] c.s.f.f.client.RuleCacheClient           : Fetching active rules from Rule Cache
2026-10-01T10:15:30.420+05:30  INFO 10832 --- [fraud-engine-service] [scheduling-1] c.s.f.f.client.RuleCacheClient           : Fetched 13 active rules from Rule Cache
2026-10-01T10:15:30.420+05:30  INFO 10832 --- [fraud-engine-service] [scheduling-1] c.s.f.fraudengine.cache.ActiveRuleCache  : Active rule cache refreshed ruleCount=13
2026-10-01T10:15:35.104+05:30  INFO 10832 --- [fraud-engine-service] [scheduling-1] c.s.f.f.client.BlacklistCacheClient      : Fetching active blacklist from Rule Cache
2026-10-01T10:15:35.115+05:30  INFO 10832 --- [fraud-engine-service] [scheduling-1] c.s.f.f.client.BlacklistCacheClient      : Fetched 8 active blacklist entries from Rule Cache
2026-10-01T10:15:35.115+05:30  INFO 10832 --- [fraud-engine-service] [scheduling-1] c.s.f.f.cache.ActiveBlacklistCache       : Active blacklist cache refreshed entryCount=8
2026-10-01T10:15:35.429+05:30  INFO 10832 --- [fraud-engine-service] [scheduling-1] c.s.f.f.client.RuleCacheClient           : Fetching active rules from Rule Cache
2026-10-01T10:15:35.441+05:30  INFO 10832 --- [fraud-engine-service] [scheduling-1] c.s.f.f.client.RuleCacheClient           : Fetched 13 active rules from Rule Cache
2026-10-01T10:15:35.441+05:30  INFO 10832 --- [fraud-engine-service] [scheduling-1] c.s.f.fraudengine.cache.ActiveRuleCache  : Active rule cache refreshed ruleCount=13
2026-10-01T10:15:40.119+05:30  INFO 10832 --- [fraud-engine-service] [scheduling-1] c.s.f.f.client.BlacklistCacheClient      : Fetching active blacklist from Rule Cache
2026-10-01T10:15:40.132+05:30  INFO 10832 --- [fraud-engine-service] [scheduling-1] c.s.f.f.client.BlacklistCacheClient      : Fetched 8 active blacklist entries from Rule Cache
2026-10-01T10:15:40.132+05:30  INFO 10832 --- [fraud-engine-service] [scheduling-1] c.s.f.f.cache.ActiveBlacklistCache       : Active blacklist cache refreshed entryCount=8
2026-10-01T10:15:40.449+05:30  INFO 10832 --- [fraud-engine-service] [scheduling-1] c.s.f.f.client.RuleCacheClient           : Fetching active rules from Rule Cache
2026-10-01T10:15:40.468+05:30  INFO 10832 --- [fraud-engine-service] [scheduling-1] c.s.f.f.client.RuleCacheClient           : Fetched 13 active rules from Rule Cache
2026-10-01T10:15:40.468+05:30  INFO 10832 --- [fraud-engine-service] [scheduling-1] c.s.f.fraudengine.cache.ActiveRuleCache  : Active rule cache refreshed ruleCount=13
2026-10-01T10:15:45.140+05:30  INFO 10832 --- [fraud-engine-service] [scheduling-1] c.s.f.f.client.BlacklistCacheClient      : Fetching active blacklist from Rule Cache
2026-10-01T10:15:45.153+05:30  INFO 10832 --- [fraud-engine-service] [scheduling-1] c.s.f.f.client.BlacklistCacheClient      : Fetched 8 active blacklist entries from Rule Cache
2026-10-01T10:15:45.154+05:30  INFO 10832 --- [fraud-engine-service] [scheduling-1] c.s.f.f.cache.ActiveBlacklistCache       : Active blacklist cache refreshed entryCount=8
2026-10-01T10:15:45.482+05:30  INFO 10832 --- [fraud-engine-service] [scheduling-1] c.s.f.f.client.RuleCacheClient           : Fetching active rules from Rule Cache
2026-10-01T10:15:45.495+05:30  INFO 10832 --- [fraud-engine-service] [scheduling-1] c.s.f.f.client.RuleCacheClient           : Fetched 13 active rules from Rule Cache
2026-10-01T10:15:45.495+05:30  INFO 10832 --- [fraud-engine-service] [scheduling-1] c.s.f.fraudengine.cache.ActiveRuleCache  : Active rule cache refreshed ruleCount=13
2026-10-01T10:15:50.160+05:30  INFO 10832 --- [fraud-engine-service] [scheduling-1] c.s.f.f.client.BlacklistCacheClient      : Fetching active blacklist from Rule Cache
2026-10-01T10:15:50.170+05:30  INFO 10832 --- [fraud-engine-service] [scheduling-1] c.s.f.f.client.BlacklistCacheClient      : Fetched 8 active blacklist entries from Rule Cache
2026-10-01T10:15:50.170+05:30  INFO 10832 --- [fraud-engine-service] [scheduling-1] c.s.f.f.cache.ActiveBlacklistCache       : Active blacklist cache refreshed entryCount=8
2026-10-01T10:15:50.497+05:30  INFO 10832 --- [fraud-engine-service] [scheduling-1] c.s.f.f.client.RuleCacheClient           : Fetching active rules from Rule Cache
2026-10-01T10:15:50.508+05:30  INFO 10832 --- [fraud-engine-service] [scheduling-1] c.s.f.f.client.RuleCacheClient           : Fetched 13 active rules from Rule Cache
2026-10-01T10:15:50.508+05:30  INFO 10832 --- [fraud-engine-service] [scheduling-1] c.s.f.fraudengine.cache.ActiveRuleCache  : Active rule cache refreshed ruleCount=13
2026-10-01T10:15:55.178+05:30  INFO 10832 --- [fraud-engine-service] [scheduling-1] c.s.f.f.client.BlacklistCacheClient      : Fetching active blacklist from Rule Cache
2026-10-01T10:15:55.207+05:30  INFO 10832 --- [fraud-engine-service] [scheduling-1] c.s.f.f.client.BlacklistCacheClient      : Fetched 8 active blacklist entries from Rule Cache
2026-10-01T10:15:55.208+05:30  INFO 10832 --- [fraud-engine-service] [scheduling-1] c.s.f.f.cache.ActiveBlacklistCache       : Active blacklist cache refreshed entryCount=8
2026-10-01T10:15:55.520+05:30  INFO 10832 --- [fraud-engine-service] [scheduling-1] c.s.f.f.client.RuleCacheClient           : Fetching active rules from Rule Cache
2026-10-01T10:15:55.536+05:30  INFO 10832 --- [fraud-engine-service] [scheduling-1] c.s.f.f.client.RuleCacheClient           : Fetched 13 active rules from Rule Cache
2026-10-01T10:15:55.536+05:30  INFO 10832 --- [fraud-engine-service] [scheduling-1] c.s.f.fraudengine.cache.ActiveRuleCache  : Active rule cache refreshed ruleCount=13
2026-10-01T10:16:00.222+05:30  INFO 10832 --- [fraud-engine-service] [scheduling-1] c.s.f.f.client.BlacklistCacheClient      : Fetching active blacklist from Rule Cache
2026-10-01T10:16:00.231+05:30  INFO 10832 --- [fraud-engine-service] [scheduling-1] c.s.f.f.client.BlacklistCacheClient      : Fetched 8 active blacklist entries from Rule Cache
2026-10-01T10:16:00.231+05:30  INFO 10832 --- [fraud-engine-service] [scheduling-1] c.s.f.f.cache.ActiveBlacklistCache       : Active blacklist cache refreshed entryCount=8
2026-10-01T10:16:00.540+05:30  INFO 10832 --- [fraud-engine-service] [scheduling-1] c.s.f.f.client.RuleCacheClient           : Fetching active rules from Rule Cache
2026-10-01T10:16:00.553+05:30  INFO 10832 --- [fraud-engine-service] [scheduling-1] c.s.f.f.client.RuleCacheClient           : Fetched 13 active rules from Rule Cache
2026-10-01T10:16:00.553+05:30  INFO 10832 --- [fraud-engine-service] [scheduling-1] c.s.f.fraudengine.cache.ActiveRuleCache  : Active rule cache refreshed ruleCount=13
2026-10-01T10:16:05.233+05:30  INFO 10832 --- [fraud-engine-service] [scheduling-1] c.s.f.f.client.BlacklistCacheClient      : Fetching active blacklist from Rule Cache
2026-10-01T10:16:05.242+05:30  INFO 10832 --- [fraud-engine-service] [scheduling-1] c.s.f.f.client.BlacklistCacheClient      : Fetched 8 active blacklist entries from Rule Cache
2026-10-01T10:16:05.242+05:30  INFO 10832 --- [fraud-engine-service] [scheduling-1] c.s.f.f.cache.ActiveBlacklistCache       : Active blacklist cache refreshed entryCount=8
2026-10-01T10:16:05.559+05:30  INFO 10832 --- [fraud-engine-service] [scheduling-1] c.s.f.f.client.RuleCacheClient           : Fetching active rules from Rule Cache
2026-10-01T10:16:05.565+05:30  INFO 10832 --- [fraud-engine-service] [scheduling-1] c.s.f.f.client.RuleCacheClient           : Fetched 13 active rules from Rule Cache
2026-10-01T10:16:05.565+05:30  INFO 10832 --- [fraud-engine-service] [scheduling-1] c.s.f.fraudengine.cache.ActiveRuleCache  : Active rule cache refreshed ruleCount=13
2026-10-01T10:16:10.247+05:30  INFO 10832 --- [fraud-engine-service] [scheduling-1] c.s.f.f.client.BlacklistCacheClient      : Fetching active blacklist from Rule Cache
2026-10-01T10:16:10.260+05:30  INFO 10832 --- [fraud-engine-service] [scheduling-1] c.s.f.f.client.BlacklistCacheClient      : Fetched 8 active blacklist entries from Rule Cache
2026-10-01T10:16:10.260+05:30  INFO 10832 --- [fraud-engine-service] [scheduling-1] c.s.f.f.cache.ActiveBlacklistCache       : Active blacklist cache refreshed entryCount=8
2026-10-01T10:16:10.577+05:30  INFO 10832 --- [fraud-engine-service] [scheduling-1] c.s.f.f.client.RuleCacheClient           : Fetching active rules from Rule Cache
2026-10-01T10:16:10.584+05:30  INFO 10832 --- [fraud-engine-service] [scheduling-1] c.s.f.f.client.RuleCacheClient           : Fetched 13 active rules from Rule Cache
2026-10-01T10:16:10.584+05:30  INFO 10832 --- [fraud-engine-service] [scheduling-1] c.s.f.fraudengine.cache.ActiveRuleCache  : Active rule cache refreshed ruleCount=13
2026-10-01T10:16:15.263+05:30  INFO 10832 --- [fraud-engine-service] [scheduling-1] c.s.f.f.client.BlacklistCacheClient      : Fetching active blacklist from Rule Cache
2026-10-01T10:16:15.271+05:30  INFO 10832 --- [fraud-engine-service] [scheduling-1] c.s.f.f.client.BlacklistCacheClient      : Fetched 8 active blacklist entries from Rule Cache
2026-10-01T10:16:15.271+05:30  INFO 10832 --- [fraud-engine-service] [scheduling-1] c.s.f.f.cache.ActiveBlacklistCache       : Active blacklist cache refreshed entryCount=8
2026-10-01T10:16:15.593+05:30  INFO 10832 --- [fraud-engine-service] [scheduling-1] c.s.f.f.client.RuleCacheClient           : Fetching active rules from Rule Cache
2026-10-01T10:16:15.595+05:30  INFO 10832 --- [fraud-engine-service] [scheduling-1] c.s.f.f.client.RuleCacheClient           : Fetched 13 active rules from Rule Cache
2026-10-01T10:16:15.595+05:30  INFO 10832 --- [fraud-engine-service] [scheduling-1] c.s.f.fraudengine.cache.ActiveRuleCache  : Active rule cache refreshed ruleCount=13
2026-10-01T10:16:20.276+05:30  INFO 10832 --- [fraud-engine-service] [scheduling-1] c.s.f.f.client.BlacklistCacheClient      : Fetching active blacklist from Rule Cache
2026-10-01T10:16:20.284+05:30  INFO 10832 --- [fraud-engine-service] [scheduling-1] c.s.f.f.client.BlacklistCacheClient      : Fetched 8 active blacklist entries from Rule Cache
2026-10-01T10:16:20.284+05:30  INFO 10832 --- [fraud-engine-service] [scheduling-1] c.s.f.f.cache.ActiveBlacklistCache       : Active blacklist cache refreshed entryCount=8
2026-10-01T10:16:20.615+05:30  INFO 10832 --- [fraud-engine-service] [scheduling-1] c.s.f.f.client.RuleCacheClient           : Fetching active rules from Rule Cache
2026-10-01T10:16:20.631+05:30  INFO 10832 --- [fraud-engine-service] [scheduling-1] c.s.f.f.client.RuleCacheClient           : Fetched 13 active rules from Rule Cache
2026-10-01T10:16:20.631+05:30  INFO 10832 --- [fraud-engine-service] [scheduling-1] c.s.f.fraudengine.cache.ActiveRuleCache  : Active rule cache refreshed ruleCount=13
2026-10-01T10:16:25.288+05:30  INFO 10832 --- [fraud-engine-service] [scheduling-1] c.s.f.f.client.BlacklistCacheClient      : Fetching active blacklist from Rule Cache
2026-10-01T10:16:25.297+05:30  INFO 10832 --- [fraud-engine-service] [scheduling-1] c.s.f.f.client.BlacklistCacheClient      : Fetched 8 active blacklist entries from Rule Cache
2026-10-01T10:16:25.297+05:30  INFO 10832 --- [fraud-engine-service] [scheduling-1] c.s.f.f.cache.ActiveBlacklistCache       : Active blacklist cache refreshed entryCount=8
2026-10-01T10:16:25.639+05:30  INFO 10832 --- [fraud-engine-service] [scheduling-1] c.s.f.f.client.RuleCacheClient           : Fetching active rules from Rule Cache
2026-10-01T10:16:25.647+05:30  INFO 10832 --- [fraud-engine-service] [scheduling-1] c.s.f.f.client.RuleCacheClient           : Fetched 13 active rules from Rule Cache
2026-10-01T10:16:25.647+05:30  INFO 10832 --- [fraud-engine-service] [scheduling-1] c.s.f.fraudengine.cache.ActiveRuleCache  : Active rule cache refreshed ruleCount=13
2026-10-01T10:16:30.299+05:30  INFO 10832 --- [fraud-engine-service] [scheduling-1] c.s.f.f.client.BlacklistCacheClient      : Fetching active blacklist from Rule Cache
2026-10-01T10:16:30.307+05:30  INFO 10832 --- [fraud-engine-service] [scheduling-1] c.s.f.f.client.BlacklistCacheClient      : Fetched 8 active blacklist entries from Rule Cache
2026-10-01T10:16:30.307+05:30  INFO 10832 --- [fraud-engine-service] [scheduling-1] c.s.f.f.cache.ActiveBlacklistCache       : Active blacklist cache refreshed entryCount=8
2026-10-01T10:16:30.661+05:30  INFO 10832 --- [fraud-engine-service] [scheduling-1] c.s.f.f.client.RuleCacheClient           : Fetching active rules from Rule Cache
2026-10-01T10:16:30.670+05:30  INFO 10832 --- [fraud-engine-service] [scheduling-1] c.s.f.f.client.RuleCacheClient           : Fetched 13 active rules from Rule Cache
2026-10-01T10:16:30.670+05:30  INFO 10832 --- [fraud-engine-service] [scheduling-1] c.s.f.fraudengine.cache.ActiveRuleCache  : Active rule cache refreshed ruleCount=13
2026-10-01T10:16:40.160+05:30  INFO 10832 --- [fraud-engine-service] [scheduling-1] c.s.f.f.client.BlacklistCacheClient      : Fetching active blacklist from Rule Cache
2026-10-01T10:16:40.658+05:30  INFO 10832 --- [fraud-engine-service] [scheduling-1] c.s.f.f.client.BlacklistCacheClient      : Fetched 8 active blacklist entries from Rule Cache
2026-10-01T10:16:40.663+05:30  INFO 10832 --- [fraud-engine-service] [scheduling-1] c.s.f.f.cache.ActiveBlacklistCache       : Active blacklist cache refreshed entryCount=8
2026-10-01T10:16:40.663+05:30  INFO 10832 --- [fraud-engine-service] [scheduling-1] c.s.f.f.client.RuleCacheClient           : Fetching active rules from Rule Cache
2026-10-01T10:16:40.950+05:30  INFO 10832 --- [fraud-engine-service] [scheduling-1] c.s.f.f.client.RuleCacheClient           : Fetched 13 active rules from Rule Cache
2026-10-01T10:16:40.950+05:30  INFO 10832 --- [fraud-engine-service] [scheduling-1] c.s.f.fraudengine.cache.ActiveRuleCache  : Active rule cache refreshed ruleCount=13
2026-10-01T10:16:45.679+05:30  INFO 10832 --- [fraud-engine-service] [scheduling-1] c.s.f.f.client.BlacklistCacheClient      : Fetching active blacklist from Rule Cache
2026-10-01T10:16:45.770+05:30  INFO 10832 --- [fraud-engine-service] [scheduling-1] c.s.f.f.client.BlacklistCacheClient      : Fetched 8 active blacklist entries from Rule Cache
2026-10-01T10:16:45.770+05:30  INFO 10832 --- [fraud-engine-service] [scheduling-1] c.s.f.f.cache.ActiveBlacklistCache       : Active blacklist cache refreshed entryCount=8
2026-10-01T10:16:45.986+05:30  INFO 10832 --- [fraud-engine-service] [scheduling-1] c.s.f.f.client.RuleCacheClient           : Fetching active rules from Rule Cache
2026-10-01T10:16:45.998+05:30  INFO 10832 --- [fraud-engine-service] [scheduling-1] c.s.f.f.client.RuleCacheClient           : Fetched 13 active rules from Rule Cache
2026-10-01T10:16:45.998+05:30  INFO 10832 --- [fraud-engine-service] [scheduling-1] c.s.f.fraudengine.cache.ActiveRuleCache  : Active rule cache refreshed ruleCount=13
2026-10-01T10:16:50.782+05:30  INFO 10832 --- [fraud-engine-service] [scheduling-1] c.s.f.f.client.BlacklistCacheClient      : Fetching active blacklist from Rule Cache
2026-10-01T10:16:50.792+05:30  INFO 10832 --- [fraud-engine-service] [scheduling-1] c.s.f.f.client.BlacklistCacheClient      : Fetched 8 active blacklist entries from Rule Cache
2026-10-01T10:16:50.792+05:30  INFO 10832 --- [fraud-engine-service] [scheduling-1] c.s.f.f.cache.ActiveBlacklistCache       : Active blacklist cache refreshed entryCount=8
2026-10-01T10:16:51.007+05:30  INFO 10832 --- [fraud-engine-service] [scheduling-1] c.s.f.f.client.RuleCacheClient           : Fetching active rules from Rule Cache
2026-10-01T10:16:51.017+05:30  INFO 10832 --- [fraud-engine-service] [scheduling-1] c.s.f.f.client.RuleCacheClient           : Fetched 13 active rules from Rule Cache
2026-10-01T10:16:51.017+05:30  INFO 10832 --- [fraud-engine-service] [scheduling-1] c.s.f.fraudengine.cache.ActiveRuleCache  : Active rule cache refreshed ruleCount=13
2026-10-01T10:16:55.801+05:30  INFO 10832 --- [fraud-engine-service] [scheduling-1] c.s.f.f.client.BlacklistCacheClient      : Fetching active blacklist from Rule Cache
2026-10-01T10:16:55.812+05:30  INFO 10832 --- [fraud-engine-service] [scheduling-1] c.s.f.f.client.BlacklistCacheClient      : Fetched 8 active blacklist entries from Rule Cache
2026-10-01T10:16:55.812+05:30  INFO 10832 --- [fraud-engine-service] [scheduling-1] c.s.f.f.cache.ActiveBlacklistCache       : Active blacklist cache refreshed entryCount=8
2026-10-01T10:16:56.024+05:30  INFO 10832 --- [fraud-engine-service] [scheduling-1] c.s.f.f.client.RuleCacheClient           : Fetching active rules from Rule Cache
2026-10-01T10:16:56.033+05:30  INFO 10832 --- [fraud-engine-service] [scheduling-1] c.s.f.f.client.RuleCacheClient           : Fetched 13 active rules from Rule Cache
2026-10-01T10:16:56.033+05:30  INFO 10832 --- [fraud-engine-service] [scheduling-1] c.s.f.fraudengine.cache.ActiveRuleCache  : Active rule cache refreshed ruleCount=13
2026-10-01T10:17:00.821+05:30  INFO 10832 --- [fraud-engine-service] [scheduling-1] c.s.f.f.client.BlacklistCacheClient      : Fetching active blacklist from Rule Cache
2026-10-01T10:17:00.823+05:30  INFO 10832 --- [fraud-engine-service] [scheduling-1] c.s.f.f.client.BlacklistCacheClient      : Fetched 8 active blacklist entries from Rule Cache
2026-10-01T10:17:00.823+05:30  INFO 10832 --- [fraud-engine-service] [scheduling-1] c.s.f.f.cache.ActiveBlacklistCache       : Active blacklist cache refreshed entryCount=8
2026-10-01T10:17:01.044+05:30  INFO 10832 --- [fraud-engine-service] [scheduling-1] c.s.f.f.client.RuleCacheClient           : Fetching active rules from Rule Cache
2026-10-01T10:17:01.050+05:30  INFO 10832 --- [fraud-engine-service] [scheduling-1] c.s.f.f.client.RuleCacheClient           : Fetched 13 active rules from Rule Cache
2026-10-01T10:17:01.050+05:30  INFO 10832 --- [fraud-engine-service] [scheduling-1] c.s.f.fraudengine.cache.ActiveRuleCache  : Active rule cache refreshed ruleCount=13
2026-10-01T10:17:05.833+05:30  INFO 10832 --- [fraud-engine-service] [scheduling-1] c.s.f.f.client.BlacklistCacheClient      : Fetching active blacklist from Rule Cache
2026-10-01T10:17:05.833+05:30  INFO 10832 --- [fraud-engine-service] [scheduling-1] c.s.f.f.client.BlacklistCacheClient      : Fetched 8 active blacklist entries from Rule Cache
2026-10-01T10:17:05.833+05:30  INFO 10832 --- [fraud-engine-service] [scheduling-1] c.s.f.f.cache.ActiveBlacklistCache       : Active blacklist cache refreshed entryCount=8
2026-10-01T10:17:06.072+05:30  INFO 10832 --- [fraud-engine-service] [scheduling-1] c.s.f.f.client.RuleCacheClient           : Fetching active rules from Rule Cache
2026-10-01T10:17:06.076+05:30  INFO 10832 --- [fraud-engine-service] [scheduling-1] c.s.f.f.client.RuleCacheClient           : Fetched 13 active rules from Rule Cache
2026-10-01T10:17:06.076+05:30  INFO 10832 --- [fraud-engine-service] [scheduling-1] c.s.f.fraudengine.cache.ActiveRuleCache  : Active rule cache refreshed ruleCount=13
2026-10-01T10:17:10.852+05:30  INFO 10832 --- [fraud-engine-service] [scheduling-1] c.s.f.f.client.BlacklistCacheClient      : Fetching active blacklist from Rule Cache
2026-10-01T10:17:10.852+05:30  INFO 10832 --- [fraud-engine-service] [scheduling-1] c.s.f.f.client.BlacklistCacheClient      : Fetched 8 active blacklist entries from Rule Cache
2026-10-01T10:17:10.852+05:30  INFO 10832 --- [fraud-engine-service] [scheduling-1] c.s.f.f.cache.ActiveBlacklistCache       : Active blacklist cache refreshed entryCount=8
2026-10-01T10:17:11.091+05:30  INFO 10832 --- [fraud-engine-service] [scheduling-1] c.s.f.f.client.RuleCacheClient           : Fetching active rules from Rule Cache
2026-10-01T10:17:11.101+05:30  INFO 10832 --- [fraud-engine-service] [scheduling-1] c.s.f.f.client.RuleCacheClient           : Fetched 13 active rules from Rule Cache
2026-10-01T10:17:11.101+05:30  INFO 10832 --- [fraud-engine-service] [scheduling-1] c.s.f.fraudengine.cache.ActiveRuleCache  : Active rule cache refreshed ruleCount=13
2026-10-01T10:17:15.866+05:30  INFO 10832 --- [fraud-engine-service] [scheduling-1] c.s.f.f.client.BlacklistCacheClient      : Fetching active blacklist from Rule Cache
2026-10-01T10:17:15.888+05:30  INFO 10832 --- [fraud-engine-service] [scheduling-1] c.s.f.f.client.BlacklistCacheClient      : Fetched 8 active blacklist entries from Rule Cache
2026-10-01T10:17:15.888+05:30  INFO 10832 --- [fraud-engine-service] [scheduling-1] c.s.f.f.cache.ActiveBlacklistCache       : Active blacklist cache refreshed entryCount=8
2026-10-01T10:17:16.115+05:30  INFO 10832 --- [fraud-engine-service] [scheduling-1] c.s.f.f.client.RuleCacheClient           : Fetching active rules from Rule Cache
2026-10-01T10:17:16.126+05:30  INFO 10832 --- [fraud-engine-service] [scheduling-1] c.s.f.f.client.RuleCacheClient           : Fetched 13 active rules from Rule Cache
2026-10-01T10:17:16.126+05:30  INFO 10832 --- [fraud-engine-service] [scheduling-1] c.s.f.fraudengine.cache.ActiveRuleCache  : Active rule cache refreshed ruleCount=13
2026-10-01T10:17:20.900+05:30  INFO 10832 --- [fraud-engine-service] [scheduling-1] c.s.f.f.client.BlacklistCacheClient      : Fetching active blacklist from Rule Cache
2026-10-01T10:17:20.911+05:30  INFO 10832 --- [fraud-engine-service] [scheduling-1] c.s.f.f.client.BlacklistCacheClient      : Fetched 8 active blacklist entries from Rule Cache
2026-10-01T10:17:20.911+05:30  INFO 10832 --- [fraud-engine-service] [scheduling-1] c.s.f.f.cache.ActiveBlacklistCache       : Active blacklist cache refreshed entryCount=8
2026-10-01T10:17:21.129+05:30  INFO 10832 --- [fraud-engine-service] [scheduling-1] c.s.f.f.client.RuleCacheClient           : Fetching active rules from Rule Cache
2026-10-01T10:17:21.140+05:30  INFO 10832 --- [fraud-engine-service] [scheduling-1] c.s.f.f.client.RuleCacheClient           : Fetched 13 active rules from Rule Cache
2026-10-01T10:17:21.140+05:30  INFO 10832 --- [fraud-engine-service] [scheduling-1] c.s.f.fraudengine.cache.ActiveRuleCache  : Active rule cache refreshed ruleCount=13
2026-10-01T10:17:25.918+05:30  INFO 10832 --- [fraud-engine-service] [scheduling-1] c.s.f.f.client.BlacklistCacheClient      : Fetching active blacklist from Rule Cache
2026-10-01T10:17:25.927+05:30  INFO 10832 --- [fraud-engine-service] [scheduling-1] c.s.f.f.client.BlacklistCacheClient      : Fetched 8 active blacklist entries from Rule Cache
2026-10-01T10:17:25.927+05:30  INFO 10832 --- [fraud-engine-service] [scheduling-1] c.s.f.f.cache.ActiveBlacklistCache       : Active blacklist cache refreshed entryCount=8
2026-10-01T10:17:26.146+05:30  INFO 10832 --- [fraud-engine-service] [scheduling-1] c.s.f.f.client.RuleCacheClient           : Fetching active rules from Rule Cache
2026-10-01T10:17:26.156+05:30  INFO 10832 --- [fraud-engine-service] [scheduling-1] c.s.f.f.client.RuleCacheClient           : Fetched 13 active rules from Rule Cache
2026-10-01T10:17:26.156+05:30  INFO 10832 --- [fraud-engine-service] [scheduling-1] c.s.f.fraudengine.cache.ActiveRuleCache  : Active rule cache refreshed ruleCount=13
2026-10-01T10:17:30.942+05:30  INFO 10832 --- [fraud-engine-service] [scheduling-1] c.s.f.f.client.BlacklistCacheClient      : Fetching active blacklist from Rule Cache
2026-10-01T10:17:30.950+05:30  INFO 10832 --- [fraud-engine-service] [scheduling-1] c.s.f.f.client.BlacklistCacheClient      : Fetched 8 active blacklist entries from Rule Cache
2026-10-01T10:17:30.950+05:30  INFO 10832 --- [fraud-engine-service] [scheduling-1] c.s.f.f.cache.ActiveBlacklistCache       : Active blacklist cache refreshed entryCount=8
2026-10-01T10:17:31.171+05:30  INFO 10832 --- [fraud-engine-service] [scheduling-1] c.s.f.f.client.RuleCacheClient           : Fetching active rules from Rule Cache
2026-10-01T10:17:31.185+05:30  INFO 10832 --- [fraud-engine-service] [scheduling-1] c.s.f.f.client.RuleCacheClient           : Fetched 13 active rules from Rule Cache
2026-10-01T10:17:31.185+05:30  INFO 10832 --- [fraud-engine-service] [scheduling-1] c.s.f.fraudengine.cache.ActiveRuleCache  : Active rule cache refreshed ruleCount=13
2026-10-01T10:17:35.982+05:30  INFO 10832 --- [fraud-engine-service] [scheduling-1] c.s.f.f.client.BlacklistCacheClient      : Fetching active blacklist from Rule Cache
2026-10-01T10:17:35.984+05:30  INFO 10832 --- [fraud-engine-service] [scheduling-1] c.s.f.f.client.BlacklistCacheClient      : Fetched 8 active blacklist entries from Rule Cache
2026-10-01T10:17:35.984+05:30  INFO 10832 --- [fraud-engine-service] [scheduling-1] c.s.f.f.cache.ActiveBlacklistCache       : Active blacklist cache refreshed entryCount=8
2026-10-01T10:17:36.198+05:30  INFO 10832 --- [fraud-engine-service] [scheduling-1] c.s.f.f.client.RuleCacheClient           : Fetching active rules from Rule Cache
2026-10-01T10:17:36.212+05:30  INFO 10832 --- [fraud-engine-service] [scheduling-1] c.s.f.f.client.RuleCacheClient           : Fetched 13 active rules from Rule Cache
2026-10-01T10:17:36.212+05:30  INFO 10832 --- [fraud-engine-service] [scheduling-1] c.s.f.fraudengine.cache.ActiveRuleCache  : Active rule cache refreshed ruleCount=13
2026-10-01T10:17:41.001+05:30  INFO 10832 --- [fraud-engine-service] [scheduling-1] c.s.f.f.client.BlacklistCacheClient      : Fetching active blacklist from Rule Cache
2026-10-01T10:17:41.008+05:30  INFO 10832 --- [fraud-engine-service] [scheduling-1] c.s.f.f.client.BlacklistCacheClient      : Fetched 8 active blacklist entries from Rule Cache
2026-10-01T10:17:41.008+05:30  INFO 10832 --- [fraud-engine-service] [scheduling-1] c.s.f.f.cache.ActiveBlacklistCache       : Active blacklist cache refreshed entryCount=8
2026-10-01T10:17:41.214+05:30  INFO 10832 --- [fraud-engine-service] [scheduling-1] c.s.f.f.client.RuleCacheClient           : Fetching active rules from Rule Cache
2026-10-01T10:17:41.223+05:30  INFO 10832 --- [fraud-engine-service] [scheduling-1] c.s.f.f.client.RuleCacheClient           : Fetched 13 active rules from Rule Cache
2026-10-01T10:17:41.223+05:30  INFO 10832 --- [fraud-engine-service] [scheduling-1] c.s.f.fraudengine.cache.ActiveRuleCache  : Active rule cache refreshed ruleCount=13
2026-10-01T10:17:46.021+05:30  INFO 10832 --- [fraud-engine-service] [scheduling-1] c.s.f.f.client.BlacklistCacheClient      : Fetching active blacklist from Rule Cache
2026-10-01T10:17:46.029+05:30  INFO 10832 --- [fraud-engine-service] [scheduling-1] c.s.f.f.client.BlacklistCacheClient      : Fetched 8 active blacklist entries from Rule Cache
2026-10-01T10:17:46.029+05:30  INFO 10832 --- [fraud-engine-service] [scheduling-1] c.s.f.f.cache.ActiveBlacklistCache       : Active blacklist cache refreshed entryCount=8
2026-10-01T10:17:46.236+05:30  INFO 10832 --- [fraud-engine-service] [scheduling-1] c.s.f.f.client.RuleCacheClient           : Fetching active rules from Rule Cache
2026-10-01T10:17:46.246+05:30  INFO 10832 --- [fraud-engine-service] [scheduling-1] c.s.f.f.client.RuleCacheClient           : Fetched 13 active rules from Rule Cache
2026-10-01T10:17:46.246+05:30  INFO 10832 --- [fraud-engine-service] [scheduling-1] c.s.f.fraudengine.cache.ActiveRuleCache  : Active rule cache refreshed ruleCount=13
2026-10-01T10:17:51.036+05:30  INFO 10832 --- [fraud-engine-service] [scheduling-1] c.s.f.f.client.BlacklistCacheClient      : Fetching active blacklist from Rule Cache
2026-10-01T10:17:51.045+05:30  INFO 10832 --- [fraud-engine-service] [scheduling-1] c.s.f.f.client.BlacklistCacheClient      : Fetched 8 active blacklist entries from Rule Cache
2026-10-01T10:17:51.045+05:30  INFO 10832 --- [fraud-engine-service] [scheduling-1] c.s.f.f.cache.ActiveBlacklistCache       : Active blacklist cache refreshed entryCount=8
2026-10-01T10:17:51.251+05:30  INFO 10832 --- [fraud-engine-service] [scheduling-1] c.s.f.f.client.RuleCacheClient           : Fetching active rules from Rule Cache
2026-10-01T10:17:51.260+05:30  INFO 10832 --- [fraud-engine-service] [scheduling-1] c.s.f.f.client.RuleCacheClient           : Fetched 13 active rules from Rule Cache
2026-10-01T10:17:51.260+05:30  INFO 10832 --- [fraud-engine-service] [scheduling-1] c.s.f.fraudengine.cache.ActiveRuleCache  : Active rule cache refreshed ruleCount=13
2026-10-01T10:17:56.062+05:30  INFO 10832 --- [fraud-engine-service] [scheduling-1] c.s.f.f.client.BlacklistCacheClient      : Fetching active blacklist from Rule Cache
2026-10-01T10:17:56.070+05:30  INFO 10832 --- [fraud-engine-service] [scheduling-1] c.s.f.f.client.BlacklistCacheClient      : Fetched 8 active blacklist entries from Rule Cache
2026-10-01T10:17:56.070+05:30  INFO 10832 --- [fraud-engine-service] [scheduling-1] c.s.f.f.cache.ActiveBlacklistCache       : Active blacklist cache refreshed entryCount=8
2026-10-01T10:17:56.263+05:30  INFO 10832 --- [fraud-engine-service] [scheduling-1] c.s.f.f.client.RuleCacheClient           : Fetching active rules from Rule Cache
2026-10-01T10:17:56.274+05:30  INFO 10832 --- [fraud-engine-service] [scheduling-1] c.s.f.f.client.RuleCacheClient           : Fetched 13 active rules from Rule Cache
2026-10-01T10:17:56.274+05:30  INFO 10832 --- [fraud-engine-service] [scheduling-1] c.s.f.fraudengine.cache.ActiveRuleCache  : Active rule cache refreshed ruleCount=13
2026-10-01T10:18:01.085+05:30  INFO 10832 --- [fraud-engine-service] [scheduling-1] c.s.f.f.client.BlacklistCacheClient      : Fetching active blacklist from Rule Cache
2026-10-01T10:18:01.095+05:30  INFO 10832 --- [fraud-engine-service] [scheduling-1] c.s.f.f.client.BlacklistCacheClient      : Fetched 8 active blacklist entries from Rule Cache
2026-10-01T10:18:01.095+05:30  INFO 10832 --- [fraud-engine-service] [scheduling-1] c.s.f.f.cache.ActiveBlacklistCache       : Active blacklist cache refreshed entryCount=8
2026-10-01T10:18:01.284+05:30  INFO 10832 --- [fraud-engine-service] [scheduling-1] c.s.f.f.client.RuleCacheClient           : Fetching active rules from Rule Cache
2026-10-01T10:18:01.292+05:30  INFO 10832 --- [fraud-engine-service] [scheduling-1] c.s.f.f.client.RuleCacheClient           : Fetched 13 active rules from Rule Cache
2026-10-01T10:18:01.292+05:30  INFO 10832 --- [fraud-engine-service] [scheduling-1] c.s.f.fraudengine.cache.ActiveRuleCache  : Active rule cache refreshed ruleCount=13
2026-10-01T10:18:06.102+05:30  INFO 10832 --- [fraud-engine-service] [scheduling-1] c.s.f.f.client.BlacklistCacheClient      : Fetching active blacklist from Rule Cache
2026-10-01T10:18:06.110+05:30  INFO 10832 --- [fraud-engine-service] [scheduling-1] c.s.f.f.client.BlacklistCacheClient      : Fetched 8 active blacklist entries from Rule Cache
2026-10-01T10:18:06.110+05:30  INFO 10832 --- [fraud-engine-service] [scheduling-1] c.s.f.f.cache.ActiveBlacklistCache       : Active blacklist cache refreshed entryCount=8
2026-10-01T10:18:06.298+05:30  INFO 10832 --- [fraud-engine-service] [scheduling-1] c.s.f.f.client.RuleCacheClient           : Fetching active rules from Rule Cache
2026-10-01T10:18:06.305+05:30  INFO 10832 --- [fraud-engine-service] [scheduling-1] c.s.f.f.client.RuleCacheClient           : Fetched 13 active rules from Rule Cache
2026-10-01T10:18:06.305+05:30  INFO 10832 --- [fraud-engine-service] [scheduling-1] c.s.f.fraudengine.cache.ActiveRuleCache  : Active rule cache refreshed ruleCount=13
2026-10-01T10:18:11.118+05:30  INFO 10832 --- [fraud-engine-service] [scheduling-1] c.s.f.f.client.BlacklistCacheClient      : Fetching active blacklist from Rule Cache
2026-10-01T10:18:11.123+05:30  INFO 10832 --- [fraud-engine-service] [scheduling-1] c.s.f.f.client.BlacklistCacheClient      : Fetched 8 active blacklist entries from Rule Cache
2026-10-01T10:18:11.123+05:30  INFO 10832 --- [fraud-engine-service] [scheduling-1] c.s.f.f.cache.ActiveBlacklistCache       : Active blacklist cache refreshed entryCount=8
2026-10-01T10:18:11.315+05:30  INFO 10832 --- [fraud-engine-service] [scheduling-1] c.s.f.f.client.RuleCacheClient           : Fetching active rules from Rule Cache
2026-10-01T10:18:11.323+05:30  INFO 10832 --- [fraud-engine-service] [scheduling-1] c.s.f.f.client.RuleCacheClient           : Fetched 13 active rules from Rule Cache
2026-10-01T10:18:11.323+05:30  INFO 10832 --- [fraud-engine-service] [scheduling-1] c.s.f.fraudengine.cache.ActiveRuleCache  : Active rule cache refreshed ruleCount=13
2026-10-01T10:18:16.136+05:30  INFO 10832 --- [fraud-engine-service] [scheduling-1] c.s.f.f.client.BlacklistCacheClient      : Fetching active blacklist from Rule Cache
2026-10-01T10:18:16.146+05:30  INFO 10832 --- [fraud-engine-service] [scheduling-1] c.s.f.f.client.BlacklistCacheClient      : Fetched 8 active blacklist entries from Rule Cache
2026-10-01T10:18:16.146+05:30  INFO 10832 --- [fraud-engine-service] [scheduling-1] c.s.f.f.cache.ActiveBlacklistCache       : Active blacklist cache refreshed entryCount=8
2026-10-01T10:18:16.334+05:30  INFO 10832 --- [fraud-engine-service] [scheduling-1] c.s.f.f.client.RuleCacheClient           : Fetching active rules from Rule Cache
2026-10-01T10:18:16.343+05:30  INFO 10832 --- [fraud-engine-service] [scheduling-1] c.s.f.f.client.RuleCacheClient           : Fetched 13 active rules from Rule Cache
2026-10-01T10:18:16.355+05:30  INFO 10832 --- [fraud-engine-service] [scheduling-1] c.s.f.fraudengine.cache.ActiveRuleCache  : Active rule cache refreshed ruleCount=13
2026-10-01T10:18:21.153+05:30  INFO 10832 --- [fraud-engine-service] [scheduling-1] c.s.f.f.client.BlacklistCacheClient      : Fetching active blacklist from Rule Cache
2026-10-01T10:18:21.165+05:30  INFO 10832 --- [fraud-engine-service] [scheduling-1] c.s.f.f.client.BlacklistCacheClient      : Fetched 8 active blacklist entries from Rule Cache
2026-10-01T10:18:21.165+05:30  INFO 10832 --- [fraud-engine-service] [scheduling-1] c.s.f.f.cache.ActiveBlacklistCache       : Active blacklist cache refreshed entryCount=8
2026-10-01T10:18:21.362+05:30  INFO 10832 --- [fraud-engine-service] [scheduling-1] c.s.f.f.client.RuleCacheClient           : Fetching active rules from Rule Cache
2026-10-01T10:18:21.371+05:30  INFO 10832 --- [fraud-engine-service] [scheduling-1] c.s.f.f.client.RuleCacheClient           : Fetched 13 active rules from Rule Cache
2026-10-01T10:18:21.371+05:30  INFO 10832 --- [fraud-engine-service] [scheduling-1] c.s.f.fraudengine.cache.ActiveRuleCache  : Active rule cache refreshed ruleCount=13
2026-10-01T10:18:26.176+05:30  INFO 10832 --- [fraud-engine-service] [scheduling-1] c.s.f.f.client.BlacklistCacheClient      : Fetching active blacklist from Rule Cache
2026-10-01T10:18:26.184+05:30  INFO 10832 --- [fraud-engine-service] [scheduling-1] c.s.f.f.client.BlacklistCacheClient      : Fetched 8 active blacklist entries from Rule Cache
2026-10-01T10:18:26.184+05:30  INFO 10832 --- [fraud-engine-service] [scheduling-1] c.s.f.f.cache.ActiveBlacklistCache       : Active blacklist cache refreshed entryCount=8
2026-10-01T10:18:26.380+05:30  INFO 10832 --- [fraud-engine-service] [scheduling-1] c.s.f.f.client.RuleCacheClient           : Fetching active rules from Rule Cache
2026-10-01T10:18:26.392+05:30  INFO 10832 --- [fraud-engine-service] [scheduling-1] c.s.f.f.client.RuleCacheClient           : Fetched 13 active rules from Rule Cache
2026-10-01T10:18:26.392+05:30  INFO 10832 --- [fraud-engine-service] [scheduling-1] c.s.f.fraudengine.cache.ActiveRuleCache  : Active rule cache refreshed ruleCount=13
2026-10-01T10:18:31.195+05:30  INFO 10832 --- [fraud-engine-service] [scheduling-1] c.s.f.f.client.BlacklistCacheClient      : Fetching active blacklist from Rule Cache
2026-10-01T10:18:31.206+05:30  INFO 10832 --- [fraud-engine-service] [scheduling-1] c.s.f.f.client.BlacklistCacheClient      : Fetched 8 active blacklist entries from Rule Cache
2026-10-01T10:18:31.208+05:30  INFO 10832 --- [fraud-engine-service] [scheduling-1] c.s.f.f.cache.ActiveBlacklistCache       : Active blacklist cache refreshed entryCount=8
2026-10-01T10:18:31.398+05:30  INFO 10832 --- [fraud-engine-service] [scheduling-1] c.s.f.f.client.RuleCacheClient           : Fetching active rules from Rule Cache
2026-10-01T10:18:31.407+05:30  INFO 10832 --- [fraud-engine-service] [scheduling-1] c.s.f.f.client.RuleCacheClient           : Fetched 13 active rules from Rule Cache
2026-10-01T10:18:31.407+05:30  INFO 10832 --- [fraud-engine-service] [scheduling-1] c.s.f.fraudengine.cache.ActiveRuleCache  : Active rule cache refreshed ruleCount=13
2026-10-01T10:18:36.212+05:30  INFO 10832 --- [fraud-engine-service] [scheduling-1] c.s.f.f.client.BlacklistCacheClient      : Fetching active blacklist from Rule Cache
2026-10-01T10:18:36.219+05:30  INFO 10832 --- [fraud-engine-service] [scheduling-1] c.s.f.f.client.BlacklistCacheClient      : Fetched 8 active blacklist entries from Rule Cache
2026-10-01T10:18:36.219+05:30  INFO 10832 --- [fraud-engine-service] [scheduling-1] c.s.f.f.cache.ActiveBlacklistCache       : Active blacklist cache refreshed entryCount=8
2026-10-01T10:18:36.424+05:30  INFO 10832 --- [fraud-engine-service] [scheduling-1] c.s.f.f.client.RuleCacheClient           : Fetching active rules from Rule Cache
2026-10-01T10:18:36.433+05:30  INFO 10832 --- [fraud-engine-service] [scheduling-1] c.s.f.f.client.RuleCacheClient           : Fetched 13 active rules from Rule Cache
2026-10-01T10:18:36.433+05:30  INFO 10832 --- [fraud-engine-service] [scheduling-1] c.s.f.fraudengine.cache.ActiveRuleCache  : Active rule cache refreshed ruleCount=13
2026-10-01T10:18:41.228+05:30  INFO 10832 --- [fraud-engine-service] [scheduling-1] c.s.f.f.client.BlacklistCacheClient      : Fetching active blacklist from Rule Cache
2026-10-01T10:18:41.239+05:30  INFO 10832 --- [fraud-engine-service] [scheduling-1] c.s.f.f.client.BlacklistCacheClient      : Fetched 8 active blacklist entries from Rule Cache
2026-10-01T10:18:41.239+05:30  INFO 10832 --- [fraud-engine-service] [scheduling-1] c.s.f.f.cache.ActiveBlacklistCache       : Active blacklist cache refreshed entryCount=8
2026-10-01T10:18:41.448+05:30  INFO 10832 --- [fraud-engine-service] [scheduling-1] c.s.f.f.client.RuleCacheClient           : Fetching active rules from Rule Cache
2026-10-01T10:18:41.459+05:30  INFO 10832 --- [fraud-engine-service] [scheduling-1] c.s.f.f.client.RuleCacheClient           : Fetched 13 active rules from Rule Cache
2026-10-01T10:18:41.459+05:30  INFO 10832 --- [fraud-engine-service] [scheduling-1] c.s.f.fraudengine.cache.ActiveRuleCache  : Active rule cache refreshed ruleCount=13
2026-10-01T10:18:46.240+05:30  INFO 10832 --- [fraud-engine-service] [scheduling-1] c.s.f.f.client.BlacklistCacheClient      : Fetching active blacklist from Rule Cache
2026-10-01T10:18:46.248+05:30  INFO 10832 --- [fraud-engine-service] [scheduling-1] c.s.f.f.client.BlacklistCacheClient      : Fetched 8 active blacklist entries from Rule Cache
2026-10-01T10:18:46.248+05:30  INFO 10832 --- [fraud-engine-service] [scheduling-1] c.s.f.f.cache.ActiveBlacklistCache       : Active blacklist cache refreshed entryCount=8
2026-10-01T10:18:46.462+05:30  INFO 10832 --- [fraud-engine-service] [scheduling-1] c.s.f.f.client.RuleCacheClient           : Fetching active rules from Rule Cache
2026-10-01T10:18:46.475+05:30  INFO 10832 --- [fraud-engine-service] [scheduling-1] c.s.f.f.client.RuleCacheClient           : Fetched 13 active rules from Rule Cache
2026-10-01T10:18:46.475+05:30  INFO 10832 --- [fraud-engine-service] [scheduling-1] c.s.f.fraudengine.cache.ActiveRuleCache  : Active rule cache refreshed ruleCount=13
2026-10-01T10:18:51.253+05:30  INFO 10832 --- [fraud-engine-service] [scheduling-1] c.s.f.f.client.BlacklistCacheClient      : Fetching active blacklist from Rule Cache
2026-10-01T10:18:51.261+05:30  INFO 10832 --- [fraud-engine-service] [scheduling-1] c.s.f.f.client.BlacklistCacheClient      : Fetched 8 active blacklist entries from Rule Cache
2026-10-01T10:18:51.261+05:30  INFO 10832 --- [fraud-engine-service] [scheduling-1] c.s.f.f.cache.ActiveBlacklistCache       : Active blacklist cache refreshed entryCount=8
2026-10-01T10:18:51.485+05:30  INFO 10832 --- [fraud-engine-service] [scheduling-1] c.s.f.f.client.RuleCacheClient           : Fetching active rules from Rule Cache
2026-10-01T10:18:51.494+05:30  INFO 10832 --- [fraud-engine-service] [scheduling-1] c.s.f.f.client.RuleCacheClient           : Fetched 13 active rules from Rule Cache
2026-10-01T10:18:51.494+05:30  INFO 10832 --- [fraud-engine-service] [scheduling-1] c.s.f.fraudengine.cache.ActiveRuleCache  : Active rule cache refreshed ruleCount=13
2026-10-01T10:18:56.271+05:30  INFO 10832 --- [fraud-engine-service] [scheduling-1] c.s.f.f.client.BlacklistCacheClient      : Fetching active blacklist from Rule Cache
2026-10-01T10:18:56.279+05:30  INFO 10832 --- [fraud-engine-service] [scheduling-1] c.s.f.f.client.BlacklistCacheClient      : Fetched 8 active blacklist entries from Rule Cache
2026-10-01T10:18:56.279+05:30  INFO 10832 --- [fraud-engine-service] [scheduling-1] c.s.f.f.cache.ActiveBlacklistCache       : Active blacklist cache refreshed entryCount=8
2026-10-01T10:18:56.496+05:30  INFO 10832 --- [fraud-engine-service] [scheduling-1] c.s.f.f.client.RuleCacheClient           : Fetching active rules from Rule Cache
2026-10-01T10:18:56.507+05:30  INFO 10832 --- [fraud-engine-service] [scheduling-1] c.s.f.f.client.RuleCacheClient           : Fetched 13 active rules from Rule Cache
2026-10-01T10:18:56.507+05:30  INFO 10832 --- [fraud-engine-service] [scheduling-1] c.s.f.fraudengine.cache.ActiveRuleCache  : Active rule cache refreshed ruleCount=13
2026-10-01T10:19:01.282+05:30  INFO 10832 --- [fraud-engine-service] [scheduling-1] c.s.f.f.client.BlacklistCacheClient      : Fetching active blacklist from Rule Cache
2026-10-01T10:19:01.290+05:30  INFO 10832 --- [fraud-engine-service] [scheduling-1] c.s.f.f.client.BlacklistCacheClient      : Fetched 8 active blacklist entries from Rule Cache
2026-10-01T10:19:01.290+05:30  INFO 10832 --- [fraud-engine-service] [scheduling-1] c.s.f.f.cache.ActiveBlacklistCache       : Active blacklist cache refreshed entryCount=8
2026-10-01T10:19:01.509+05:30  INFO 10832 --- [fraud-engine-service] [scheduling-1] c.s.f.f.client.RuleCacheClient           : Fetching active rules from Rule Cache
2026-10-01T10:19:01.517+05:30  INFO 10832 --- [fraud-engine-service] [scheduling-1] c.s.f.f.client.RuleCacheClient           : Fetched 13 active rules from Rule Cache
2026-10-01T10:19:01.517+05:30  INFO 10832 --- [fraud-engine-service] [scheduling-1] c.s.f.fraudengine.cache.ActiveRuleCache  : Active rule cache refreshed ruleCount=13
2026-10-01T10:19:06.297+05:30  INFO 10832 --- [fraud-engine-service] [scheduling-1] c.s.f.f.client.BlacklistCacheClient      : Fetching active blacklist from Rule Cache
2026-10-01T10:19:06.308+05:30  INFO 10832 --- [fraud-engine-service] [scheduling-1] c.s.f.f.client.BlacklistCacheClient      : Fetched 8 active blacklist entries from Rule Cache
2026-10-01T10:19:06.308+05:30  INFO 10832 --- [fraud-engine-service] [scheduling-1] c.s.f.f.cache.ActiveBlacklistCache       : Active blacklist cache refreshed entryCount=8
2026-10-01T10:19:06.525+05:30  INFO 10832 --- [fraud-engine-service] [scheduling-1] c.s.f.f.client.RuleCacheClient           : Fetching active rules from Rule Cache
2026-10-01T10:19:06.537+05:30  INFO 10832 --- [fraud-engine-service] [scheduling-1] c.s.f.f.client.RuleCacheClient           : Fetched 13 active rules from Rule Cache
2026-10-01T10:19:06.537+05:30  INFO 10832 --- [fraud-engine-service] [scheduling-1] c.s.f.fraudengine.cache.ActiveRuleCache  : Active rule cache refreshed ruleCount=13
2026-10-01T10:19:11.326+05:30  INFO 10832 --- [fraud-engine-service] [scheduling-1] c.s.f.f.client.BlacklistCacheClient      : Fetching active blacklist from Rule Cache
2026-10-01T10:19:11.338+05:30  INFO 10832 --- [fraud-engine-service] [scheduling-1] c.s.f.f.client.BlacklistCacheClient      : Fetched 8 active blacklist entries from Rule Cache
2026-10-01T10:19:11.338+05:30  INFO 10832 --- [fraud-engine-service] [scheduling-1] c.s.f.f.cache.ActiveBlacklistCache       : Active blacklist cache refreshed entryCount=8
2026-10-01T10:19:11.551+05:30  INFO 10832 --- [fraud-engine-service] [scheduling-1] c.s.f.f.client.RuleCacheClient           : Fetching active rules from Rule Cache
2026-10-01T10:19:11.559+05:30  INFO 10832 --- [fraud-engine-service] [scheduling-1] c.s.f.f.client.RuleCacheClient           : Fetched 13 active rules from Rule Cache
2026-10-01T10:19:11.559+05:30  INFO 10832 --- [fraud-engine-service] [scheduling-1] c.s.f.fraudengine.cache.ActiveRuleCache  : Active rule cache refreshed ruleCount=13
2026-10-01T10:19:16.354+05:30  INFO 10832 --- [fraud-engine-service] [scheduling-1] c.s.f.f.client.BlacklistCacheClient      : Fetching active blacklist from Rule Cache
2026-10-01T10:19:16.362+05:30  INFO 10832 --- [fraud-engine-service] [scheduling-1] c.s.f.f.client.BlacklistCacheClient      : Fetched 8 active blacklist entries from Rule Cache
2026-10-01T10:19:16.362+05:30  INFO 10832 --- [fraud-engine-service] [scheduling-1] c.s.f.f.cache.ActiveBlacklistCache       : Active blacklist cache refreshed entryCount=8
2026-10-01T10:19:16.569+05:30  INFO 10832 --- [fraud-engine-service] [scheduling-1] c.s.f.f.client.RuleCacheClient           : Fetching active rules from Rule Cache
2026-10-01T10:19:16.579+05:30  INFO 10832 --- [fraud-engine-service] [scheduling-1] c.s.f.f.client.RuleCacheClient           : Fetched 13 active rules from Rule Cache
2026-10-01T10:19:16.579+05:30  INFO 10832 --- [fraud-engine-service] [scheduling-1] c.s.f.fraudengine.cache.ActiveRuleCache  : Active rule cache refreshed ruleCount=13
2026-10-01T10:19:21.374+05:30  INFO 10832 --- [fraud-engine-service] [scheduling-1] c.s.f.f.client.BlacklistCacheClient      : Fetching active blacklist from Rule Cache
2026-10-01T10:19:21.386+05:30  INFO 10832 --- [fraud-engine-service] [scheduling-1] c.s.f.f.client.BlacklistCacheClient      : Fetched 8 active blacklist entries from Rule Cache
2026-10-01T10:19:21.386+05:30  INFO 10832 --- [fraud-engine-service] [scheduling-1] c.s.f.f.cache.ActiveBlacklistCache       : Active blacklist cache refreshed entryCount=8
2026-10-01T10:19:21.586+05:30  INFO 10832 --- [fraud-engine-service] [scheduling-1] c.s.f.f.client.RuleCacheClient           : Fetching active rules from Rule Cache
2026-10-01T10:19:21.596+05:30  INFO 10832 --- [fraud-engine-service] [scheduling-1] c.s.f.f.client.RuleCacheClient           : Fetched 13 active rules from Rule Cache
2026-10-01T10:19:21.597+05:30  INFO 10832 --- [fraud-engine-service] [scheduling-1] c.s.f.fraudengine.cache.ActiveRuleCache  : Active rule cache refreshed ruleCount=13
2026-10-01T10:19:26.397+05:30  INFO 10832 --- [fraud-engine-service] [scheduling-1] c.s.f.f.client.BlacklistCacheClient      : Fetching active blacklist from Rule Cache
2026-10-01T10:19:26.405+05:30  INFO 10832 --- [fraud-engine-service] [scheduling-1] c.s.f.f.client.BlacklistCacheClient      : Fetched 8 active blacklist entries from Rule Cache
2026-10-01T10:19:26.405+05:30  INFO 10832 --- [fraud-engine-service] [scheduling-1] c.s.f.f.cache.ActiveBlacklistCache       : Active blacklist cache refreshed entryCount=8
2026-10-01T10:19:26.613+05:30  INFO 10832 --- [fraud-engine-service] [scheduling-1] c.s.f.f.client.RuleCacheClient           : Fetching active rules from Rule Cache
2026-10-01T10:19:26.621+05:30  INFO 10832 --- [fraud-engine-service] [scheduling-1] c.s.f.f.client.RuleCacheClient           : Fetched 13 active rules from Rule Cache
2026-10-01T10:19:26.621+05:30  INFO 10832 --- [fraud-engine-service] [scheduling-1] c.s.f.fraudengine.cache.ActiveRuleCache  : Active rule cache refreshed ruleCount=13
2026-10-01T10:19:31.412+05:30  INFO 10832 --- [fraud-engine-service] [scheduling-1] c.s.f.f.client.BlacklistCacheClient      : Fetching active blacklist from Rule Cache
2026-10-01T10:19:31.423+05:30  INFO 10832 --- [fraud-engine-service] [scheduling-1] c.s.f.f.client.BlacklistCacheClient      : Fetched 8 active blacklist entries from Rule Cache
2026-10-01T10:19:31.423+05:30  INFO 10832 --- [fraud-engine-service] [scheduling-1] c.s.f.f.cache.ActiveBlacklistCache       : Active blacklist cache refreshed entryCount=8
2026-10-01T10:19:31.634+05:30  INFO 10832 --- [fraud-engine-service] [scheduling-1] c.s.f.f.client.RuleCacheClient           : Fetching active rules from Rule Cache
2026-10-01T10:19:31.647+05:30  INFO 10832 --- [fraud-engine-service] [scheduling-1] c.s.f.f.client.RuleCacheClient           : Fetched 13 active rules from Rule Cache
2026-10-01T10:19:31.647+05:30  INFO 10832 --- [fraud-engine-service] [scheduling-1] c.s.f.fraudengine.cache.ActiveRuleCache  : Active rule cache refreshed ruleCount=13
2026-10-01T10:19:36.425+05:30  INFO 10832 --- [fraud-engine-service] [scheduling-1] c.s.f.f.client.BlacklistCacheClient      : Fetching active blacklist from Rule Cache
2026-10-01T10:19:36.434+05:30  INFO 10832 --- [fraud-engine-service] [scheduling-1] c.s.f.f.client.BlacklistCacheClient      : Fetched 8 active blacklist entries from Rule Cache
2026-10-01T10:19:36.434+05:30  INFO 10832 --- [fraud-engine-service] [scheduling-1] c.s.f.f.cache.ActiveBlacklistCache       : Active blacklist cache refreshed entryCount=8
2026-10-01T10:19:36.652+05:30  INFO 10832 --- [fraud-engine-service] [scheduling-1] c.s.f.f.client.RuleCacheClient           : Fetching active rules from Rule Cache
2026-10-01T10:19:36.662+05:30  INFO 10832 --- [fraud-engine-service] [scheduling-1] c.s.f.f.client.RuleCacheClient           : Fetched 13 active rules from Rule Cache
2026-10-01T10:19:36.662+05:30  INFO 10832 --- [fraud-engine-service] [scheduling-1] c.s.f.fraudengine.cache.ActiveRuleCache  : Active rule cache refreshed ruleCount=13
2026-10-01T10:19:41.442+05:30  INFO 10832 --- [fraud-engine-service] [scheduling-1] c.s.f.f.client.BlacklistCacheClient      : Fetching active blacklist from Rule Cache
2026-10-01T10:19:41.452+05:30  INFO 10832 --- [fraud-engine-service] [scheduling-1] c.s.f.f.client.BlacklistCacheClient      : Fetched 8 active blacklist entries from Rule Cache
2026-10-01T10:19:41.452+05:30  INFO 10832 --- [fraud-engine-service] [scheduling-1] c.s.f.f.cache.ActiveBlacklistCache       : Active blacklist cache refreshed entryCount=8
2026-10-01T10:19:41.663+05:30  INFO 10832 --- [fraud-engine-service] [scheduling-1] c.s.f.f.client.RuleCacheClient           : Fetching active rules from Rule Cache
2026-10-01T10:19:41.676+05:30  INFO 10832 --- [fraud-engine-service] [scheduling-1] c.s.f.f.client.RuleCacheClient           : Fetched 13 active rules from Rule Cache
2026-10-01T10:19:41.676+05:30  INFO 10832 --- [fraud-engine-service] [scheduling-1] c.s.f.fraudengine.cache.ActiveRuleCache  : Active rule cache refreshed ruleCount=13
2026-10-01T10:19:46.463+05:30  INFO 10832 --- [fraud-engine-service] [scheduling-1] c.s.f.f.client.BlacklistCacheClient      : Fetching active blacklist from Rule Cache
2026-10-01T10:19:46.471+05:30  INFO 10832 --- [fraud-engine-service] [scheduling-1] c.s.f.f.client.BlacklistCacheClient      : Fetched 8 active blacklist entries from Rule Cache
2026-10-01T10:19:46.471+05:30  INFO 10832 --- [fraud-engine-service] [scheduling-1] c.s.f.f.cache.ActiveBlacklistCache       : Active blacklist cache refreshed entryCount=8
2026-10-01T10:19:46.678+05:30  INFO 10832 --- [fraud-engine-service] [scheduling-1] c.s.f.f.client.RuleCacheClient           : Fetching active rules from Rule Cache
2026-10-01T10:19:46.688+05:30  INFO 10832 --- [fraud-engine-service] [scheduling-1] c.s.f.f.client.RuleCacheClient           : Fetched 13 active rules from Rule Cache
2026-10-01T10:19:46.688+05:30  INFO 10832 --- [fraud-engine-service] [scheduling-1] c.s.f.fraudengine.cache.ActiveRuleCache  : Active rule cache refreshed ruleCount=13
2026-10-01T10:19:51.483+05:30  INFO 10832 --- [fraud-engine-service] [scheduling-1] c.s.f.f.client.BlacklistCacheClient      : Fetching active blacklist from Rule Cache
2026-10-01T10:19:51.494+05:30  INFO 10832 --- [fraud-engine-service] [scheduling-1] c.s.f.f.client.BlacklistCacheClient      : Fetched 8 active blacklist entries from Rule Cache
2026-10-01T10:19:51.494+05:30  INFO 10832 --- [fraud-engine-service] [scheduling-1] c.s.f.f.cache.ActiveBlacklistCache       : Active blacklist cache refreshed entryCount=8
2026-10-01T10:19:51.690+05:30  INFO 10832 --- [fraud-engine-service] [scheduling-1] c.s.f.f.client.RuleCacheClient           : Fetching active rules from Rule Cache
2026-10-01T10:19:51.706+05:30  INFO 10832 --- [fraud-engine-service] [scheduling-1] c.s.f.f.client.RuleCacheClient           : Fetched 13 active rules from Rule Cache
2026-10-01T10:19:51.706+05:30  INFO 10832 --- [fraud-engine-service] [scheduling-1] c.s.f.fraudengine.cache.ActiveRuleCache  : Active rule cache refreshed ruleCount=13
2026-10-01T10:19:56.508+05:30  INFO 10832 --- [fraud-engine-service] [scheduling-1] c.s.f.f.client.BlacklistCacheClient      : Fetching active blacklist from Rule Cache
2026-10-01T10:19:56.521+05:30  INFO 10832 --- [fraud-engine-service] [scheduling-1] c.s.f.f.client.BlacklistCacheClient      : Fetched 8 active blacklist entries from Rule Cache
2026-10-01T10:19:56.521+05:30  INFO 10832 --- [fraud-engine-service] [scheduling-1] c.s.f.f.cache.ActiveBlacklistCache       : Active blacklist cache refreshed entryCount=8
2026-10-01T10:19:56.717+05:30  INFO 10832 --- [fraud-engine-service] [scheduling-1] c.s.f.f.client.RuleCacheClient           : Fetching active rules from Rule Cache
2026-10-01T10:19:56.736+05:30  INFO 10832 --- [fraud-engine-service] [scheduling-1] c.s.f.f.client.RuleCacheClient           : Fetched 13 active rules from Rule Cache
2026-10-01T10:19:56.736+05:30  INFO 10832 --- [fraud-engine-service] [scheduling-1] c.s.f.fraudengine.cache.ActiveRuleCache  : Active rule cache refreshed ruleCount=13
2026-10-01T10:20:01.527+05:30  INFO 10832 --- [fraud-engine-service] [scheduling-1] c.s.f.f.client.BlacklistCacheClient      : Fetching active blacklist from Rule Cache
2026-10-01T10:20:01.540+05:30  INFO 10832 --- [fraud-engine-service] [scheduling-1] c.s.f.f.client.BlacklistCacheClient      : Fetched 8 active blacklist entries from Rule Cache
2026-10-01T10:20:01.540+05:30  INFO 10832 --- [fraud-engine-service] [scheduling-1] c.s.f.f.cache.ActiveBlacklistCache       : Active blacklist cache refreshed entryCount=8
2026-10-01T10:20:01.748+05:30  INFO 10832 --- [fraud-engine-service] [scheduling-1] c.s.f.f.client.RuleCacheClient           : Fetching active rules from Rule Cache
2026-10-01T10:20:01.758+05:30  INFO 10832 --- [fraud-engine-service] [scheduling-1] c.s.f.f.client.RuleCacheClient           : Fetched 13 active rules from Rule Cache
2026-10-01T10:20:01.758+05:30  INFO 10832 --- [fraud-engine-service] [scheduling-1] c.s.f.fraudengine.cache.ActiveRuleCache  : Active rule cache refreshed ruleCount=13
2026-10-01T10:20:23.045+05:30  INFO 10832 --- [fraud-engine-service] [scheduling-1] c.s.f.f.client.BlacklistCacheClient      : Fetching active blacklist from Rule Cache
2026-10-01T10:20:23.392+05:30  INFO 10832 --- [fraud-engine-service] [scheduling-1] c.s.f.f.client.BlacklistCacheClient      : Fetched 8 active blacklist entries from Rule Cache
2026-10-01T10:20:23.392+05:30  INFO 10832 --- [fraud-engine-service] [scheduling-1] c.s.f.f.cache.ActiveBlacklistCache       : Active blacklist cache refreshed entryCount=8
2026-10-01T10:20:23.392+05:30  INFO 10832 --- [fraud-engine-service] [scheduling-1] c.s.f.f.client.RuleCacheClient           : Fetching active rules from Rule Cache
2026-10-01T10:20:23.531+05:30  INFO 10832 --- [fraud-engine-service] [scheduling-1] c.s.f.f.client.RuleCacheClient           : Fetched 13 active rules from Rule Cache
2026-10-01T10:20:23.531+05:30  INFO 10832 --- [fraud-engine-service] [scheduling-1] c.s.f.fraudengine.cache.ActiveRuleCache  : Active rule cache refreshed ruleCount=13
2026-10-01T10:20:28.430+05:30  INFO 10832 --- [fraud-engine-service] [scheduling-1] c.s.f.f.client.BlacklistCacheClient      : Fetching active blacklist from Rule Cache
2026-10-01T10:20:28.854+05:30  INFO 10832 --- [fraud-engine-service] [scheduling-1] c.s.f.f.client.BlacklistCacheClient      : Fetched 8 active blacklist entries from Rule Cache
2026-10-01T10:20:28.854+05:30  INFO 10832 --- [fraud-engine-service] [scheduling-1] c.s.f.f.cache.ActiveBlacklistCache       : Active blacklist cache refreshed entryCount=8
2026-10-01T10:20:28.854+05:30  INFO 10832 --- [fraud-engine-service] [scheduling-1] c.s.f.f.client.RuleCacheClient           : Fetching active rules from Rule Cache
2026-10-01T10:20:29.163+05:30  INFO 10832 --- [fraud-engine-service] [scheduling-1] c.s.f.f.client.RuleCacheClient           : Fetched 13 active rules from Rule Cache
2026-10-01T10:20:29.165+05:30  INFO 10832 --- [fraud-engine-service] [scheduling-1] c.s.f.fraudengine.cache.ActiveRuleCache  : Active rule cache refreshed ruleCount=13
2026-10-01T10:20:33.861+05:30  INFO 10832 --- [fraud-engine-service] [scheduling-1] c.s.f.f.client.BlacklistCacheClient      : Fetching active blacklist from Rule Cache
2026-10-01T10:20:33.872+05:30  INFO 10832 --- [fraud-engine-service] [scheduling-1] c.s.f.f.client.BlacklistCacheClient      : Fetched 8 active blacklist entries from Rule Cache
2026-10-01T10:20:33.872+05:30  INFO 10832 --- [fraud-engine-service] [scheduling-1] c.s.f.f.cache.ActiveBlacklistCache       : Active blacklist cache refreshed entryCount=8
2026-10-01T10:20:34.172+05:30  INFO 10832 --- [fraud-engine-service] [scheduling-1] c.s.f.f.client.RuleCacheClient           : Fetching active rules from Rule Cache
2026-10-01T10:20:34.183+05:30  INFO 10832 --- [fraud-engine-service] [scheduling-1] c.s.f.f.client.RuleCacheClient           : Fetched 13 active rules from Rule Cache
2026-10-01T10:20:34.183+05:30  INFO 10832 --- [fraud-engine-service] [scheduling-1] c.s.f.fraudengine.cache.ActiveRuleCache  : Active rule cache refreshed ruleCount=13
2026-10-01T10:20:38.885+05:30  INFO 10832 --- [fraud-engine-service] [scheduling-1] c.s.f.f.client.BlacklistCacheClient      : Fetching active blacklist from Rule Cache
2026-10-01T10:20:38.896+05:30  INFO 10832 --- [fraud-engine-service] [scheduling-1] c.s.f.f.client.BlacklistCacheClient      : Fetched 8 active blacklist entries from Rule Cache
2026-10-01T10:20:38.896+05:30  INFO 10832 --- [fraud-engine-service] [scheduling-1] c.s.f.f.cache.ActiveBlacklistCache       : Active blacklist cache refreshed entryCount=8
2026-10-01T10:20:39.187+05:30  INFO 10832 --- [fraud-engine-service] [scheduling-1] c.s.f.f.client.RuleCacheClient           : Fetching active rules from Rule Cache
2026-10-01T10:20:39.195+05:30  INFO 10832 --- [fraud-engine-service] [scheduling-1] c.s.f.f.client.RuleCacheClient           : Fetched 13 active rules from Rule Cache
2026-10-01T10:20:39.195+05:30  INFO 10832 --- [fraud-engine-service] [scheduling-1] c.s.f.fraudengine.cache.ActiveRuleCache  : Active rule cache refreshed ruleCount=13
2026-10-01T10:20:43.905+05:30  INFO 10832 --- [fraud-engine-service] [scheduling-1] c.s.f.f.client.BlacklistCacheClient      : Fetching active blacklist from Rule Cache
2026-10-01T10:20:43.917+05:30  INFO 10832 --- [fraud-engine-service] [scheduling-1] c.s.f.f.client.BlacklistCacheClient      : Fetched 8 active blacklist entries from Rule Cache
2026-10-01T10:20:43.917+05:30  INFO 10832 --- [fraud-engine-service] [scheduling-1] c.s.f.f.cache.ActiveBlacklistCache       : Active blacklist cache refreshed entryCount=8
2026-10-01T10:20:44.202+05:30  INFO 10832 --- [fraud-engine-service] [scheduling-1] c.s.f.f.client.RuleCacheClient           : Fetching active rules from Rule Cache
2026-10-01T10:20:44.213+05:30  INFO 10832 --- [fraud-engine-service] [scheduling-1] c.s.f.f.client.RuleCacheClient           : Fetched 13 active rules from Rule Cache
2026-10-01T10:20:44.213+05:30  INFO 10832 --- [fraud-engine-service] [scheduling-1] c.s.f.fraudengine.cache.ActiveRuleCache  : Active rule cache refreshed ruleCount=13
2026-10-01T10:20:46.281+05:30  INFO 10832 --- [fraud-engine-service] [AsyncResolver-bootstrap-executor-%d] c.n.d.s.r.aws.ConfigClusterResolver      : Resolving eureka endpoints via configuration
2026-10-01T10:20:48.933+05:30  INFO 10832 --- [fraud-engine-service] [scheduling-1] c.s.f.f.client.BlacklistCacheClient      : Fetching active blacklist from Rule Cache
2026-10-01T10:20:48.933+05:30  INFO 10832 --- [fraud-engine-service] [scheduling-1] c.s.f.f.client.BlacklistCacheClient      : Fetched 8 active blacklist entries from Rule Cache
2026-10-01T10:20:48.933+05:30  INFO 10832 --- [fraud-engine-service] [scheduling-1] c.s.f.f.cache.ActiveBlacklistCache       : Active blacklist cache refreshed entryCount=8
2026-10-01T10:20:49.220+05:30  INFO 10832 --- [fraud-engine-service] [scheduling-1] c.s.f.f.client.RuleCacheClient           : Fetching active rules from Rule Cache
2026-10-01T10:20:49.228+05:30  INFO 10832 --- [fraud-engine-service] [scheduling-1] c.s.f.f.client.RuleCacheClient           : Fetched 13 active rules from Rule Cache
2026-10-01T10:20:49.228+05:30  INFO 10832 --- [fraud-engine-service] [scheduling-1] c.s.f.fraudengine.cache.ActiveRuleCache  : Active rule cache refreshed ruleCount=13
2026-10-01T10:20:53.958+05:30  INFO 10832 --- [fraud-engine-service] [scheduling-1] c.s.f.f.client.BlacklistCacheClient      : Fetching active blacklist from Rule Cache
2026-10-01T10:20:53.968+05:30  INFO 10832 --- [fraud-engine-service] [scheduling-1] c.s.f.f.client.BlacklistCacheClient      : Fetched 8 active blacklist entries from Rule Cache
2026-10-01T10:20:53.968+05:30  INFO 10832 --- [fraud-engine-service] [scheduling-1] c.s.f.f.cache.ActiveBlacklistCache       : Active blacklist cache refreshed entryCount=8
2026-10-01T10:20:54.244+05:30  INFO 10832 --- [fraud-engine-service] [scheduling-1] c.s.f.f.client.RuleCacheClient           : Fetching active rules from Rule Cache
2026-10-01T10:20:54.250+05:30  INFO 10832 --- [fraud-engine-service] [scheduling-1] c.s.f.f.client.RuleCacheClient           : Fetched 13 active rules from Rule Cache
2026-10-01T10:20:54.250+05:30  INFO 10832 --- [fraud-engine-service] [scheduling-1] c.s.f.fraudengine.cache.ActiveRuleCache  : Active rule cache refreshed ruleCount=13
2026-10-01T10:20:58.976+05:30  INFO 10832 --- [fraud-engine-service] [scheduling-1] c.s.f.f.client.BlacklistCacheClient      : Fetching active blacklist from Rule Cache
2026-10-01T10:20:58.982+05:30  INFO 10832 --- [fraud-engine-service] [scheduling-1] c.s.f.f.client.BlacklistCacheClient      : Fetched 8 active blacklist entries from Rule Cache
2026-10-01T10:20:58.982+05:30  INFO 10832 --- [fraud-engine-service] [scheduling-1] c.s.f.f.cache.ActiveBlacklistCache       : Active blacklist cache refreshed entryCount=8
2026-10-01T10:20:59.263+05:30  INFO 10832 --- [fraud-engine-service] [scheduling-1] c.s.f.f.client.RuleCacheClient           : Fetching active rules from Rule Cache
2026-10-01T10:20:59.269+05:30  INFO 10832 --- [fraud-engine-service] [scheduling-1] c.s.f.f.client.RuleCacheClient           : Fetched 13 active rules from Rule Cache
2026-10-01T10:20:59.269+05:30  INFO 10832 --- [fraud-engine-service] [scheduling-1] c.s.f.fraudengine.cache.ActiveRuleCache  : Active rule cache refreshed ruleCount=13
2026-10-01T10:21:03.995+05:30  INFO 10832 --- [fraud-engine-service] [scheduling-1] c.s.f.f.client.BlacklistCacheClient      : Fetching active blacklist from Rule Cache
2026-10-01T10:21:03.998+05:30  INFO 10832 --- [fraud-engine-service] [scheduling-1] c.s.f.f.client.BlacklistCacheClient      : Fetched 8 active blacklist entries from Rule Cache
2026-10-01T10:21:03.998+05:30  INFO 10832 --- [fraud-engine-service] [scheduling-1] c.s.f.f.cache.ActiveBlacklistCache       : Active blacklist cache refreshed entryCount=8
2026-10-01T10:21:04.283+05:30  INFO 10832 --- [fraud-engine-service] [scheduling-1] c.s.f.f.client.RuleCacheClient           : Fetching active rules from Rule Cache
2026-10-01T10:21:04.283+05:30  INFO 10832 --- [fraud-engine-service] [scheduling-1] c.s.f.f.client.RuleCacheClient           : Fetched 13 active rules from Rule Cache
2026-10-01T10:21:04.283+05:30  INFO 10832 --- [fraud-engine-service] [scheduling-1] c.s.f.fraudengine.cache.ActiveRuleCache  : Active rule cache refreshed ruleCount=13
2026-10-01T10:21:09.019+05:30  INFO 10832 --- [fraud-engine-service] [scheduling-1] c.s.f.f.client.BlacklistCacheClient      : Fetching active blacklist from Rule Cache
2026-10-01T10:21:09.029+05:30  INFO 10832 --- [fraud-engine-service] [scheduling-1] c.s.f.f.client.BlacklistCacheClient      : Fetched 8 active blacklist entries from Rule Cache
2026-10-01T10:21:09.029+05:30  INFO 10832 --- [fraud-engine-service] [scheduling-1] c.s.f.f.cache.ActiveBlacklistCache       : Active blacklist cache refreshed entryCount=8
2026-10-01T10:21:09.306+05:30  INFO 10832 --- [fraud-engine-service] [scheduling-1] c.s.f.f.client.RuleCacheClient           : Fetching active rules from Rule Cache
2026-10-01T10:21:09.316+05:30  INFO 10832 --- [fraud-engine-service] [scheduling-1] c.s.f.f.client.RuleCacheClient           : Fetched 13 active rules from Rule Cache
2026-10-01T10:21:09.316+05:30  INFO 10832 --- [fraud-engine-service] [scheduling-1] c.s.f.fraudengine.cache.ActiveRuleCache  : Active rule cache refreshed ruleCount=13
2026-10-01T10:21:14.040+05:30  INFO 10832 --- [fraud-engine-service] [scheduling-1] c.s.f.f.client.BlacklistCacheClient      : Fetching active blacklist from Rule Cache
2026-10-01T10:21:14.040+05:30  INFO 10832 --- [fraud-engine-service] [scheduling-1] c.s.f.f.client.BlacklistCacheClient      : Fetched 8 active blacklist entries from Rule Cache
2026-10-01T10:21:14.040+05:30  INFO 10832 --- [fraud-engine-service] [scheduling-1] c.s.f.f.cache.ActiveBlacklistCache       : Active blacklist cache refreshed entryCount=8
2026-10-01T10:21:14.324+05:30  INFO 10832 --- [fraud-engine-service] [scheduling-1] c.s.f.f.client.RuleCacheClient           : Fetching active rules from Rule Cache
2026-10-01T10:21:14.324+05:30  INFO 10832 --- [fraud-engine-service] [scheduling-1] c.s.f.f.client.RuleCacheClient           : Fetched 13 active rules from Rule Cache
2026-10-01T10:21:14.324+05:30  INFO 10832 --- [fraud-engine-service] [scheduling-1] c.s.f.fraudengine.cache.ActiveRuleCache  : Active rule cache refreshed ruleCount=13
2026-10-01T10:21:19.063+05:30  INFO 10832 --- [fraud-engine-service] [scheduling-1] c.s.f.f.client.BlacklistCacheClient      : Fetching active blacklist from Rule Cache
2026-10-01T10:21:19.065+05:30  INFO 10832 --- [fraud-engine-service] [scheduling-1] c.s.f.f.client.BlacklistCacheClient      : Fetched 8 active blacklist entries from Rule Cache
2026-10-01T10:21:19.065+05:30  INFO 10832 --- [fraud-engine-service] [scheduling-1] c.s.f.f.cache.ActiveBlacklistCache       : Active blacklist cache refreshed entryCount=8
2026-10-01T10:21:19.350+05:30  INFO 10832 --- [fraud-engine-service] [scheduling-1] c.s.f.f.client.RuleCacheClient           : Fetching active rules from Rule Cache
2026-10-01T10:21:19.356+05:30  INFO 10832 --- [fraud-engine-service] [scheduling-1] c.s.f.f.client.RuleCacheClient           : Fetched 13 active rules from Rule Cache
2026-10-01T10:21:19.356+05:30  INFO 10832 --- [fraud-engine-service] [scheduling-1] c.s.f.fraudengine.cache.ActiveRuleCache  : Active rule cache refreshed ruleCount=13
2026-10-01T10:21:24.083+05:30  INFO 10832 --- [fraud-engine-service] [scheduling-1] c.s.f.f.client.BlacklistCacheClient      : Fetching active blacklist from Rule Cache
2026-10-01T10:21:24.115+05:30  INFO 10832 --- [fraud-engine-service] [scheduling-1] c.s.f.f.client.BlacklistCacheClient      : Fetched 8 active blacklist entries from Rule Cache
2026-10-01T10:21:24.115+05:30  INFO 10832 --- [fraud-engine-service] [scheduling-1] c.s.f.f.cache.ActiveBlacklistCache       : Active blacklist cache refreshed entryCount=8
2026-10-01T10:21:24.369+05:30  INFO 10832 --- [fraud-engine-service] [scheduling-1] c.s.f.f.client.RuleCacheClient           : Fetching active rules from Rule Cache
2026-10-01T10:21:24.379+05:30  INFO 10832 --- [fraud-engine-service] [scheduling-1] c.s.f.f.client.RuleCacheClient           : Fetched 13 active rules from Rule Cache
2026-10-01T10:21:24.379+05:30  INFO 10832 --- [fraud-engine-service] [scheduling-1] c.s.f.fraudengine.cache.ActiveRuleCache  : Active rule cache refreshed ruleCount=13
2026-10-01T10:21:29.124+05:30  INFO 10832 --- [fraud-engine-service] [scheduling-1] c.s.f.f.client.BlacklistCacheClient      : Fetching active blacklist from Rule Cache
2026-10-01T10:21:29.133+05:30  INFO 10832 --- [fraud-engine-service] [scheduling-1] c.s.f.f.client.BlacklistCacheClient      : Fetched 8 active blacklist entries from Rule Cache
2026-10-01T10:21:29.133+05:30  INFO 10832 --- [fraud-engine-service] [scheduling-1] c.s.f.f.cache.ActiveBlacklistCache       : Active blacklist cache refreshed entryCount=8
2026-10-01T10:21:29.395+05:30  INFO 10832 --- [fraud-engine-service] [scheduling-1] c.s.f.f.client.RuleCacheClient           : Fetching active rules from Rule Cache
2026-10-01T10:21:29.404+05:30  INFO 10832 --- [fraud-engine-service] [scheduling-1] c.s.f.f.client.RuleCacheClient           : Fetched 13 active rules from Rule Cache
2026-10-01T10:21:29.404+05:30  INFO 10832 --- [fraud-engine-service] [scheduling-1] c.s.f.fraudengine.cache.ActiveRuleCache  : Active rule cache refreshed ruleCount=13
2026-10-01T10:21:34.142+05:30  INFO 10832 --- [fraud-engine-service] [scheduling-1] c.s.f.f.client.BlacklistCacheClient      : Fetching active blacklist from Rule Cache
2026-10-01T10:21:34.147+05:30  INFO 10832 --- [fraud-engine-service] [scheduling-1] c.s.f.f.client.BlacklistCacheClient      : Fetched 8 active blacklist entries from Rule Cache
2026-10-01T10:21:34.147+05:30  INFO 10832 --- [fraud-engine-service] [scheduling-1] c.s.f.f.cache.ActiveBlacklistCache       : Active blacklist cache refreshed entryCount=8
2026-10-01T10:21:34.413+05:30  INFO 10832 --- [fraud-engine-service] [scheduling-1] c.s.f.f.client.RuleCacheClient           : Fetching active rules from Rule Cache
2026-10-01T10:21:34.423+05:30  INFO 10832 --- [fraud-engine-service] [scheduling-1] c.s.f.f.client.RuleCacheClient           : Fetched 13 active rules from Rule Cache
2026-10-01T10:21:34.423+05:30  INFO 10832 --- [fraud-engine-service] [scheduling-1] c.s.f.fraudengine.cache.ActiveRuleCache  : Active rule cache refreshed ruleCount=13
2026-10-01T10:21:39.160+05:30  INFO 10832 --- [fraud-engine-service] [scheduling-1] c.s.f.f.client.BlacklistCacheClient      : Fetching active blacklist from Rule Cache
2026-10-01T10:21:39.176+05:30  INFO 10832 --- [fraud-engine-service] [scheduling-1] c.s.f.f.client.BlacklistCacheClient      : Fetched 8 active blacklist entries from Rule Cache
2026-10-01T10:21:39.176+05:30  INFO 10832 --- [fraud-engine-service] [scheduling-1] c.s.f.f.cache.ActiveBlacklistCache       : Active blacklist cache refreshed entryCount=8
2026-10-01T10:21:39.431+05:30  INFO 10832 --- [fraud-engine-service] [scheduling-1] c.s.f.f.client.RuleCacheClient           : Fetching active rules from Rule Cache
2026-10-01T10:21:39.435+05:30  INFO 10832 --- [fraud-engine-service] [scheduling-1] c.s.f.f.client.RuleCacheClient           : Fetched 13 active rules from Rule Cache
2026-10-01T10:21:39.435+05:30  INFO 10832 --- [fraud-engine-service] [scheduling-1] c.s.f.fraudengine.cache.ActiveRuleCache  : Active rule cache refreshed ruleCount=13
2026-10-01T10:21:44.191+05:30  INFO 10832 --- [fraud-engine-service] [scheduling-1] c.s.f.f.client.BlacklistCacheClient      : Fetching active blacklist from Rule Cache
2026-10-01T10:21:44.195+05:30  INFO 10832 --- [fraud-engine-service] [scheduling-1] c.s.f.f.client.BlacklistCacheClient      : Fetched 8 active blacklist entries from Rule Cache
2026-10-01T10:21:44.195+05:30  INFO 10832 --- [fraud-engine-service] [scheduling-1] c.s.f.f.cache.ActiveBlacklistCache       : Active blacklist cache refreshed entryCount=8
2026-10-01T10:21:44.447+05:30  INFO 10832 --- [fraud-engine-service] [scheduling-1] c.s.f.f.client.RuleCacheClient           : Fetching active rules from Rule Cache
2026-10-01T10:21:44.447+05:30  INFO 10832 --- [fraud-engine-service] [scheduling-1] c.s.f.f.client.RuleCacheClient           : Fetched 13 active rules from Rule Cache
2026-10-01T10:21:44.447+05:30  INFO 10832 --- [fraud-engine-service] [scheduling-1] c.s.f.fraudengine.cache.ActiveRuleCache  : Active rule cache refreshed ruleCount=13
2026-10-01T10:21:49.205+05:30  INFO 10832 --- [fraud-engine-service] [scheduling-1] c.s.f.f.client.BlacklistCacheClient      : Fetching active blacklist from Rule Cache
2026-10-01T10:21:49.213+05:30  INFO 10832 --- [fraud-engine-service] [scheduling-1] c.s.f.f.client.BlacklistCacheClient      : Fetched 8 active blacklist entries from Rule Cache
2026-10-01T10:21:49.213+05:30  INFO 10832 --- [fraud-engine-service] [scheduling-1] c.s.f.f.cache.ActiveBlacklistCache       : Active blacklist cache refreshed entryCount=8
2026-10-01T10:21:49.476+05:30  INFO 10832 --- [fraud-engine-service] [scheduling-1] c.s.f.f.client.RuleCacheClient           : Fetching active rules from Rule Cache
2026-10-01T10:21:49.487+05:30  INFO 10832 --- [fraud-engine-service] [scheduling-1] c.s.f.f.client.RuleCacheClient           : Fetched 13 active rules from Rule Cache
2026-10-01T10:21:49.487+05:30  INFO 10832 --- [fraud-engine-service] [scheduling-1] c.s.f.fraudengine.cache.ActiveRuleCache  : Active rule cache refreshed ruleCount=13
2026-10-01T10:21:54.221+05:30  INFO 10832 --- [fraud-engine-service] [scheduling-1] c.s.f.f.client.BlacklistCacheClient      : Fetching active blacklist from Rule Cache
2026-10-01T10:21:54.223+05:30  INFO 10832 --- [fraud-engine-service] [scheduling-1] c.s.f.f.client.BlacklistCacheClient      : Fetched 8 active blacklist entries from Rule Cache
2026-10-01T10:21:54.223+05:30  INFO 10832 --- [fraud-engine-service] [scheduling-1] c.s.f.f.cache.ActiveBlacklistCache       : Active blacklist cache refreshed entryCount=8
2026-10-01T10:21:54.499+05:30  INFO 10832 --- [fraud-engine-service] [scheduling-1] c.s.f.f.client.RuleCacheClient           : Fetching active rules from Rule Cache
2026-10-01T10:21:54.512+05:30  INFO 10832 --- [fraud-engine-service] [scheduling-1] c.s.f.f.client.RuleCacheClient           : Fetched 13 active rules from Rule Cache
2026-10-01T10:21:54.512+05:30  INFO 10832 --- [fraud-engine-service] [scheduling-1] c.s.f.fraudengine.cache.ActiveRuleCache  : Active rule cache refreshed ruleCount=13
2026-10-01T10:21:59.238+05:30  INFO 10832 --- [fraud-engine-service] [scheduling-1] c.s.f.f.client.BlacklistCacheClient      : Fetching active blacklist from Rule Cache
2026-10-01T10:21:59.259+05:30  INFO 10832 --- [fraud-engine-service] [scheduling-1] c.s.f.f.client.BlacklistCacheClient      : Fetched 8 active blacklist entries from Rule Cache
2026-10-01T10:21:59.260+05:30  INFO 10832 --- [fraud-engine-service] [scheduling-1] c.s.f.f.cache.ActiveBlacklistCache       : Active blacklist cache refreshed entryCount=8
2026-10-01T10:21:59.522+05:30  INFO 10832 --- [fraud-engine-service] [scheduling-1] c.s.f.f.client.RuleCacheClient           : Fetching active rules from Rule Cache
2026-10-01T10:21:59.544+05:30  INFO 10832 --- [fraud-engine-service] [scheduling-1] c.s.f.f.client.RuleCacheClient           : Fetched 13 active rules from Rule Cache
2026-10-01T10:21:59.544+05:30  INFO 10832 --- [fraud-engine-service] [scheduling-1] c.s.f.fraudengine.cache.ActiveRuleCache  : Active rule cache refreshed ruleCount=13
2026-10-01T10:22:04.265+05:30  INFO 10832 --- [fraud-engine-service] [scheduling-1] c.s.f.f.client.BlacklistCacheClient      : Fetching active blacklist from Rule Cache
2026-10-01T10:22:04.278+05:30  INFO 10832 --- [fraud-engine-service] [scheduling-1] c.s.f.f.client.BlacklistCacheClient      : Fetched 8 active blacklist entries from Rule Cache
2026-10-01T10:22:04.278+05:30  INFO 10832 --- [fraud-engine-service] [scheduling-1] c.s.f.f.cache.ActiveBlacklistCache       : Active blacklist cache refreshed entryCount=8
2026-10-01T10:22:04.560+05:30  INFO 10832 --- [fraud-engine-service] [scheduling-1] c.s.f.f.client.RuleCacheClient           : Fetching active rules from Rule Cache
2026-10-01T10:22:04.569+05:30  INFO 10832 --- [fraud-engine-service] [scheduling-1] c.s.f.f.client.RuleCacheClient           : Fetched 13 active rules from Rule Cache
2026-10-01T10:22:04.571+05:30  INFO 10832 --- [fraud-engine-service] [scheduling-1] c.s.f.fraudengine.cache.ActiveRuleCache  : Active rule cache refreshed ruleCount=13
2026-10-01T10:22:09.289+05:30  INFO 10832 --- [fraud-engine-service] [scheduling-1] c.s.f.f.client.BlacklistCacheClient      : Fetching active blacklist from Rule Cache
2026-10-01T10:22:09.300+05:30  INFO 10832 --- [fraud-engine-service] [scheduling-1] c.s.f.f.client.BlacklistCacheClient      : Fetched 8 active blacklist entries from Rule Cache
2026-10-01T10:22:09.300+05:30  INFO 10832 --- [fraud-engine-service] [scheduling-1] c.s.f.f.cache.ActiveBlacklistCache       : Active blacklist cache refreshed entryCount=8
2026-10-01T10:22:09.579+05:30  INFO 10832 --- [fraud-engine-service] [scheduling-1] c.s.f.f.client.RuleCacheClient           : Fetching active rules from Rule Cache
2026-10-01T10:22:09.589+05:30  INFO 10832 --- [fraud-engine-service] [scheduling-1] c.s.f.f.client.RuleCacheClient           : Fetched 13 active rules from Rule Cache
2026-10-01T10:22:09.590+05:30  INFO 10832 --- [fraud-engine-service] [scheduling-1] c.s.f.fraudengine.cache.ActiveRuleCache  : Active rule cache refreshed ruleCount=13
2026-10-01T10:22:14.313+05:30  INFO 10832 --- [fraud-engine-service] [scheduling-1] c.s.f.f.client.BlacklistCacheClient      : Fetching active blacklist from Rule Cache
2026-10-01T10:22:14.313+05:30  INFO 10832 --- [fraud-engine-service] [scheduling-1] c.s.f.f.client.BlacklistCacheClient      : Fetched 8 active blacklist entries from Rule Cache
2026-10-01T10:22:14.313+05:30  INFO 10832 --- [fraud-engine-service] [scheduling-1] c.s.f.f.cache.ActiveBlacklistCache       : Active blacklist cache refreshed entryCount=8
2026-10-01T10:22:14.596+05:30  INFO 10832 --- [fraud-engine-service] [scheduling-1] c.s.f.f.client.RuleCacheClient           : Fetching active rules from Rule Cache
2026-10-01T10:22:14.606+05:30  INFO 10832 --- [fraud-engine-service] [scheduling-1] c.s.f.f.client.RuleCacheClient           : Fetched 13 active rules from Rule Cache
2026-10-01T10:22:14.606+05:30  INFO 10832 --- [fraud-engine-service] [scheduling-1] c.s.f.fraudengine.cache.ActiveRuleCache  : Active rule cache refreshed ruleCount=13
2026-10-01T10:22:19.331+05:30  INFO 10832 --- [fraud-engine-service] [scheduling-1] c.s.f.f.client.BlacklistCacheClient      : Fetching active blacklist from Rule Cache
2026-10-01T10:22:19.340+05:30  INFO 10832 --- [fraud-engine-service] [scheduling-1] c.s.f.f.client.BlacklistCacheClient      : Fetched 8 active blacklist entries from Rule Cache
2026-10-01T10:22:19.340+05:30  INFO 10832 --- [fraud-engine-service] [scheduling-1] c.s.f.f.cache.ActiveBlacklistCache       : Active blacklist cache refreshed entryCount=8
2026-10-01T10:22:19.617+05:30  INFO 10832 --- [fraud-engine-service] [scheduling-1] c.s.f.f.client.RuleCacheClient           : Fetching active rules from Rule Cache
2026-10-01T10:22:19.626+05:30  INFO 10832 --- [fraud-engine-service] [scheduling-1] c.s.f.f.client.RuleCacheClient           : Fetched 13 active rules from Rule Cache
2026-10-01T10:22:19.626+05:30  INFO 10832 --- [fraud-engine-service] [scheduling-1] c.s.f.fraudengine.cache.ActiveRuleCache  : Active rule cache refreshed ruleCount=13
2026-10-01T10:22:24.356+05:30  INFO 10832 --- [fraud-engine-service] [scheduling-1] c.s.f.f.client.BlacklistCacheClient      : Fetching active blacklist from Rule Cache
2026-10-01T10:22:24.356+05:30  INFO 10832 --- [fraud-engine-service] [scheduling-1] c.s.f.f.client.BlacklistCacheClient      : Fetched 8 active blacklist entries from Rule Cache
2026-10-01T10:22:24.356+05:30  INFO 10832 --- [fraud-engine-service] [scheduling-1] c.s.f.f.cache.ActiveBlacklistCache       : Active blacklist cache refreshed entryCount=8
2026-10-01T10:22:24.644+05:30  INFO 10832 --- [fraud-engine-service] [scheduling-1] c.s.f.f.client.RuleCacheClient           : Fetching active rules from Rule Cache
2026-10-01T10:22:24.655+05:30  INFO 10832 --- [fraud-engine-service] [scheduling-1] c.s.f.f.client.RuleCacheClient           : Fetched 13 active rules from Rule Cache
2026-10-01T10:22:24.655+05:30  INFO 10832 --- [fraud-engine-service] [scheduling-1] c.s.f.fraudengine.cache.ActiveRuleCache  : Active rule cache refreshed ruleCount=13
2026-10-01T10:22:29.383+05:30  INFO 10832 --- [fraud-engine-service] [scheduling-1] c.s.f.f.client.BlacklistCacheClient      : Fetching active blacklist from Rule Cache
2026-10-01T10:22:29.383+05:30  INFO 10832 --- [fraud-engine-service] [scheduling-1] c.s.f.f.client.BlacklistCacheClient      : Fetched 8 active blacklist entries from Rule Cache
2026-10-01T10:22:29.383+05:30  INFO 10832 --- [fraud-engine-service] [scheduling-1] c.s.f.f.cache.ActiveBlacklistCache       : Active blacklist cache refreshed entryCount=8
2026-10-01T10:22:29.668+05:30  INFO 10832 --- [fraud-engine-service] [scheduling-1] c.s.f.f.client.RuleCacheClient           : Fetching active rules from Rule Cache
2026-10-01T10:22:29.678+05:30  INFO 10832 --- [fraud-engine-service] [scheduling-1] c.s.f.f.client.RuleCacheClient           : Fetched 13 active rules from Rule Cache
2026-10-01T10:22:29.678+05:30  INFO 10832 --- [fraud-engine-service] [scheduling-1] c.s.f.fraudengine.cache.ActiveRuleCache  : Active rule cache refreshed ruleCount=13
2026-10-01T10:22:34.396+05:30  INFO 10832 --- [fraud-engine-service] [scheduling-1] c.s.f.f.client.BlacklistCacheClient      : Fetching active blacklist from Rule Cache
2026-10-01T10:22:34.403+05:30  INFO 10832 --- [fraud-engine-service] [scheduling-1] c.s.f.f.client.BlacklistCacheClient      : Fetched 8 active blacklist entries from Rule Cache
2026-10-01T10:22:34.403+05:30  INFO 10832 --- [fraud-engine-service] [scheduling-1] c.s.f.f.cache.ActiveBlacklistCache       : Active blacklist cache refreshed entryCount=8
2026-10-01T10:22:34.683+05:30  INFO 10832 --- [fraud-engine-service] [scheduling-1] c.s.f.f.client.RuleCacheClient           : Fetching active rules from Rule Cache
2026-10-01T10:22:34.684+05:30  INFO 10832 --- [fraud-engine-service] [scheduling-1] c.s.f.f.client.RuleCacheClient           : Fetched 13 active rules from Rule Cache
2026-10-01T10:22:34.684+05:30  INFO 10832 --- [fraud-engine-service] [scheduling-1] c.s.f.fraudengine.cache.ActiveRuleCache  : Active rule cache refreshed ruleCount=13
2026-10-01T10:22:39.408+05:30  INFO 10832 --- [fraud-engine-service] [scheduling-1] c.s.f.f.client.BlacklistCacheClient      : Fetching active blacklist from Rule Cache
2026-10-01T10:22:39.412+05:30  INFO 10832 --- [fraud-engine-service] [scheduling-1] c.s.f.f.client.BlacklistCacheClient      : Fetched 8 active blacklist entries from Rule Cache
2026-10-01T10:22:39.412+05:30  INFO 10832 --- [fraud-engine-service] [scheduling-1] c.s.f.f.cache.ActiveBlacklistCache       : Active blacklist cache refreshed entryCount=8
2026-10-01T10:22:39.694+05:30  INFO 10832 --- [fraud-engine-service] [scheduling-1] c.s.f.f.client.RuleCacheClient           : Fetching active rules from Rule Cache
2026-10-01T10:22:39.698+05:30  INFO 10832 --- [fraud-engine-service] [scheduling-1] c.s.f.f.client.RuleCacheClient           : Fetched 13 active rules from Rule Cache
2026-10-01T10:22:39.698+05:30  INFO 10832 --- [fraud-engine-service] [scheduling-1] c.s.f.fraudengine.cache.ActiveRuleCache  : Active rule cache refreshed ruleCount=13
2026-10-01T10:22:44.429+05:30  INFO 10832 --- [fraud-engine-service] [scheduling-1] c.s.f.f.client.BlacklistCacheClient      : Fetching active blacklist from Rule Cache
2026-10-01T10:22:44.436+05:30  INFO 10832 --- [fraud-engine-service] [scheduling-1] c.s.f.f.client.BlacklistCacheClient      : Fetched 8 active blacklist entries from Rule Cache
2026-10-01T10:22:44.436+05:30  INFO 10832 --- [fraud-engine-service] [scheduling-1] c.s.f.f.cache.ActiveBlacklistCache       : Active blacklist cache refreshed entryCount=8
2026-10-01T10:22:44.715+05:30  INFO 10832 --- [fraud-engine-service] [scheduling-1] c.s.f.f.client.RuleCacheClient           : Fetching active rules from Rule Cache
2026-10-01T10:22:44.715+05:30  INFO 10832 --- [fraud-engine-service] [scheduling-1] c.s.f.f.client.RuleCacheClient           : Fetched 13 active rules from Rule Cache
2026-10-01T10:22:44.715+05:30  INFO 10832 --- [fraud-engine-service] [scheduling-1] c.s.f.fraudengine.cache.ActiveRuleCache  : Active rule cache refreshed ruleCount=13
2026-10-01T10:22:49.443+05:30  INFO 10832 --- [fraud-engine-service] [scheduling-1] c.s.f.f.client.BlacklistCacheClient      : Fetching active blacklist from Rule Cache
2026-10-01T10:22:49.443+05:30  INFO 10832 --- [fraud-engine-service] [scheduling-1] c.s.f.f.client.BlacklistCacheClient      : Fetched 8 active blacklist entries from Rule Cache
2026-10-01T10:22:49.443+05:30  INFO 10832 --- [fraud-engine-service] [scheduling-1] c.s.f.f.cache.ActiveBlacklistCache       : Active blacklist cache refreshed entryCount=8
2026-10-01T10:22:49.729+05:30  INFO 10832 --- [fraud-engine-service] [scheduling-1] c.s.f.f.client.RuleCacheClient           : Fetching active rules from Rule Cache
2026-10-01T10:22:49.738+05:30  INFO 10832 --- [fraud-engine-service] [scheduling-1] c.s.f.f.client.RuleCacheClient           : Fetched 13 active rules from Rule Cache
2026-10-01T10:22:49.738+05:30  INFO 10832 --- [fraud-engine-service] [scheduling-1] c.s.f.fraudengine.cache.ActiveRuleCache  : Active rule cache refreshed ruleCount=13
2026-10-01T10:22:54.463+05:30  INFO 10832 --- [fraud-engine-service] [scheduling-1] c.s.f.f.client.BlacklistCacheClient      : Fetching active blacklist from Rule Cache
2026-10-01T10:22:54.463+05:30  INFO 10832 --- [fraud-engine-service] [scheduling-1] c.s.f.f.client.BlacklistCacheClient      : Fetched 8 active blacklist entries from Rule Cache
2026-10-01T10:22:54.463+05:30  INFO 10832 --- [fraud-engine-service] [scheduling-1] c.s.f.f.cache.ActiveBlacklistCache       : Active blacklist cache refreshed entryCount=8
2026-10-01T10:22:54.750+05:30  INFO 10832 --- [fraud-engine-service] [scheduling-1] c.s.f.f.client.RuleCacheClient           : Fetching active rules from Rule Cache
2026-10-01T10:22:54.754+05:30  INFO 10832 --- [fraud-engine-service] [scheduling-1] c.s.f.f.client.RuleCacheClient           : Fetched 13 active rules from Rule Cache
2026-10-01T10:22:54.754+05:30  INFO 10832 --- [fraud-engine-service] [scheduling-1] c.s.f.fraudengine.cache.ActiveRuleCache  : Active rule cache refreshed ruleCount=13
2026-10-01T10:22:59.486+05:30  INFO 10832 --- [fraud-engine-service] [scheduling-1] c.s.f.f.client.BlacklistCacheClient      : Fetching active blacklist from Rule Cache
2026-10-01T10:22:59.489+05:30  INFO 10832 --- [fraud-engine-service] [scheduling-1] c.s.f.f.client.BlacklistCacheClient      : Fetched 8 active blacklist entries from Rule Cache
2026-10-01T10:22:59.489+05:30  INFO 10832 --- [fraud-engine-service] [scheduling-1] c.s.f.f.cache.ActiveBlacklistCache       : Active blacklist cache refreshed entryCount=8
2026-10-01T10:22:59.772+05:30  INFO 10832 --- [fraud-engine-service] [scheduling-1] c.s.f.f.client.RuleCacheClient           : Fetching active rules from Rule Cache
2026-10-01T10:22:59.772+05:30  INFO 10832 --- [fraud-engine-service] [scheduling-1] c.s.f.f.client.RuleCacheClient           : Fetched 13 active rules from Rule Cache
2026-10-01T10:22:59.772+05:30  INFO 10832 --- [fraud-engine-service] [scheduling-1] c.s.f.fraudengine.cache.ActiveRuleCache  : Active rule cache refreshed ruleCount=13
2026-10-01T10:23:04.503+05:30  INFO 10832 --- [fraud-engine-service] [scheduling-1] c.s.f.f.client.BlacklistCacheClient      : Fetching active blacklist from Rule Cache
2026-10-01T10:23:04.505+05:30  INFO 10832 --- [fraud-engine-service] [scheduling-1] c.s.f.f.client.BlacklistCacheClient      : Fetched 8 active blacklist entries from Rule Cache
2026-10-01T10:23:04.505+05:30  INFO 10832 --- [fraud-engine-service] [scheduling-1] c.s.f.f.cache.ActiveBlacklistCache       : Active blacklist cache refreshed entryCount=8
2026-10-01T10:23:04.791+05:30  INFO 10832 --- [fraud-engine-service] [scheduling-1] c.s.f.f.client.RuleCacheClient           : Fetching active rules from Rule Cache
2026-10-01T10:23:04.799+05:30  INFO 10832 --- [fraud-engine-service] [scheduling-1] c.s.f.f.client.RuleCacheClient           : Fetched 13 active rules from Rule Cache
2026-10-01T10:23:04.799+05:30  INFO 10832 --- [fraud-engine-service] [scheduling-1] c.s.f.fraudengine.cache.ActiveRuleCache  : Active rule cache refreshed ruleCount=13
2026-10-01T10:23:09.522+05:30  INFO 10832 --- [fraud-engine-service] [scheduling-1] c.s.f.f.client.BlacklistCacheClient      : Fetching active blacklist from Rule Cache
2026-10-01T10:23:09.536+05:30  INFO 10832 --- [fraud-engine-service] [scheduling-1] c.s.f.f.client.BlacklistCacheClient      : Fetched 8 active blacklist entries from Rule Cache
2026-10-01T10:23:09.536+05:30  INFO 10832 --- [fraud-engine-service] [scheduling-1] c.s.f.f.cache.ActiveBlacklistCache       : Active blacklist cache refreshed entryCount=8
2026-10-01T10:23:09.809+05:30  INFO 10832 --- [fraud-engine-service] [scheduling-1] c.s.f.f.client.RuleCacheClient           : Fetching active rules from Rule Cache
2026-10-01T10:23:09.819+05:30  INFO 10832 --- [fraud-engine-service] [scheduling-1] c.s.f.f.client.RuleCacheClient           : Fetched 13 active rules from Rule Cache
2026-10-01T10:23:09.819+05:30  INFO 10832 --- [fraud-engine-service] [scheduling-1] c.s.f.fraudengine.cache.ActiveRuleCache  : Active rule cache refreshed ruleCount=13
2026-10-01T10:23:14.540+05:30  INFO 10832 --- [fraud-engine-service] [scheduling-1] c.s.f.f.client.BlacklistCacheClient      : Fetching active blacklist from Rule Cache
2026-10-01T10:23:14.550+05:30  INFO 10832 --- [fraud-engine-service] [scheduling-1] c.s.f.f.client.BlacklistCacheClient      : Fetched 8 active blacklist entries from Rule Cache
2026-10-01T10:23:14.550+05:30  INFO 10832 --- [fraud-engine-service] [scheduling-1] c.s.f.f.cache.ActiveBlacklistCache       : Active blacklist cache refreshed entryCount=8
2026-10-01T10:23:14.828+05:30  INFO 10832 --- [fraud-engine-service] [scheduling-1] c.s.f.f.client.RuleCacheClient           : Fetching active rules from Rule Cache
2026-10-01T10:23:14.839+05:30  INFO 10832 --- [fraud-engine-service] [scheduling-1] c.s.f.f.client.RuleCacheClient           : Fetched 13 active rules from Rule Cache
2026-10-01T10:23:14.839+05:30  INFO 10832 --- [fraud-engine-service] [scheduling-1] c.s.f.fraudengine.cache.ActiveRuleCache  : Active rule cache refreshed ruleCount=13
2026-10-01T10:23:19.568+05:30  INFO 10832 --- [fraud-engine-service] [scheduling-1] c.s.f.f.client.BlacklistCacheClient      : Fetching active blacklist from Rule Cache
2026-10-01T10:23:19.569+05:30  INFO 10832 --- [fraud-engine-service] [scheduling-1] c.s.f.f.client.BlacklistCacheClient      : Fetched 8 active blacklist entries from Rule Cache
2026-10-01T10:23:19.569+05:30  INFO 10832 --- [fraud-engine-service] [scheduling-1] c.s.f.f.cache.ActiveBlacklistCache       : Active blacklist cache refreshed entryCount=8
2026-10-01T10:23:19.854+05:30  INFO 10832 --- [fraud-engine-service] [scheduling-1] c.s.f.f.client.RuleCacheClient           : Fetching active rules from Rule Cache
2026-10-01T10:23:19.856+05:30  INFO 10832 --- [fraud-engine-service] [scheduling-1] c.s.f.f.client.RuleCacheClient           : Fetched 13 active rules from Rule Cache
2026-10-01T10:23:19.856+05:30  INFO 10832 --- [fraud-engine-service] [scheduling-1] c.s.f.fraudengine.cache.ActiveRuleCache  : Active rule cache refreshed ruleCount=13
2026-10-01T10:23:24.591+05:30  INFO 10832 --- [fraud-engine-service] [scheduling-1] c.s.f.f.client.BlacklistCacheClient      : Fetching active blacklist from Rule Cache
2026-10-01T10:23:24.593+05:30  INFO 10832 --- [fraud-engine-service] [scheduling-1] c.s.f.f.client.BlacklistCacheClient      : Fetched 8 active blacklist entries from Rule Cache
2026-10-01T10:23:24.593+05:30  INFO 10832 --- [fraud-engine-service] [scheduling-1] c.s.f.f.cache.ActiveBlacklistCache       : Active blacklist cache refreshed entryCount=8
2026-10-01T10:23:24.878+05:30  INFO 10832 --- [fraud-engine-service] [scheduling-1] c.s.f.f.client.RuleCacheClient           : Fetching active rules from Rule Cache
2026-10-01T10:23:24.885+05:30  INFO 10832 --- [fraud-engine-service] [scheduling-1] c.s.f.f.client.RuleCacheClient           : Fetched 13 active rules from Rule Cache
2026-10-01T10:23:24.885+05:30  INFO 10832 --- [fraud-engine-service] [scheduling-1] c.s.f.fraudengine.cache.ActiveRuleCache  : Active rule cache refreshed ruleCount=13
2026-10-01T10:23:29.611+05:30  INFO 10832 --- [fraud-engine-service] [scheduling-1] c.s.f.f.client.BlacklistCacheClient      : Fetching active blacklist from Rule Cache
2026-10-01T10:23:29.619+05:30  INFO 10832 --- [fraud-engine-service] [scheduling-1] c.s.f.f.client.BlacklistCacheClient      : Fetched 8 active blacklist entries from Rule Cache
2026-10-01T10:23:29.619+05:30  INFO 10832 --- [fraud-engine-service] [scheduling-1] c.s.f.f.cache.ActiveBlacklistCache       : Active blacklist cache refreshed entryCount=8
2026-10-01T10:23:29.900+05:30  INFO 10832 --- [fraud-engine-service] [scheduling-1] c.s.f.f.client.RuleCacheClient           : Fetching active rules from Rule Cache
2026-10-01T10:23:29.909+05:30  INFO 10832 --- [fraud-engine-service] [scheduling-1] c.s.f.f.client.RuleCacheClient           : Fetched 13 active rules from Rule Cache
2026-10-01T10:23:29.909+05:30  INFO 10832 --- [fraud-engine-service] [scheduling-1] c.s.f.fraudengine.cache.ActiveRuleCache  : Active rule cache refreshed ruleCount=13
2026-10-01T10:23:34.629+05:30  INFO 10832 --- [fraud-engine-service] [scheduling-1] c.s.f.f.client.BlacklistCacheClient      : Fetching active blacklist from Rule Cache
2026-10-01T10:23:34.638+05:30  INFO 10832 --- [fraud-engine-service] [scheduling-1] c.s.f.f.client.BlacklistCacheClient      : Fetched 8 active blacklist entries from Rule Cache
2026-10-01T10:23:34.638+05:30  INFO 10832 --- [fraud-engine-service] [scheduling-1] c.s.f.f.cache.ActiveBlacklistCache       : Active blacklist cache refreshed entryCount=8
2026-10-01T10:23:34.912+05:30  INFO 10832 --- [fraud-engine-service] [scheduling-1] c.s.f.f.client.RuleCacheClient           : Fetching active rules from Rule Cache
2026-10-01T10:23:34.923+05:30  INFO 10832 --- [fraud-engine-service] [scheduling-1] c.s.f.f.client.RuleCacheClient           : Fetched 13 active rules from Rule Cache
2026-10-01T10:23:34.923+05:30  INFO 10832 --- [fraud-engine-service] [scheduling-1] c.s.f.fraudengine.cache.ActiveRuleCache  : Active rule cache refreshed ruleCount=13
2026-10-01T10:23:39.648+05:30  INFO 10832 --- [fraud-engine-service] [scheduling-1] c.s.f.f.client.BlacklistCacheClient      : Fetching active blacklist from Rule Cache
2026-10-01T10:23:39.648+05:30  INFO 10832 --- [fraud-engine-service] [scheduling-1] c.s.f.f.client.BlacklistCacheClient      : Fetched 8 active blacklist entries from Rule Cache
2026-10-01T10:23:39.648+05:30  INFO 10832 --- [fraud-engine-service] [scheduling-1] c.s.f.f.cache.ActiveBlacklistCache       : Active blacklist cache refreshed entryCount=8
2026-10-01T10:23:39.935+05:30  INFO 10832 --- [fraud-engine-service] [scheduling-1] c.s.f.f.client.RuleCacheClient           : Fetching active rules from Rule Cache
2026-10-01T10:23:39.947+05:30  INFO 10832 --- [fraud-engine-service] [scheduling-1] c.s.f.f.client.RuleCacheClient           : Fetched 13 active rules from Rule Cache
2026-10-01T10:23:39.947+05:30  INFO 10832 --- [fraud-engine-service] [scheduling-1] c.s.f.fraudengine.cache.ActiveRuleCache  : Active rule cache refreshed ruleCount=13
2026-10-01T10:23:44.663+05:30  INFO 10832 --- [fraud-engine-service] [scheduling-1] c.s.f.f.client.BlacklistCacheClient      : Fetching active blacklist from Rule Cache
2026-10-01T10:23:44.663+05:30  INFO 10832 --- [fraud-engine-service] [scheduling-1] c.s.f.f.client.BlacklistCacheClient      : Fetched 8 active blacklist entries from Rule Cache
2026-10-01T10:23:44.663+05:30  INFO 10832 --- [fraud-engine-service] [scheduling-1] c.s.f.f.cache.ActiveBlacklistCache       : Active blacklist cache refreshed entryCount=8
2026-10-01T10:23:44.950+05:30  INFO 10832 --- [fraud-engine-service] [scheduling-1] c.s.f.f.client.RuleCacheClient           : Fetching active rules from Rule Cache
2026-10-01T10:23:44.960+05:30  INFO 10832 --- [fraud-engine-service] [scheduling-1] c.s.f.f.client.RuleCacheClient           : Fetched 13 active rules from Rule Cache
2026-10-01T10:23:44.960+05:30  INFO 10832 --- [fraud-engine-service] [scheduling-1] c.s.f.fraudengine.cache.ActiveRuleCache  : Active rule cache refreshed ruleCount=13
2026-10-01T10:23:49.683+05:30  INFO 10832 --- [fraud-engine-service] [scheduling-1] c.s.f.f.client.BlacklistCacheClient      : Fetching active blacklist from Rule Cache
2026-10-01T10:23:49.683+05:30  INFO 10832 --- [fraud-engine-service] [scheduling-1] c.s.f.f.client.BlacklistCacheClient      : Fetched 8 active blacklist entries from Rule Cache
2026-10-01T10:23:49.683+05:30  INFO 10832 --- [fraud-engine-service] [scheduling-1] c.s.f.f.cache.ActiveBlacklistCache       : Active blacklist cache refreshed entryCount=8
2026-10-01T10:23:49.968+05:30  INFO 10832 --- [fraud-engine-service] [scheduling-1] c.s.f.f.client.RuleCacheClient           : Fetching active rules from Rule Cache
2026-10-01T10:23:49.977+05:30  INFO 10832 --- [fraud-engine-service] [scheduling-1] c.s.f.f.client.RuleCacheClient           : Fetched 13 active rules from Rule Cache
2026-10-01T10:23:49.977+05:30  INFO 10832 --- [fraud-engine-service] [scheduling-1] c.s.f.fraudengine.cache.ActiveRuleCache  : Active rule cache refreshed ruleCount=13
2026-10-01T10:23:54.694+05:30  INFO 10832 --- [fraud-engine-service] [scheduling-1] c.s.f.f.client.BlacklistCacheClient      : Fetching active blacklist from Rule Cache
2026-10-01T10:23:54.694+05:30  INFO 10832 --- [fraud-engine-service] [scheduling-1] c.s.f.f.client.BlacklistCacheClient      : Fetched 8 active blacklist entries from Rule Cache
2026-10-01T10:23:54.694+05:30  INFO 10832 --- [fraud-engine-service] [scheduling-1] c.s.f.f.cache.ActiveBlacklistCache       : Active blacklist cache refreshed entryCount=8
2026-10-01T10:23:54.983+05:30  INFO 10832 --- [fraud-engine-service] [scheduling-1] c.s.f.f.client.RuleCacheClient           : Fetching active rules from Rule Cache
2026-10-01T10:23:54.989+05:30  INFO 10832 --- [fraud-engine-service] [scheduling-1] c.s.f.f.client.RuleCacheClient           : Fetched 13 active rules from Rule Cache
2026-10-01T10:23:54.989+05:30  INFO 10832 --- [fraud-engine-service] [scheduling-1] c.s.f.fraudengine.cache.ActiveRuleCache  : Active rule cache refreshed ruleCount=13
2026-10-01T10:23:59.715+05:30  INFO 10832 --- [fraud-engine-service] [scheduling-1] c.s.f.f.client.BlacklistCacheClient      : Fetching active blacklist from Rule Cache
2026-10-01T10:23:59.715+05:30  INFO 10832 --- [fraud-engine-service] [scheduling-1] c.s.f.f.client.BlacklistCacheClient      : Fetched 8 active blacklist entries from Rule Cache
2026-10-01T10:23:59.715+05:30  INFO 10832 --- [fraud-engine-service] [scheduling-1] c.s.f.f.cache.ActiveBlacklistCache       : Active blacklist cache refreshed entryCount=8
2026-10-01T10:24:00.002+05:30  INFO 10832 --- [fraud-engine-service] [scheduling-1] c.s.f.f.client.RuleCacheClient           : Fetching active rules from Rule Cache
2026-10-01T10:24:00.014+05:30  INFO 10832 --- [fraud-engine-service] [scheduling-1] c.s.f.f.client.RuleCacheClient           : Fetched 13 active rules from Rule Cache
2026-10-01T10:24:00.014+05:30  INFO 10832 --- [fraud-engine-service] [scheduling-1] c.s.f.fraudengine.cache.ActiveRuleCache  : Active rule cache refreshed ruleCount=13
2026-10-01T10:24:04.728+05:30  INFO 10832 --- [fraud-engine-service] [scheduling-1] c.s.f.f.client.BlacklistCacheClient      : Fetching active blacklist from Rule Cache
2026-10-01T10:24:04.728+05:30  INFO 10832 --- [fraud-engine-service] [scheduling-1] c.s.f.f.client.BlacklistCacheClient      : Fetched 8 active blacklist entries from Rule Cache
2026-10-01T10:24:04.728+05:30  INFO 10832 --- [fraud-engine-service] [scheduling-1] c.s.f.f.cache.ActiveBlacklistCache       : Active blacklist cache refreshed entryCount=8
2026-10-01T10:24:05.016+05:30  INFO 10832 --- [fraud-engine-service] [scheduling-1] c.s.f.f.client.RuleCacheClient           : Fetching active rules from Rule Cache
2026-10-01T10:24:05.016+05:30  INFO 10832 --- [fraud-engine-service] [scheduling-1] c.s.f.f.client.RuleCacheClient           : Fetched 13 active rules from Rule Cache
2026-10-01T10:24:05.016+05:30  INFO 10832 --- [fraud-engine-service] [scheduling-1] c.s.f.fraudengine.cache.ActiveRuleCache  : Active rule cache refreshed ruleCount=13
2026-10-01T10:24:09.750+05:30  INFO 10832 --- [fraud-engine-service] [scheduling-1] c.s.f.f.client.BlacklistCacheClient      : Fetching active blacklist from Rule Cache
2026-10-01T10:24:09.759+05:30  INFO 10832 --- [fraud-engine-service] [scheduling-1] c.s.f.f.client.BlacklistCacheClient      : Fetched 8 active blacklist entries from Rule Cache
2026-10-01T10:24:09.759+05:30  INFO 10832 --- [fraud-engine-service] [scheduling-1] c.s.f.f.cache.ActiveBlacklistCache       : Active blacklist cache refreshed entryCount=8
2026-10-01T10:24:10.037+05:30  INFO 10832 --- [fraud-engine-service] [scheduling-1] c.s.f.f.client.RuleCacheClient           : Fetching active rules from Rule Cache
2026-10-01T10:24:10.048+05:30  INFO 10832 --- [fraud-engine-service] [scheduling-1] c.s.f.f.client.RuleCacheClient           : Fetched 13 active rules from Rule Cache
2026-10-01T10:24:10.048+05:30  INFO 10832 --- [fraud-engine-service] [scheduling-1] c.s.f.fraudengine.cache.ActiveRuleCache  : Active rule cache refreshed ruleCount=13
2026-10-01T10:24:14.768+05:30  INFO 10832 --- [fraud-engine-service] [scheduling-1] c.s.f.f.client.BlacklistCacheClient      : Fetching active blacklist from Rule Cache
2026-10-01T10:24:14.772+05:30  INFO 10832 --- [fraud-engine-service] [scheduling-1] c.s.f.f.client.BlacklistCacheClient      : Fetched 8 active blacklist entries from Rule Cache
2026-10-01T10:24:14.772+05:30  INFO 10832 --- [fraud-engine-service] [scheduling-1] c.s.f.f.cache.ActiveBlacklistCache       : Active blacklist cache refreshed entryCount=8
2026-10-01T10:24:15.055+05:30  INFO 10832 --- [fraud-engine-service] [scheduling-1] c.s.f.f.client.RuleCacheClient           : Fetching active rules from Rule Cache
2026-10-01T10:24:15.063+05:30  INFO 10832 --- [fraud-engine-service] [scheduling-1] c.s.f.f.client.RuleCacheClient           : Fetched 13 active rules from Rule Cache
2026-10-01T10:24:15.063+05:30  INFO 10832 --- [fraud-engine-service] [scheduling-1] c.s.f.fraudengine.cache.ActiveRuleCache  : Active rule cache refreshed ruleCount=13
2026-10-01T10:24:19.792+05:30  INFO 10832 --- [fraud-engine-service] [scheduling-1] c.s.f.f.client.BlacklistCacheClient      : Fetching active blacklist from Rule Cache
2026-10-01T10:24:19.795+05:30  INFO 10832 --- [fraud-engine-service] [scheduling-1] c.s.f.f.client.BlacklistCacheClient      : Fetched 8 active blacklist entries from Rule Cache
2026-10-01T10:24:19.795+05:30  INFO 10832 --- [fraud-engine-service] [scheduling-1] c.s.f.f.cache.ActiveBlacklistCache       : Active blacklist cache refreshed entryCount=8
2026-10-01T10:24:20.079+05:30  INFO 10832 --- [fraud-engine-service] [scheduling-1] c.s.f.f.client.RuleCacheClient           : Fetching active rules from Rule Cache
2026-10-01T10:24:20.079+05:30  INFO 10832 --- [fraud-engine-service] [scheduling-1] c.s.f.f.client.RuleCacheClient           : Fetched 13 active rules from Rule Cache
2026-10-01T10:24:20.079+05:30  INFO 10832 --- [fraud-engine-service] [scheduling-1] c.s.f.fraudengine.cache.ActiveRuleCache  : Active rule cache refreshed ruleCount=13
2026-10-01T10:24:24.809+05:30  INFO 10832 --- [fraud-engine-service] [scheduling-1] c.s.f.f.client.BlacklistCacheClient      : Fetching active blacklist from Rule Cache
2026-10-01T10:24:24.809+05:30  INFO 10832 --- [fraud-engine-service] [scheduling-1] c.s.f.f.client.BlacklistCacheClient      : Fetched 8 active blacklist entries from Rule Cache
2026-10-01T10:24:24.809+05:30  INFO 10832 --- [fraud-engine-service] [scheduling-1] c.s.f.f.cache.ActiveBlacklistCache       : Active blacklist cache refreshed entryCount=8
2026-10-01T10:24:25.097+05:30  INFO 10832 --- [fraud-engine-service] [scheduling-1] c.s.f.f.client.RuleCacheClient           : Fetching active rules from Rule Cache
2026-10-01T10:24:25.106+05:30  INFO 10832 --- [fraud-engine-service] [scheduling-1] c.s.f.f.client.RuleCacheClient           : Fetched 13 active rules from Rule Cache
2026-10-01T10:24:25.106+05:30  INFO 10832 --- [fraud-engine-service] [scheduling-1] c.s.f.fraudengine.cache.ActiveRuleCache  : Active rule cache refreshed ruleCount=13
2026-10-01T10:24:29.835+05:30  INFO 10832 --- [fraud-engine-service] [scheduling-1] c.s.f.f.client.BlacklistCacheClient      : Fetching active blacklist from Rule Cache
2026-10-01T10:24:29.839+05:30  INFO 10832 --- [fraud-engine-service] [scheduling-1] c.s.f.f.client.BlacklistCacheClient      : Fetched 8 active blacklist entries from Rule Cache
2026-10-01T10:24:29.839+05:30  INFO 10832 --- [fraud-engine-service] [scheduling-1] c.s.f.f.cache.ActiveBlacklistCache       : Active blacklist cache refreshed entryCount=8
2026-10-01T10:24:30.124+05:30  INFO 10832 --- [fraud-engine-service] [scheduling-1] c.s.f.f.client.RuleCacheClient           : Fetching active rules from Rule Cache
2026-10-01T10:24:30.129+05:30  INFO 10832 --- [fraud-engine-service] [scheduling-1] c.s.f.f.client.RuleCacheClient           : Fetched 13 active rules from Rule Cache
2026-10-01T10:24:30.129+05:30  INFO 10832 --- [fraud-engine-service] [scheduling-1] c.s.f.fraudengine.cache.ActiveRuleCache  : Active rule cache refreshed ruleCount=13
2026-10-01T10:24:34.851+05:30  INFO 10832 --- [fraud-engine-service] [scheduling-1] c.s.f.f.client.BlacklistCacheClient      : Fetching active blacklist from Rule Cache
2026-10-01T10:24:34.859+05:30  INFO 10832 --- [fraud-engine-service] [scheduling-1] c.s.f.f.client.BlacklistCacheClient      : Fetched 8 active blacklist entries from Rule Cache
2026-10-01T10:24:34.859+05:30  INFO 10832 --- [fraud-engine-service] [scheduling-1] c.s.f.f.cache.ActiveBlacklistCache       : Active blacklist cache refreshed entryCount=8
2026-10-01T10:24:35.138+05:30  INFO 10832 --- [fraud-engine-service] [scheduling-1] c.s.f.f.client.RuleCacheClient           : Fetching active rules from Rule Cache
2026-10-01T10:24:35.147+05:30  INFO 10832 --- [fraud-engine-service] [scheduling-1] c.s.f.f.client.RuleCacheClient           : Fetched 13 active rules from Rule Cache
2026-10-01T10:24:35.147+05:30  INFO 10832 --- [fraud-engine-service] [scheduling-1] c.s.f.fraudengine.cache.ActiveRuleCache  : Active rule cache refreshed ruleCount=13
2026-10-01T10:24:39.870+05:30  INFO 10832 --- [fraud-engine-service] [scheduling-1] c.s.f.f.client.BlacklistCacheClient      : Fetching active blacklist from Rule Cache
2026-10-01T10:24:39.878+05:30  INFO 10832 --- [fraud-engine-service] [scheduling-1] c.s.f.f.client.BlacklistCacheClient      : Fetched 8 active blacklist entries from Rule Cache
2026-10-01T10:24:39.878+05:30  INFO 10832 --- [fraud-engine-service] [scheduling-1] c.s.f.f.cache.ActiveBlacklistCache       : Active blacklist cache refreshed entryCount=8
2026-10-01T10:24:40.157+05:30  INFO 10832 --- [fraud-engine-service] [scheduling-1] c.s.f.f.client.RuleCacheClient           : Fetching active rules from Rule Cache
2026-10-01T10:24:40.166+05:30  INFO 10832 --- [fraud-engine-service] [scheduling-1] c.s.f.f.client.RuleCacheClient           : Fetched 13 active rules from Rule Cache
2026-10-01T10:24:40.166+05:30  INFO 10832 --- [fraud-engine-service] [scheduling-1] c.s.f.fraudengine.cache.ActiveRuleCache  : Active rule cache refreshed ruleCount=13
2026-10-01T10:24:44.887+05:30  INFO 10832 --- [fraud-engine-service] [scheduling-1] c.s.f.f.client.BlacklistCacheClient      : Fetching active blacklist from Rule Cache
2026-10-01T10:24:44.911+05:30  INFO 10832 --- [fraud-engine-service] [scheduling-1] c.s.f.f.client.BlacklistCacheClient      : Fetched 8 active blacklist entries from Rule Cache
2026-10-01T10:24:44.911+05:30  INFO 10832 --- [fraud-engine-service] [scheduling-1] c.s.f.f.cache.ActiveBlacklistCache       : Active blacklist cache refreshed entryCount=8
2026-10-01T10:24:45.186+05:30  INFO 10832 --- [fraud-engine-service] [scheduling-1] c.s.f.f.client.RuleCacheClient           : Fetching active rules from Rule Cache
2026-10-01T10:24:45.198+05:30  INFO 10832 --- [fraud-engine-service] [scheduling-1] c.s.f.f.client.RuleCacheClient           : Fetched 13 active rules from Rule Cache
2026-10-01T10:24:45.198+05:30  INFO 10832 --- [fraud-engine-service] [scheduling-1] c.s.f.fraudengine.cache.ActiveRuleCache  : Active rule cache refreshed ruleCount=13
2026-10-01T10:24:49.919+05:30  INFO 10832 --- [fraud-engine-service] [scheduling-1] c.s.f.f.client.BlacklistCacheClient      : Fetching active blacklist from Rule Cache
2026-10-01T10:24:49.935+05:30  INFO 10832 --- [fraud-engine-service] [scheduling-1] c.s.f.f.client.BlacklistCacheClient      : Fetched 8 active blacklist entries from Rule Cache
2026-10-01T10:24:49.935+05:30  INFO 10832 --- [fraud-engine-service] [scheduling-1] c.s.f.f.cache.ActiveBlacklistCache       : Active blacklist cache refreshed entryCount=8
2026-10-01T10:24:50.203+05:30  INFO 10832 --- [fraud-engine-service] [scheduling-1] c.s.f.f.client.RuleCacheClient           : Fetching active rules from Rule Cache
2026-10-01T10:24:50.215+05:30  INFO 10832 --- [fraud-engine-service] [scheduling-1] c.s.f.f.client.RuleCacheClient           : Fetched 13 active rules from Rule Cache
2026-10-01T10:24:50.215+05:30  INFO 10832 --- [fraud-engine-service] [scheduling-1] c.s.f.fraudengine.cache.ActiveRuleCache  : Active rule cache refreshed ruleCount=13
2026-10-01T10:24:54.948+05:30  INFO 10832 --- [fraud-engine-service] [scheduling-1] c.s.f.f.client.BlacklistCacheClient      : Fetching active blacklist from Rule Cache
2026-10-01T10:24:54.962+05:30  INFO 10832 --- [fraud-engine-service] [scheduling-1] c.s.f.f.client.BlacklistCacheClient      : Fetched 8 active blacklist entries from Rule Cache
2026-10-01T10:24:54.962+05:30  INFO 10832 --- [fraud-engine-service] [scheduling-1] c.s.f.f.cache.ActiveBlacklistCache       : Active blacklist cache refreshed entryCount=8
2026-10-01T10:24:55.217+05:30  INFO 10832 --- [fraud-engine-service] [scheduling-1] c.s.f.f.client.RuleCacheClient           : Fetching active rules from Rule Cache
2026-10-01T10:24:55.228+05:30  INFO 10832 --- [fraud-engine-service] [scheduling-1] c.s.f.f.client.RuleCacheClient           : Fetched 13 active rules from Rule Cache
2026-10-01T10:24:55.228+05:30  INFO 10832 --- [fraud-engine-service] [scheduling-1] c.s.f.fraudengine.cache.ActiveRuleCache  : Active rule cache refreshed ruleCount=13
2026-10-01T10:24:59.978+05:30  INFO 10832 --- [fraud-engine-service] [scheduling-1] c.s.f.f.client.BlacklistCacheClient      : Fetching active blacklist from Rule Cache
2026-10-01T10:24:59.989+05:30  INFO 10832 --- [fraud-engine-service] [scheduling-1] c.s.f.f.client.BlacklistCacheClient      : Fetched 8 active blacklist entries from Rule Cache
2026-10-01T10:24:59.989+05:30  INFO 10832 --- [fraud-engine-service] [scheduling-1] c.s.f.f.cache.ActiveBlacklistCache       : Active blacklist cache refreshed entryCount=8
2026-10-01T10:25:00.237+05:30  INFO 10832 --- [fraud-engine-service] [scheduling-1] c.s.f.f.client.RuleCacheClient           : Fetching active rules from Rule Cache
2026-10-01T10:25:00.247+05:30  INFO 10832 --- [fraud-engine-service] [scheduling-1] c.s.f.f.client.RuleCacheClient           : Fetched 13 active rules from Rule Cache
2026-10-01T10:25:00.247+05:30  INFO 10832 --- [fraud-engine-service] [scheduling-1] c.s.f.fraudengine.cache.ActiveRuleCache  : Active rule cache refreshed ruleCount=13
2026-10-01T10:25:04.994+05:30  INFO 10832 --- [fraud-engine-service] [scheduling-1] c.s.f.f.client.BlacklistCacheClient      : Fetching active blacklist from Rule Cache
2026-10-01T10:25:05.002+05:30  INFO 10832 --- [fraud-engine-service] [scheduling-1] c.s.f.f.client.BlacklistCacheClient      : Fetched 8 active blacklist entries from Rule Cache
2026-10-01T10:25:05.002+05:30  INFO 10832 --- [fraud-engine-service] [scheduling-1] c.s.f.f.cache.ActiveBlacklistCache       : Active blacklist cache refreshed entryCount=8
2026-10-01T10:25:05.259+05:30  INFO 10832 --- [fraud-engine-service] [scheduling-1] c.s.f.f.client.RuleCacheClient           : Fetching active rules from Rule Cache
2026-10-01T10:25:05.267+05:30  INFO 10832 --- [fraud-engine-service] [scheduling-1] c.s.f.f.client.RuleCacheClient           : Fetched 13 active rules from Rule Cache
2026-10-01T10:25:05.267+05:30  INFO 10832 --- [fraud-engine-service] [scheduling-1] c.s.f.fraudengine.cache.ActiveRuleCache  : Active rule cache refreshed ruleCount=13
2026-10-01T10:25:10.011+05:30  INFO 10832 --- [fraud-engine-service] [scheduling-1] c.s.f.f.client.BlacklistCacheClient      : Fetching active blacklist from Rule Cache
2026-10-01T10:25:10.023+05:30  INFO 10832 --- [fraud-engine-service] [scheduling-1] c.s.f.f.client.BlacklistCacheClient      : Fetched 8 active blacklist entries from Rule Cache
2026-10-01T10:25:10.023+05:30  INFO 10832 --- [fraud-engine-service] [scheduling-1] c.s.f.f.cache.ActiveBlacklistCache       : Active blacklist cache refreshed entryCount=8
2026-10-01T10:25:10.279+05:30  INFO 10832 --- [fraud-engine-service] [scheduling-1] c.s.f.f.client.RuleCacheClient           : Fetching active rules from Rule Cache
2026-10-01T10:25:10.294+05:30  INFO 10832 --- [fraud-engine-service] [scheduling-1] c.s.f.f.client.RuleCacheClient           : Fetched 13 active rules from Rule Cache
2026-10-01T10:25:10.294+05:30  INFO 10832 --- [fraud-engine-service] [scheduling-1] c.s.f.fraudengine.cache.ActiveRuleCache  : Active rule cache refreshed ruleCount=13
2026-10-01T10:25:15.023+05:30  INFO 10832 --- [fraud-engine-service] [scheduling-1] c.s.f.f.client.BlacklistCacheClient      : Fetching active blacklist from Rule Cache
2026-10-01T10:25:15.039+05:30  INFO 10832 --- [fraud-engine-service] [scheduling-1] c.s.f.f.client.BlacklistCacheClient      : Fetched 8 active blacklist entries from Rule Cache
2026-10-01T10:25:15.039+05:30  INFO 10832 --- [fraud-engine-service] [scheduling-1] c.s.f.f.cache.ActiveBlacklistCache       : Active blacklist cache refreshed entryCount=8
2026-10-01T10:25:15.327+05:30  INFO 10832 --- [fraud-engine-service] [scheduling-1] c.s.f.f.client.RuleCacheClient           : Fetching active rules from Rule Cache
2026-10-01T10:25:15.336+05:30  INFO 10832 --- [fraud-engine-service] [scheduling-1] c.s.f.f.client.RuleCacheClient           : Fetched 13 active rules from Rule Cache
2026-10-01T10:25:15.338+05:30  INFO 10832 --- [fraud-engine-service] [scheduling-1] c.s.f.fraudengine.cache.ActiveRuleCache  : Active rule cache refreshed ruleCount=13
2026-10-01T10:25:20.046+05:30  INFO 10832 --- [fraud-engine-service] [scheduling-1] c.s.f.f.client.BlacklistCacheClient      : Fetching active blacklist from Rule Cache
2026-10-01T10:25:20.054+05:30  INFO 10832 --- [fraud-engine-service] [scheduling-1] c.s.f.f.client.BlacklistCacheClient      : Fetched 8 active blacklist entries from Rule Cache
2026-10-01T10:25:20.059+05:30  INFO 10832 --- [fraud-engine-service] [scheduling-1] c.s.f.f.cache.ActiveBlacklistCache       : Active blacklist cache refreshed entryCount=8
2026-10-01T10:25:20.351+05:30  INFO 10832 --- [fraud-engine-service] [scheduling-1] c.s.f.f.client.RuleCacheClient           : Fetching active rules from Rule Cache
2026-10-01T10:25:20.364+05:30  INFO 10832 --- [fraud-engine-service] [scheduling-1] c.s.f.f.client.RuleCacheClient           : Fetched 13 active rules from Rule Cache
2026-10-01T10:25:20.366+05:30  INFO 10832 --- [fraud-engine-service] [scheduling-1] c.s.f.fraudengine.cache.ActiveRuleCache  : Active rule cache refreshed ruleCount=13
2026-10-01T10:25:25.069+05:30  INFO 10832 --- [fraud-engine-service] [scheduling-1] c.s.f.f.client.BlacklistCacheClient      : Fetching active blacklist from Rule Cache
2026-10-01T10:25:25.101+05:30  INFO 10832 --- [fraud-engine-service] [scheduling-1] c.s.f.f.client.BlacklistCacheClient      : Fetched 8 active blacklist entries from Rule Cache
2026-10-01T10:25:25.101+05:30  INFO 10832 --- [fraud-engine-service] [scheduling-1] c.s.f.f.cache.ActiveBlacklistCache       : Active blacklist cache refreshed entryCount=8
2026-10-01T10:25:25.373+05:30  INFO 10832 --- [fraud-engine-service] [scheduling-1] c.s.f.f.client.RuleCacheClient           : Fetching active rules from Rule Cache
2026-10-01T10:25:25.402+05:30  INFO 10832 --- [fraud-engine-service] [scheduling-1] c.s.f.f.client.RuleCacheClient           : Fetched 13 active rules from Rule Cache
2026-10-01T10:25:25.402+05:30  INFO 10832 --- [fraud-engine-service] [scheduling-1] c.s.f.fraudengine.cache.ActiveRuleCache  : Active rule cache refreshed ruleCount=13
2026-10-01T10:25:30.112+05:30  INFO 10832 --- [fraud-engine-service] [scheduling-1] c.s.f.f.client.BlacklistCacheClient      : Fetching active blacklist from Rule Cache
2026-10-01T10:25:30.123+05:30  INFO 10832 --- [fraud-engine-service] [scheduling-1] c.s.f.f.client.BlacklistCacheClient      : Fetched 8 active blacklist entries from Rule Cache
2026-10-01T10:25:30.123+05:30  INFO 10832 --- [fraud-engine-service] [scheduling-1] c.s.f.f.cache.ActiveBlacklistCache       : Active blacklist cache refreshed entryCount=8
2026-10-01T10:25:30.414+05:30  INFO 10832 --- [fraud-engine-service] [scheduling-1] c.s.f.f.client.RuleCacheClient           : Fetching active rules from Rule Cache
2026-10-01T10:25:30.439+05:30  INFO 10832 --- [fraud-engine-service] [scheduling-1] c.s.f.f.client.RuleCacheClient           : Fetched 13 active rules from Rule Cache
2026-10-01T10:25:30.439+05:30  INFO 10832 --- [fraud-engine-service] [scheduling-1] c.s.f.fraudengine.cache.ActiveRuleCache  : Active rule cache refreshed ruleCount=13
2026-10-01T10:25:35.129+05:30  INFO 10832 --- [fraud-engine-service] [scheduling-1] c.s.f.f.client.BlacklistCacheClient      : Fetching active blacklist from Rule Cache
2026-10-01T10:25:35.139+05:30  INFO 10832 --- [fraud-engine-service] [scheduling-1] c.s.f.f.client.BlacklistCacheClient      : Fetched 8 active blacklist entries from Rule Cache
2026-10-01T10:25:35.139+05:30  INFO 10832 --- [fraud-engine-service] [scheduling-1] c.s.f.f.cache.ActiveBlacklistCache       : Active blacklist cache refreshed entryCount=8
2026-10-01T10:25:35.457+05:30  INFO 10832 --- [fraud-engine-service] [scheduling-1] c.s.f.f.client.RuleCacheClient           : Fetching active rules from Rule Cache
2026-10-01T10:25:35.466+05:30  INFO 10832 --- [fraud-engine-service] [scheduling-1] c.s.f.f.client.RuleCacheClient           : Fetched 13 active rules from Rule Cache
2026-10-01T10:25:35.466+05:30  INFO 10832 --- [fraud-engine-service] [scheduling-1] c.s.f.fraudengine.cache.ActiveRuleCache  : Active rule cache refreshed ruleCount=13
2026-10-01T10:25:40.142+05:30  INFO 10832 --- [fraud-engine-service] [scheduling-1] c.s.f.f.client.BlacklistCacheClient      : Fetching active blacklist from Rule Cache
2026-10-01T10:25:40.149+05:30  INFO 10832 --- [fraud-engine-service] [scheduling-1] c.s.f.f.client.BlacklistCacheClient      : Fetched 8 active blacklist entries from Rule Cache
2026-10-01T10:25:40.149+05:30  INFO 10832 --- [fraud-engine-service] [scheduling-1] c.s.f.f.cache.ActiveBlacklistCache       : Active blacklist cache refreshed entryCount=8
2026-10-01T10:25:40.471+05:30  INFO 10832 --- [fraud-engine-service] [scheduling-1] c.s.f.f.client.RuleCacheClient           : Fetching active rules from Rule Cache
2026-10-01T10:25:40.481+05:30  INFO 10832 --- [fraud-engine-service] [scheduling-1] c.s.f.f.client.RuleCacheClient           : Fetched 13 active rules from Rule Cache
2026-10-01T10:25:40.482+05:30  INFO 10832 --- [fraud-engine-service] [scheduling-1] c.s.f.fraudengine.cache.ActiveRuleCache  : Active rule cache refreshed ruleCount=13
2026-10-01T10:25:45.153+05:30  INFO 10832 --- [fraud-engine-service] [scheduling-1] c.s.f.f.client.BlacklistCacheClient      : Fetching active blacklist from Rule Cache
2026-10-01T10:25:45.163+05:30  INFO 10832 --- [fraud-engine-service] [scheduling-1] c.s.f.f.client.BlacklistCacheClient      : Fetched 8 active blacklist entries from Rule Cache
2026-10-01T10:25:45.163+05:30  INFO 10832 --- [fraud-engine-service] [scheduling-1] c.s.f.f.cache.ActiveBlacklistCache       : Active blacklist cache refreshed entryCount=8
2026-10-01T10:25:45.487+05:30  INFO 10832 --- [fraud-engine-service] [scheduling-1] c.s.f.f.client.RuleCacheClient           : Fetching active rules from Rule Cache
2026-10-01T10:25:45.495+05:30  INFO 10832 --- [fraud-engine-service] [scheduling-1] c.s.f.f.client.RuleCacheClient           : Fetched 13 active rules from Rule Cache
2026-10-01T10:25:45.495+05:30  INFO 10832 --- [fraud-engine-service] [scheduling-1] c.s.f.fraudengine.cache.ActiveRuleCache  : Active rule cache refreshed ruleCount=13
2026-10-01T10:25:46.287+05:30  INFO 10832 --- [fraud-engine-service] [AsyncResolver-bootstrap-executor-%d] c.n.d.s.r.aws.ConfigClusterResolver      : Resolving eureka endpoints via configuration
2026-10-01T10:25:50.172+05:30  INFO 10832 --- [fraud-engine-service] [scheduling-1] c.s.f.f.client.BlacklistCacheClient      : Fetching active blacklist from Rule Cache
2026-10-01T10:25:50.180+05:30  INFO 10832 --- [fraud-engine-service] [scheduling-1] c.s.f.f.client.BlacklistCacheClient      : Fetched 8 active blacklist entries from Rule Cache
2026-10-01T10:25:50.180+05:30  INFO 10832 --- [fraud-engine-service] [scheduling-1] c.s.f.f.cache.ActiveBlacklistCache       : Active blacklist cache refreshed entryCount=8
2026-10-01T10:25:50.509+05:30  INFO 10832 --- [fraud-engine-service] [scheduling-1] c.s.f.f.client.RuleCacheClient           : Fetching active rules from Rule Cache
2026-10-01T10:25:50.519+05:30  INFO 10832 --- [fraud-engine-service] [scheduling-1] c.s.f.f.client.RuleCacheClient           : Fetched 13 active rules from Rule Cache
2026-10-01T10:25:50.519+05:30  INFO 10832 --- [fraud-engine-service] [scheduling-1] c.s.f.fraudengine.cache.ActiveRuleCache  : Active rule cache refreshed ruleCount=13
2026-10-01T10:25:55.191+05:30  INFO 10832 --- [fraud-engine-service] [scheduling-1] c.s.f.f.client.BlacklistCacheClient      : Fetching active blacklist from Rule Cache
2026-10-01T10:25:55.199+05:30  INFO 10832 --- [fraud-engine-service] [scheduling-1] c.s.f.f.client.BlacklistCacheClient      : Fetched 8 active blacklist entries from Rule Cache
2026-10-01T10:25:55.199+05:30  INFO 10832 --- [fraud-engine-service] [scheduling-1] c.s.f.f.cache.ActiveBlacklistCache       : Active blacklist cache refreshed entryCount=8
2026-10-01T10:25:55.520+05:30  INFO 10832 --- [fraud-engine-service] [scheduling-1] c.s.f.f.client.RuleCacheClient           : Fetching active rules from Rule Cache
2026-10-01T10:25:55.531+05:30  INFO 10832 --- [fraud-engine-service] [scheduling-1] c.s.f.f.client.RuleCacheClient           : Fetched 13 active rules from Rule Cache
2026-10-01T10:25:55.531+05:30  INFO 10832 --- [fraud-engine-service] [scheduling-1] c.s.f.fraudengine.cache.ActiveRuleCache  : Active rule cache refreshed ruleCount=13
2026-10-01T10:26:00.206+05:30  INFO 10832 --- [fraud-engine-service] [scheduling-1] c.s.f.f.client.BlacklistCacheClient      : Fetching active blacklist from Rule Cache
2026-10-01T10:26:00.214+05:30  INFO 10832 --- [fraud-engine-service] [scheduling-1] c.s.f.f.client.BlacklistCacheClient      : Fetched 8 active blacklist entries from Rule Cache
2026-10-01T10:26:00.214+05:30  INFO 10832 --- [fraud-engine-service] [scheduling-1] c.s.f.f.cache.ActiveBlacklistCache       : Active blacklist cache refreshed entryCount=8
2026-10-01T10:26:00.538+05:30  INFO 10832 --- [fraud-engine-service] [scheduling-1] c.s.f.f.client.RuleCacheClient           : Fetching active rules from Rule Cache
2026-10-01T10:26:00.549+05:30  INFO 10832 --- [fraud-engine-service] [scheduling-1] c.s.f.f.client.RuleCacheClient           : Fetched 13 active rules from Rule Cache
2026-10-01T10:26:00.549+05:30  INFO 10832 --- [fraud-engine-service] [scheduling-1] c.s.f.fraudengine.cache.ActiveRuleCache  : Active rule cache refreshed ruleCount=13
2026-10-01T10:26:05.219+05:30  INFO 10832 --- [fraud-engine-service] [scheduling-1] c.s.f.f.client.BlacklistCacheClient      : Fetching active blacklist from Rule Cache
2026-10-01T10:26:05.229+05:30  INFO 10832 --- [fraud-engine-service] [scheduling-1] c.s.f.f.client.BlacklistCacheClient      : Fetched 8 active blacklist entries from Rule Cache
2026-10-01T10:26:05.229+05:30  INFO 10832 --- [fraud-engine-service] [scheduling-1] c.s.f.f.cache.ActiveBlacklistCache       : Active blacklist cache refreshed entryCount=8
2026-10-01T10:26:05.564+05:30  INFO 10832 --- [fraud-engine-service] [scheduling-1] c.s.f.f.client.RuleCacheClient           : Fetching active rules from Rule Cache
2026-10-01T10:26:05.572+05:30  INFO 10832 --- [fraud-engine-service] [scheduling-1] c.s.f.f.client.RuleCacheClient           : Fetched 13 active rules from Rule Cache
2026-10-01T10:26:05.572+05:30  INFO 10832 --- [fraud-engine-service] [scheduling-1] c.s.f.fraudengine.cache.ActiveRuleCache  : Active rule cache refreshed ruleCount=13
2026-10-01T10:26:10.231+05:30  INFO 10832 --- [fraud-engine-service] [scheduling-1] c.s.f.f.client.BlacklistCacheClient      : Fetching active blacklist from Rule Cache
2026-10-01T10:26:10.240+05:30  INFO 10832 --- [fraud-engine-service] [scheduling-1] c.s.f.f.client.BlacklistCacheClient      : Fetched 8 active blacklist entries from Rule Cache
2026-10-01T10:26:10.240+05:30  INFO 10832 --- [fraud-engine-service] [scheduling-1] c.s.f.f.cache.ActiveBlacklistCache       : Active blacklist cache refreshed entryCount=8
2026-10-01T10:26:10.585+05:30  INFO 10832 --- [fraud-engine-service] [scheduling-1] c.s.f.f.client.RuleCacheClient           : Fetching active rules from Rule Cache
2026-10-01T10:26:10.594+05:30  INFO 10832 --- [fraud-engine-service] [scheduling-1] c.s.f.f.client.RuleCacheClient           : Fetched 13 active rules from Rule Cache
2026-10-01T10:26:10.594+05:30  INFO 10832 --- [fraud-engine-service] [scheduling-1] c.s.f.fraudengine.cache.ActiveRuleCache  : Active rule cache refreshed ruleCount=13
2026-10-01T10:26:15.257+05:30  INFO 10832 --- [fraud-engine-service] [scheduling-1] c.s.f.f.client.BlacklistCacheClient      : Fetching active blacklist from Rule Cache
2026-10-01T10:26:15.266+05:30  INFO 10832 --- [fraud-engine-service] [scheduling-1] c.s.f.f.client.BlacklistCacheClient      : Fetched 8 active blacklist entries from Rule Cache
2026-10-01T10:26:15.266+05:30  INFO 10832 --- [fraud-engine-service] [scheduling-1] c.s.f.f.cache.ActiveBlacklistCache       : Active blacklist cache refreshed entryCount=8
2026-10-01T10:26:15.601+05:30  INFO 10832 --- [fraud-engine-service] [scheduling-1] c.s.f.f.client.RuleCacheClient           : Fetching active rules from Rule Cache
2026-10-01T10:26:15.611+05:30  INFO 10832 --- [fraud-engine-service] [scheduling-1] c.s.f.f.client.RuleCacheClient           : Fetched 13 active rules from Rule Cache
2026-10-01T10:26:15.611+05:30  INFO 10832 --- [fraud-engine-service] [scheduling-1] c.s.f.fraudengine.cache.ActiveRuleCache  : Active rule cache refreshed ruleCount=13
2026-10-01T10:26:20.270+05:30  INFO 10832 --- [fraud-engine-service] [scheduling-1] c.s.f.f.client.BlacklistCacheClient      : Fetching active blacklist from Rule Cache
2026-10-01T10:26:20.279+05:30  INFO 10832 --- [fraud-engine-service] [scheduling-1] c.s.f.f.client.BlacklistCacheClient      : Fetched 8 active blacklist entries from Rule Cache
2026-10-01T10:26:20.279+05:30  INFO 10832 --- [fraud-engine-service] [scheduling-1] c.s.f.f.cache.ActiveBlacklistCache       : Active blacklist cache refreshed entryCount=8
2026-10-01T10:26:20.614+05:30  INFO 10832 --- [fraud-engine-service] [scheduling-1] c.s.f.f.client.RuleCacheClient           : Fetching active rules from Rule Cache
2026-10-01T10:26:20.621+05:30  INFO 10832 --- [fraud-engine-service] [scheduling-1] c.s.f.f.client.RuleCacheClient           : Fetched 13 active rules from Rule Cache
2026-10-01T10:26:20.621+05:30  INFO 10832 --- [fraud-engine-service] [scheduling-1] c.s.f.fraudengine.cache.ActiveRuleCache  : Active rule cache refreshed ruleCount=13
2026-10-01T10:26:25.285+05:30  INFO 10832 --- [fraud-engine-service] [scheduling-1] c.s.f.f.client.BlacklistCacheClient      : Fetching active blacklist from Rule Cache
2026-10-01T10:26:25.294+05:30  INFO 10832 --- [fraud-engine-service] [scheduling-1] c.s.f.f.client.BlacklistCacheClient      : Fetched 8 active blacklist entries from Rule Cache
2026-10-01T10:26:25.294+05:30  INFO 10832 --- [fraud-engine-service] [scheduling-1] c.s.f.f.cache.ActiveBlacklistCache       : Active blacklist cache refreshed entryCount=8
2026-10-01T10:26:25.626+05:30  INFO 10832 --- [fraud-engine-service] [scheduling-1] c.s.f.f.client.RuleCacheClient           : Fetching active rules from Rule Cache
2026-10-01T10:26:25.637+05:30  INFO 10832 --- [fraud-engine-service] [scheduling-1] c.s.f.f.client.RuleCacheClient           : Fetched 13 active rules from Rule Cache
2026-10-01T10:26:25.637+05:30  INFO 10832 --- [fraud-engine-service] [scheduling-1] c.s.f.fraudengine.cache.ActiveRuleCache  : Active rule cache refreshed ruleCount=13
2026-10-01T10:26:30.309+05:30  INFO 10832 --- [fraud-engine-service] [scheduling-1] c.s.f.f.client.BlacklistCacheClient      : Fetching active blacklist from Rule Cache
2026-10-01T10:26:30.319+05:30  INFO 10832 --- [fraud-engine-service] [scheduling-1] c.s.f.f.client.BlacklistCacheClient      : Fetched 8 active blacklist entries from Rule Cache
2026-10-01T10:26:30.319+05:30  INFO 10832 --- [fraud-engine-service] [scheduling-1] c.s.f.f.cache.ActiveBlacklistCache       : Active blacklist cache refreshed entryCount=8
2026-10-01T10:26:30.643+05:30  INFO 10832 --- [fraud-engine-service] [scheduling-1] c.s.f.f.client.RuleCacheClient           : Fetching active rules from Rule Cache
2026-10-01T10:26:30.651+05:30  INFO 10832 --- [fraud-engine-service] [scheduling-1] c.s.f.f.client.RuleCacheClient           : Fetched 13 active rules from Rule Cache
2026-10-01T10:26:30.651+05:30  INFO 10832 --- [fraud-engine-service] [scheduling-1] c.s.f.fraudengine.cache.ActiveRuleCache  : Active rule cache refreshed ruleCount=13
2026-10-01T10:26:35.333+05:30  INFO 10832 --- [fraud-engine-service] [scheduling-1] c.s.f.f.client.BlacklistCacheClient      : Fetching active blacklist from Rule Cache
2026-10-01T10:26:35.342+05:30  INFO 10832 --- [fraud-engine-service] [scheduling-1] c.s.f.f.client.BlacklistCacheClient      : Fetched 8 active blacklist entries from Rule Cache
2026-10-01T10:26:35.342+05:30  INFO 10832 --- [fraud-engine-service] [scheduling-1] c.s.f.f.cache.ActiveBlacklistCache       : Active blacklist cache refreshed entryCount=8
2026-10-01T10:26:35.654+05:30  INFO 10832 --- [fraud-engine-service] [scheduling-1] c.s.f.f.client.RuleCacheClient           : Fetching active rules from Rule Cache
2026-10-01T10:26:35.664+05:30  INFO 10832 --- [fraud-engine-service] [scheduling-1] c.s.f.f.client.RuleCacheClient           : Fetched 13 active rules from Rule Cache
2026-10-01T10:26:35.664+05:30  INFO 10832 --- [fraud-engine-service] [scheduling-1] c.s.f.fraudengine.cache.ActiveRuleCache  : Active rule cache refreshed ruleCount=13
2026-10-01T10:26:40.351+05:30  INFO 10832 --- [fraud-engine-service] [scheduling-1] c.s.f.f.client.BlacklistCacheClient      : Fetching active blacklist from Rule Cache
2026-10-01T10:26:40.359+05:30  INFO 10832 --- [fraud-engine-service] [scheduling-1] c.s.f.f.client.BlacklistCacheClient      : Fetched 8 active blacklist entries from Rule Cache
2026-10-01T10:26:40.359+05:30  INFO 10832 --- [fraud-engine-service] [scheduling-1] c.s.f.f.cache.ActiveBlacklistCache       : Active blacklist cache refreshed entryCount=8
2026-10-01T10:26:40.671+05:30  INFO 10832 --- [fraud-engine-service] [scheduling-1] c.s.f.f.client.RuleCacheClient           : Fetching active rules from Rule Cache
2026-10-01T10:26:40.681+05:30  INFO 10832 --- [fraud-engine-service] [scheduling-1] c.s.f.f.client.RuleCacheClient           : Fetched 13 active rules from Rule Cache
2026-10-01T10:26:40.681+05:30  INFO 10832 --- [fraud-engine-service] [scheduling-1] c.s.f.fraudengine.cache.ActiveRuleCache  : Active rule cache refreshed ruleCount=13
2026-10-01T10:26:45.367+05:30  INFO 10832 --- [fraud-engine-service] [scheduling-1] c.s.f.f.client.BlacklistCacheClient      : Fetching active blacklist from Rule Cache
2026-10-01T10:26:45.376+05:30  INFO 10832 --- [fraud-engine-service] [scheduling-1] c.s.f.f.client.BlacklistCacheClient      : Fetched 8 active blacklist entries from Rule Cache
2026-10-01T10:26:45.376+05:30  INFO 10832 --- [fraud-engine-service] [scheduling-1] c.s.f.f.cache.ActiveBlacklistCache       : Active blacklist cache refreshed entryCount=8
2026-10-01T10:26:45.691+05:30  INFO 10832 --- [fraud-engine-service] [scheduling-1] c.s.f.f.client.RuleCacheClient           : Fetching active rules from Rule Cache
2026-10-01T10:26:45.699+05:30  INFO 10832 --- [fraud-engine-service] [scheduling-1] c.s.f.f.client.RuleCacheClient           : Fetched 13 active rules from Rule Cache
2026-10-01T10:26:45.699+05:30  INFO 10832 --- [fraud-engine-service] [scheduling-1] c.s.f.fraudengine.cache.ActiveRuleCache  : Active rule cache refreshed ruleCount=13
2026-10-01T10:26:50.379+05:30  INFO 10832 --- [fraud-engine-service] [scheduling-1] c.s.f.f.client.BlacklistCacheClient      : Fetching active blacklist from Rule Cache
2026-10-01T10:26:50.389+05:30  INFO 10832 --- [fraud-engine-service] [scheduling-1] c.s.f.f.client.BlacklistCacheClient      : Fetched 8 active blacklist entries from Rule Cache
2026-10-01T10:26:50.389+05:30  INFO 10832 --- [fraud-engine-service] [scheduling-1] c.s.f.f.cache.ActiveBlacklistCache       : Active blacklist cache refreshed entryCount=8
2026-10-01T10:26:50.709+05:30  INFO 10832 --- [fraud-engine-service] [scheduling-1] c.s.f.f.client.RuleCacheClient           : Fetching active rules from Rule Cache
2026-10-01T10:26:50.719+05:30  INFO 10832 --- [fraud-engine-service] [scheduling-1] c.s.f.f.client.RuleCacheClient           : Fetched 13 active rules from Rule Cache
2026-10-01T10:26:50.719+05:30  INFO 10832 --- [fraud-engine-service] [scheduling-1] c.s.f.fraudengine.cache.ActiveRuleCache  : Active rule cache refreshed ruleCount=13
2026-10-01T10:26:55.393+05:30  INFO 10832 --- [fraud-engine-service] [scheduling-1] c.s.f.f.client.BlacklistCacheClient      : Fetching active blacklist from Rule Cache
2026-10-01T10:26:55.401+05:30  INFO 10832 --- [fraud-engine-service] [scheduling-1] c.s.f.f.client.BlacklistCacheClient      : Fetched 8 active blacklist entries from Rule Cache
2026-10-01T10:26:55.401+05:30  INFO 10832 --- [fraud-engine-service] [scheduling-1] c.s.f.f.cache.ActiveBlacklistCache       : Active blacklist cache refreshed entryCount=8
2026-10-01T10:26:55.723+05:30  INFO 10832 --- [fraud-engine-service] [scheduling-1] c.s.f.f.client.RuleCacheClient           : Fetching active rules from Rule Cache
2026-10-01T10:26:55.731+05:30  INFO 10832 --- [fraud-engine-service] [scheduling-1] c.s.f.f.client.RuleCacheClient           : Fetched 13 active rules from Rule Cache
2026-10-01T10:26:55.731+05:30  INFO 10832 --- [fraud-engine-service] [scheduling-1] c.s.f.fraudengine.cache.ActiveRuleCache  : Active rule cache refreshed ruleCount=13
2026-10-01T10:27:00.406+05:30  INFO 10832 --- [fraud-engine-service] [scheduling-1] c.s.f.f.client.BlacklistCacheClient      : Fetching active blacklist from Rule Cache
2026-10-01T10:27:00.414+05:30  INFO 10832 --- [fraud-engine-service] [scheduling-1] c.s.f.f.client.BlacklistCacheClient      : Fetched 8 active blacklist entries from Rule Cache
2026-10-01T10:27:00.414+05:30  INFO 10832 --- [fraud-engine-service] [scheduling-1] c.s.f.f.cache.ActiveBlacklistCache       : Active blacklist cache refreshed entryCount=8
2026-10-01T10:27:00.741+05:30  INFO 10832 --- [fraud-engine-service] [scheduling-1] c.s.f.f.client.RuleCacheClient           : Fetching active rules from Rule Cache
2026-10-01T10:27:00.751+05:30  INFO 10832 --- [fraud-engine-service] [scheduling-1] c.s.f.f.client.RuleCacheClient           : Fetched 13 active rules from Rule Cache
2026-10-01T10:27:00.751+05:30  INFO 10832 --- [fraud-engine-service] [scheduling-1] c.s.f.fraudengine.cache.ActiveRuleCache  : Active rule cache refreshed ruleCount=13
2026-10-01T10:27:05.429+05:30  INFO 10832 --- [fraud-engine-service] [scheduling-1] c.s.f.f.client.BlacklistCacheClient      : Fetching active blacklist from Rule Cache
2026-10-01T10:27:05.436+05:30  INFO 10832 --- [fraud-engine-service] [scheduling-1] c.s.f.f.client.BlacklistCacheClient      : Fetched 8 active blacklist entries from Rule Cache
2026-10-01T10:27:05.436+05:30  INFO 10832 --- [fraud-engine-service] [scheduling-1] c.s.f.f.cache.ActiveBlacklistCache       : Active blacklist cache refreshed entryCount=8
2026-10-01T10:27:05.757+05:30  INFO 10832 --- [fraud-engine-service] [scheduling-1] c.s.f.f.client.RuleCacheClient           : Fetching active rules from Rule Cache
2026-10-01T10:27:05.769+05:30  INFO 10832 --- [fraud-engine-service] [scheduling-1] c.s.f.f.client.RuleCacheClient           : Fetched 13 active rules from Rule Cache
2026-10-01T10:27:05.769+05:30  INFO 10832 --- [fraud-engine-service] [scheduling-1] c.s.f.fraudengine.cache.ActiveRuleCache  : Active rule cache refreshed ruleCount=13
2026-10-01T10:27:10.442+05:30  INFO 10832 --- [fraud-engine-service] [scheduling-1] c.s.f.f.client.BlacklistCacheClient      : Fetching active blacklist from Rule Cache
2026-10-01T10:27:10.451+05:30  INFO 10832 --- [fraud-engine-service] [scheduling-1] c.s.f.f.client.BlacklistCacheClient      : Fetched 8 active blacklist entries from Rule Cache
2026-10-01T10:27:10.451+05:30  INFO 10832 --- [fraud-engine-service] [scheduling-1] c.s.f.f.cache.ActiveBlacklistCache       : Active blacklist cache refreshed entryCount=8
2026-10-01T10:27:10.775+05:30  INFO 10832 --- [fraud-engine-service] [scheduling-1] c.s.f.f.client.RuleCacheClient           : Fetching active rules from Rule Cache
2026-10-01T10:27:10.783+05:30  INFO 10832 --- [fraud-engine-service] [scheduling-1] c.s.f.f.client.RuleCacheClient           : Fetched 13 active rules from Rule Cache
2026-10-01T10:27:10.783+05:30  INFO 10832 --- [fraud-engine-service] [scheduling-1] c.s.f.fraudengine.cache.ActiveRuleCache  : Active rule cache refreshed ruleCount=13
2026-10-01T10:27:15.467+05:30  INFO 10832 --- [fraud-engine-service] [scheduling-1] c.s.f.f.client.BlacklistCacheClient      : Fetching active blacklist from Rule Cache
2026-10-01T10:27:15.476+05:30  INFO 10832 --- [fraud-engine-service] [scheduling-1] c.s.f.f.client.BlacklistCacheClient      : Fetched 8 active blacklist entries from Rule Cache
2026-10-01T10:27:15.476+05:30  INFO 10832 --- [fraud-engine-service] [scheduling-1] c.s.f.f.cache.ActiveBlacklistCache       : Active blacklist cache refreshed entryCount=8
2026-10-01T10:27:15.792+05:30  INFO 10832 --- [fraud-engine-service] [scheduling-1] c.s.f.f.client.RuleCacheClient           : Fetching active rules from Rule Cache
2026-10-01T10:27:15.801+05:30  INFO 10832 --- [fraud-engine-service] [scheduling-1] c.s.f.f.client.RuleCacheClient           : Fetched 13 active rules from Rule Cache
2026-10-01T10:27:15.801+05:30  INFO 10832 --- [fraud-engine-service] [scheduling-1] c.s.f.fraudengine.cache.ActiveRuleCache  : Active rule cache refreshed ruleCount=13
2026-10-01T10:27:20.491+05:30  INFO 10832 --- [fraud-engine-service] [scheduling-1] c.s.f.f.client.BlacklistCacheClient      : Fetching active blacklist from Rule Cache
2026-10-01T10:27:20.499+05:30  INFO 10832 --- [fraud-engine-service] [scheduling-1] c.s.f.f.client.BlacklistCacheClient      : Fetched 8 active blacklist entries from Rule Cache
2026-10-01T10:27:20.499+05:30  INFO 10832 --- [fraud-engine-service] [scheduling-1] c.s.f.f.cache.ActiveBlacklistCache       : Active blacklist cache refreshed entryCount=8
2026-10-01T10:27:20.804+05:30  INFO 10832 --- [fraud-engine-service] [scheduling-1] c.s.f.f.client.RuleCacheClient           : Fetching active rules from Rule Cache
2026-10-01T10:27:20.812+05:30  INFO 10832 --- [fraud-engine-service] [scheduling-1] c.s.f.f.client.RuleCacheClient           : Fetched 13 active rules from Rule Cache
2026-10-01T10:27:20.812+05:30  INFO 10832 --- [fraud-engine-service] [scheduling-1] c.s.f.fraudengine.cache.ActiveRuleCache  : Active rule cache refreshed ruleCount=13
2026-10-01T10:27:25.502+05:30  INFO 10832 --- [fraud-engine-service] [scheduling-1] c.s.f.f.client.BlacklistCacheClient      : Fetching active blacklist from Rule Cache
2026-10-01T10:27:25.512+05:30  INFO 10832 --- [fraud-engine-service] [scheduling-1] c.s.f.f.client.BlacklistCacheClient      : Fetched 8 active blacklist entries from Rule Cache
2026-10-01T10:27:25.512+05:30  INFO 10832 --- [fraud-engine-service] [scheduling-1] c.s.f.f.cache.ActiveBlacklistCache       : Active blacklist cache refreshed entryCount=8
2026-10-01T10:27:25.815+05:30  INFO 10832 --- [fraud-engine-service] [scheduling-1] c.s.f.f.client.RuleCacheClient           : Fetching active rules from Rule Cache
2026-10-01T10:27:25.825+05:30  INFO 10832 --- [fraud-engine-service] [scheduling-1] c.s.f.f.client.RuleCacheClient           : Fetched 13 active rules from Rule Cache
2026-10-01T10:27:25.825+05:30  INFO 10832 --- [fraud-engine-service] [scheduling-1] c.s.f.fraudengine.cache.ActiveRuleCache  : Active rule cache refreshed ruleCount=13
2026-10-01T10:27:30.516+05:30  INFO 10832 --- [fraud-engine-service] [scheduling-1] c.s.f.f.client.BlacklistCacheClient      : Fetching active blacklist from Rule Cache
2026-10-01T10:27:30.525+05:30  INFO 10832 --- [fraud-engine-service] [scheduling-1] c.s.f.f.client.BlacklistCacheClient      : Fetched 8 active blacklist entries from Rule Cache
2026-10-01T10:27:30.525+05:30  INFO 10832 --- [fraud-engine-service] [scheduling-1] c.s.f.f.cache.ActiveBlacklistCache       : Active blacklist cache refreshed entryCount=8
2026-10-01T10:27:30.826+05:30  INFO 10832 --- [fraud-engine-service] [scheduling-1] c.s.f.f.client.RuleCacheClient           : Fetching active rules from Rule Cache
2026-10-01T10:27:30.834+05:30  INFO 10832 --- [fraud-engine-service] [scheduling-1] c.s.f.f.client.RuleCacheClient           : Fetched 13 active rules from Rule Cache
2026-10-01T10:27:30.834+05:30  INFO 10832 --- [fraud-engine-service] [scheduling-1] c.s.f.fraudengine.cache.ActiveRuleCache  : Active rule cache refreshed ruleCount=13
2026-10-01T10:27:35.539+05:30  INFO 10832 --- [fraud-engine-service] [scheduling-1] c.s.f.f.client.BlacklistCacheClient      : Fetching active blacklist from Rule Cache
2026-10-01T10:27:35.548+05:30  INFO 10832 --- [fraud-engine-service] [scheduling-1] c.s.f.f.client.BlacklistCacheClient      : Fetched 8 active blacklist entries from Rule Cache
2026-10-01T10:27:35.548+05:30  INFO 10832 --- [fraud-engine-service] [scheduling-1] c.s.f.f.cache.ActiveBlacklistCache       : Active blacklist cache refreshed entryCount=8
2026-10-01T10:27:35.839+05:30  INFO 10832 --- [fraud-engine-service] [scheduling-1] c.s.f.f.client.RuleCacheClient           : Fetching active rules from Rule Cache
2026-10-01T10:27:35.849+05:30  INFO 10832 --- [fraud-engine-service] [scheduling-1] c.s.f.f.client.RuleCacheClient           : Fetched 13 active rules from Rule Cache
2026-10-01T10:27:35.849+05:30  INFO 10832 --- [fraud-engine-service] [scheduling-1] c.s.f.fraudengine.cache.ActiveRuleCache  : Active rule cache refreshed ruleCount=13
2026-10-01T10:27:40.555+05:30  INFO 10832 --- [fraud-engine-service] [scheduling-1] c.s.f.f.client.BlacklistCacheClient      : Fetching active blacklist from Rule Cache
2026-10-01T10:27:40.563+05:30  INFO 10832 --- [fraud-engine-service] [scheduling-1] c.s.f.f.client.BlacklistCacheClient      : Fetched 8 active blacklist entries from Rule Cache
2026-10-01T10:27:40.563+05:30  INFO 10832 --- [fraud-engine-service] [scheduling-1] c.s.f.f.cache.ActiveBlacklistCache       : Active blacklist cache refreshed entryCount=8
2026-10-01T10:27:40.857+05:30  INFO 10832 --- [fraud-engine-service] [scheduling-1] c.s.f.f.client.RuleCacheClient           : Fetching active rules from Rule Cache
2026-10-01T10:27:40.869+05:30  INFO 10832 --- [fraud-engine-service] [scheduling-1] c.s.f.f.client.RuleCacheClient           : Fetched 13 active rules from Rule Cache
2026-10-01T10:27:40.869+05:30  INFO 10832 --- [fraud-engine-service] [scheduling-1] c.s.f.fraudengine.cache.ActiveRuleCache  : Active rule cache refreshed ruleCount=13
2026-10-01T10:27:45.572+05:30  INFO 10832 --- [fraud-engine-service] [scheduling-1] c.s.f.f.client.BlacklistCacheClient      : Fetching active blacklist from Rule Cache
2026-10-01T10:27:45.584+05:30  INFO 10832 --- [fraud-engine-service] [scheduling-1] c.s.f.f.client.BlacklistCacheClient      : Fetched 8 active blacklist entries from Rule Cache
2026-10-01T10:27:45.584+05:30  INFO 10832 --- [fraud-engine-service] [scheduling-1] c.s.f.f.cache.ActiveBlacklistCache       : Active blacklist cache refreshed entryCount=8
2026-10-01T10:27:45.882+05:30  INFO 10832 --- [fraud-engine-service] [scheduling-1] c.s.f.f.client.RuleCacheClient           : Fetching active rules from Rule Cache
2026-10-01T10:27:45.892+05:30  INFO 10832 --- [fraud-engine-service] [scheduling-1] c.s.f.f.client.RuleCacheClient           : Fetched 13 active rules from Rule Cache
2026-10-01T10:27:45.897+05:30  INFO 10832 --- [fraud-engine-service] [scheduling-1] c.s.f.fraudengine.cache.ActiveRuleCache  : Active rule cache refreshed ruleCount=13
2026-10-01T10:27:50.586+05:30  INFO 10832 --- [fraud-engine-service] [scheduling-1] c.s.f.f.client.BlacklistCacheClient      : Fetching active blacklist from Rule Cache
2026-10-01T10:27:50.595+05:30  INFO 10832 --- [fraud-engine-service] [scheduling-1] c.s.f.f.client.BlacklistCacheClient      : Fetched 8 active blacklist entries from Rule Cache
2026-10-01T10:27:50.595+05:30  INFO 10832 --- [fraud-engine-service] [scheduling-1] c.s.f.f.cache.ActiveBlacklistCache       : Active blacklist cache refreshed entryCount=8
2026-10-01T10:27:50.907+05:30  INFO 10832 --- [fraud-engine-service] [scheduling-1] c.s.f.f.client.RuleCacheClient           : Fetching active rules from Rule Cache
2026-10-01T10:27:50.915+05:30  INFO 10832 --- [fraud-engine-service] [scheduling-1] c.s.f.f.client.RuleCacheClient           : Fetched 13 active rules from Rule Cache
2026-10-01T10:27:50.915+05:30  INFO 10832 --- [fraud-engine-service] [scheduling-1] c.s.f.fraudengine.cache.ActiveRuleCache  : Active rule cache refreshed ruleCount=13
2026-10-01T10:27:55.596+05:30  INFO 10832 --- [fraud-engine-service] [scheduling-1] c.s.f.f.client.BlacklistCacheClient      : Fetching active blacklist from Rule Cache
2026-10-01T10:27:55.603+05:30  INFO 10832 --- [fraud-engine-service] [scheduling-1] c.s.f.f.client.BlacklistCacheClient      : Fetched 8 active blacklist entries from Rule Cache
2026-10-01T10:27:55.603+05:30  INFO 10832 --- [fraud-engine-service] [scheduling-1] c.s.f.f.cache.ActiveBlacklistCache       : Active blacklist cache refreshed entryCount=8
2026-10-01T10:27:55.925+05:30  INFO 10832 --- [fraud-engine-service] [scheduling-1] c.s.f.f.client.RuleCacheClient           : Fetching active rules from Rule Cache
2026-10-01T10:27:55.936+05:30  INFO 10832 --- [fraud-engine-service] [scheduling-1] c.s.f.f.client.RuleCacheClient           : Fetched 13 active rules from Rule Cache
2026-10-01T10:27:55.937+05:30  INFO 10832 --- [fraud-engine-service] [scheduling-1] c.s.f.fraudengine.cache.ActiveRuleCache  : Active rule cache refreshed ruleCount=13
2026-10-01T10:28:00.612+05:30  INFO 10832 --- [fraud-engine-service] [scheduling-1] c.s.f.f.client.BlacklistCacheClient      : Fetching active blacklist from Rule Cache
2026-10-01T10:28:00.622+05:30  INFO 10832 --- [fraud-engine-service] [scheduling-1] c.s.f.f.client.BlacklistCacheClient      : Fetched 8 active blacklist entries from Rule Cache
2026-10-01T10:28:00.622+05:30  INFO 10832 --- [fraud-engine-service] [scheduling-1] c.s.f.f.cache.ActiveBlacklistCache       : Active blacklist cache refreshed entryCount=8
2026-10-01T10:28:00.952+05:30  INFO 10832 --- [fraud-engine-service] [scheduling-1] c.s.f.f.client.RuleCacheClient           : Fetching active rules from Rule Cache
2026-10-01T10:28:00.964+05:30  INFO 10832 --- [fraud-engine-service] [scheduling-1] c.s.f.f.client.RuleCacheClient           : Fetched 13 active rules from Rule Cache
2026-10-01T10:28:00.964+05:30  INFO 10832 --- [fraud-engine-service] [scheduling-1] c.s.f.fraudengine.cache.ActiveRuleCache  : Active rule cache refreshed ruleCount=13
2026-10-01T10:28:05.625+05:30  INFO 10832 --- [fraud-engine-service] [scheduling-1] c.s.f.f.client.BlacklistCacheClient      : Fetching active blacklist from Rule Cache
2026-10-01T10:28:05.636+05:30  INFO 10832 --- [fraud-engine-service] [scheduling-1] c.s.f.f.client.BlacklistCacheClient      : Fetched 8 active blacklist entries from Rule Cache
2026-10-01T10:28:05.636+05:30  INFO 10832 --- [fraud-engine-service] [scheduling-1] c.s.f.f.cache.ActiveBlacklistCache       : Active blacklist cache refreshed entryCount=8
2026-10-01T10:28:05.970+05:30  INFO 10832 --- [fraud-engine-service] [scheduling-1] c.s.f.f.client.RuleCacheClient           : Fetching active rules from Rule Cache
2026-10-01T10:28:05.978+05:30  INFO 10832 --- [fraud-engine-service] [scheduling-1] c.s.f.f.client.RuleCacheClient           : Fetched 13 active rules from Rule Cache
2026-10-01T10:28:05.978+05:30  INFO 10832 --- [fraud-engine-service] [scheduling-1] c.s.f.fraudengine.cache.ActiveRuleCache  : Active rule cache refreshed ruleCount=13
2026-10-01T10:28:10.644+05:30  INFO 10832 --- [fraud-engine-service] [scheduling-1] c.s.f.f.client.BlacklistCacheClient      : Fetching active blacklist from Rule Cache
2026-10-01T10:28:10.656+05:30  INFO 10832 --- [fraud-engine-service] [scheduling-1] c.s.f.f.client.BlacklistCacheClient      : Fetched 8 active blacklist entries from Rule Cache
2026-10-01T10:28:10.656+05:30  INFO 10832 --- [fraud-engine-service] [scheduling-1] c.s.f.f.cache.ActiveBlacklistCache       : Active blacklist cache refreshed entryCount=8
2026-10-01T10:28:10.982+05:30  INFO 10832 --- [fraud-engine-service] [scheduling-1] c.s.f.f.client.RuleCacheClient           : Fetching active rules from Rule Cache
2026-10-01T10:28:10.994+05:30  INFO 10832 --- [fraud-engine-service] [scheduling-1] c.s.f.f.client.RuleCacheClient           : Fetched 13 active rules from Rule Cache
2026-10-01T10:28:10.994+05:30  INFO 10832 --- [fraud-engine-service] [scheduling-1] c.s.f.fraudengine.cache.ActiveRuleCache  : Active rule cache refreshed ruleCount=13
2026-10-01T10:28:15.660+05:30  INFO 10832 --- [fraud-engine-service] [scheduling-1] c.s.f.f.client.BlacklistCacheClient      : Fetching active blacklist from Rule Cache
2026-10-01T10:28:15.671+05:30  INFO 10832 --- [fraud-engine-service] [scheduling-1] c.s.f.f.client.BlacklistCacheClient      : Fetched 8 active blacklist entries from Rule Cache
2026-10-01T10:28:15.671+05:30  INFO 10832 --- [fraud-engine-service] [scheduling-1] c.s.f.f.cache.ActiveBlacklistCache       : Active blacklist cache refreshed entryCount=8
2026-10-01T10:28:16.011+05:30  INFO 10832 --- [fraud-engine-service] [scheduling-1] c.s.f.f.client.RuleCacheClient           : Fetching active rules from Rule Cache
2026-10-01T10:28:16.025+05:30  INFO 10832 --- [fraud-engine-service] [scheduling-1] c.s.f.f.client.RuleCacheClient           : Fetched 13 active rules from Rule Cache
2026-10-01T10:28:16.027+05:30  INFO 10832 --- [fraud-engine-service] [scheduling-1] c.s.f.fraudengine.cache.ActiveRuleCache  : Active rule cache refreshed ruleCount=13
2026-10-01T10:28:20.673+05:30  INFO 10832 --- [fraud-engine-service] [scheduling-1] c.s.f.f.client.BlacklistCacheClient      : Fetching active blacklist from Rule Cache
2026-10-01T10:28:20.683+05:30  INFO 10832 --- [fraud-engine-service] [scheduling-1] c.s.f.f.client.BlacklistCacheClient      : Fetched 8 active blacklist entries from Rule Cache
2026-10-01T10:28:20.683+05:30  INFO 10832 --- [fraud-engine-service] [scheduling-1] c.s.f.f.cache.ActiveBlacklistCache       : Active blacklist cache refreshed entryCount=8
2026-10-01T10:28:21.035+05:30  INFO 10832 --- [fraud-engine-service] [scheduling-1] c.s.f.f.client.RuleCacheClient           : Fetching active rules from Rule Cache
2026-10-01T10:28:21.045+05:30  INFO 10832 --- [fraud-engine-service] [scheduling-1] c.s.f.f.client.RuleCacheClient           : Fetched 13 active rules from Rule Cache
2026-10-01T10:28:21.045+05:30  INFO 10832 --- [fraud-engine-service] [scheduling-1] c.s.f.fraudengine.cache.ActiveRuleCache  : Active rule cache refreshed ruleCount=13
2026-10-01T10:28:25.690+05:30  INFO 10832 --- [fraud-engine-service] [scheduling-1] c.s.f.f.client.BlacklistCacheClient      : Fetching active blacklist from Rule Cache
2026-10-01T10:28:25.701+05:30  INFO 10832 --- [fraud-engine-service] [scheduling-1] c.s.f.f.client.BlacklistCacheClient      : Fetched 8 active blacklist entries from Rule Cache
2026-10-01T10:28:25.701+05:30  INFO 10832 --- [fraud-engine-service] [scheduling-1] c.s.f.f.cache.ActiveBlacklistCache       : Active blacklist cache refreshed entryCount=8
2026-10-01T10:28:26.052+05:30  INFO 10832 --- [fraud-engine-service] [scheduling-1] c.s.f.f.client.RuleCacheClient           : Fetching active rules from Rule Cache
2026-10-01T10:28:26.061+05:30  INFO 10832 --- [fraud-engine-service] [scheduling-1] c.s.f.f.client.RuleCacheClient           : Fetched 13 active rules from Rule Cache
2026-10-01T10:28:26.061+05:30  INFO 10832 --- [fraud-engine-service] [scheduling-1] c.s.f.fraudengine.cache.ActiveRuleCache  : Active rule cache refreshed ruleCount=13
2026-10-01T10:28:30.709+05:30  INFO 10832 --- [fraud-engine-service] [scheduling-1] c.s.f.f.client.BlacklistCacheClient      : Fetching active blacklist from Rule Cache
2026-10-01T10:28:30.721+05:30  INFO 10832 --- [fraud-engine-service] [scheduling-1] c.s.f.f.client.BlacklistCacheClient      : Fetched 8 active blacklist entries from Rule Cache
2026-10-01T10:28:30.721+05:30  INFO 10832 --- [fraud-engine-service] [scheduling-1] c.s.f.f.cache.ActiveBlacklistCache       : Active blacklist cache refreshed entryCount=8
2026-10-01T10:28:31.068+05:30  INFO 10832 --- [fraud-engine-service] [scheduling-1] c.s.f.f.client.RuleCacheClient           : Fetching active rules from Rule Cache
2026-10-01T10:28:31.077+05:30  INFO 10832 --- [fraud-engine-service] [scheduling-1] c.s.f.f.client.RuleCacheClient           : Fetched 13 active rules from Rule Cache
2026-10-01T10:28:31.077+05:30  INFO 10832 --- [fraud-engine-service] [scheduling-1] c.s.f.fraudengine.cache.ActiveRuleCache  : Active rule cache refreshed ruleCount=13
2026-10-01T10:28:35.737+05:30  INFO 10832 --- [fraud-engine-service] [scheduling-1] c.s.f.f.client.BlacklistCacheClient      : Fetching active blacklist from Rule Cache
2026-10-01T10:28:35.747+05:30  INFO 10832 --- [fraud-engine-service] [scheduling-1] c.s.f.f.client.BlacklistCacheClient      : Fetched 8 active blacklist entries from Rule Cache
2026-10-01T10:28:35.747+05:30  INFO 10832 --- [fraud-engine-service] [scheduling-1] c.s.f.f.cache.ActiveBlacklistCache       : Active blacklist cache refreshed entryCount=8
2026-10-01T10:28:36.088+05:30  INFO 10832 --- [fraud-engine-service] [scheduling-1] c.s.f.f.client.RuleCacheClient           : Fetching active rules from Rule Cache
2026-10-01T10:28:36.101+05:30  INFO 10832 --- [fraud-engine-service] [scheduling-1] c.s.f.f.client.RuleCacheClient           : Fetched 13 active rules from Rule Cache
2026-10-01T10:28:36.101+05:30  INFO 10832 --- [fraud-engine-service] [scheduling-1] c.s.f.fraudengine.cache.ActiveRuleCache  : Active rule cache refreshed ruleCount=13
2026-10-01T10:28:40.755+05:30  INFO 10832 --- [fraud-engine-service] [scheduling-1] c.s.f.f.client.BlacklistCacheClient      : Fetching active blacklist from Rule Cache
2026-10-01T10:28:40.763+05:30  INFO 10832 --- [fraud-engine-service] [scheduling-1] c.s.f.f.client.BlacklistCacheClient      : Fetched 8 active blacklist entries from Rule Cache
2026-10-01T10:28:40.765+05:30  INFO 10832 --- [fraud-engine-service] [scheduling-1] c.s.f.f.cache.ActiveBlacklistCache       : Active blacklist cache refreshed entryCount=8
2026-10-01T10:28:41.110+05:30  INFO 10832 --- [fraud-engine-service] [scheduling-1] c.s.f.f.client.RuleCacheClient           : Fetching active rules from Rule Cache
2026-10-01T10:28:41.118+05:30  INFO 10832 --- [fraud-engine-service] [scheduling-1] c.s.f.f.client.RuleCacheClient           : Fetched 13 active rules from Rule Cache
2026-10-01T10:28:41.118+05:30  INFO 10832 --- [fraud-engine-service] [scheduling-1] c.s.f.fraudengine.cache.ActiveRuleCache  : Active rule cache refreshed ruleCount=13
2026-10-01T10:28:45.772+05:30  INFO 10832 --- [fraud-engine-service] [scheduling-1] c.s.f.f.client.BlacklistCacheClient      : Fetching active blacklist from Rule Cache
2026-10-01T10:28:45.780+05:30  INFO 10832 --- [fraud-engine-service] [scheduling-1] c.s.f.f.client.BlacklistCacheClient      : Fetched 8 active blacklist entries from Rule Cache
2026-10-01T10:28:45.780+05:30  INFO 10832 --- [fraud-engine-service] [scheduling-1] c.s.f.f.cache.ActiveBlacklistCache       : Active blacklist cache refreshed entryCount=8
2026-10-01T10:28:46.129+05:30  INFO 10832 --- [fraud-engine-service] [scheduling-1] c.s.f.f.client.RuleCacheClient           : Fetching active rules from Rule Cache
2026-10-01T10:28:46.138+05:30  INFO 10832 --- [fraud-engine-service] [scheduling-1] c.s.f.f.client.RuleCacheClient           : Fetched 13 active rules from Rule Cache
2026-10-01T10:28:46.138+05:30  INFO 10832 --- [fraud-engine-service] [scheduling-1] c.s.f.fraudengine.cache.ActiveRuleCache  : Active rule cache refreshed ruleCount=13
2026-10-01T10:28:50.785+05:30  INFO 10832 --- [fraud-engine-service] [scheduling-1] c.s.f.f.client.BlacklistCacheClient      : Fetching active blacklist from Rule Cache
2026-10-01T10:28:50.793+05:30  INFO 10832 --- [fraud-engine-service] [scheduling-1] c.s.f.f.client.BlacklistCacheClient      : Fetched 8 active blacklist entries from Rule Cache
2026-10-01T10:28:50.793+05:30  INFO 10832 --- [fraud-engine-service] [scheduling-1] c.s.f.f.cache.ActiveBlacklistCache       : Active blacklist cache refreshed entryCount=8
2026-10-01T10:28:51.149+05:30  INFO 10832 --- [fraud-engine-service] [scheduling-1] c.s.f.f.client.RuleCacheClient           : Fetching active rules from Rule Cache
2026-10-01T10:28:51.158+05:30  INFO 10832 --- [fraud-engine-service] [scheduling-1] c.s.f.f.client.RuleCacheClient           : Fetched 13 active rules from Rule Cache
2026-10-01T10:28:51.158+05:30  INFO 10832 --- [fraud-engine-service] [scheduling-1] c.s.f.fraudengine.cache.ActiveRuleCache  : Active rule cache refreshed ruleCount=13
2026-10-01T10:28:55.801+05:30  INFO 10832 --- [fraud-engine-service] [scheduling-1] c.s.f.f.client.BlacklistCacheClient      : Fetching active blacklist from Rule Cache
2026-10-01T10:28:55.810+05:30  INFO 10832 --- [fraud-engine-service] [scheduling-1] c.s.f.f.client.BlacklistCacheClient      : Fetched 8 active blacklist entries from Rule Cache
2026-10-01T10:28:55.810+05:30  INFO 10832 --- [fraud-engine-service] [scheduling-1] c.s.f.f.cache.ActiveBlacklistCache       : Active blacklist cache refreshed entryCount=8
2026-10-01T10:28:56.162+05:30  INFO 10832 --- [fraud-engine-service] [scheduling-1] c.s.f.f.client.RuleCacheClient           : Fetching active rules from Rule Cache
2026-10-01T10:28:56.172+05:30  INFO 10832 --- [fraud-engine-service] [scheduling-1] c.s.f.f.client.RuleCacheClient           : Fetched 13 active rules from Rule Cache
2026-10-01T10:28:56.172+05:30  INFO 10832 --- [fraud-engine-service] [scheduling-1] c.s.f.fraudengine.cache.ActiveRuleCache  : Active rule cache refreshed ruleCount=13
2026-10-01T10:29:00.817+05:30  INFO 10832 --- [fraud-engine-service] [scheduling-1] c.s.f.f.client.BlacklistCacheClient      : Fetching active blacklist from Rule Cache
2026-10-01T10:29:00.828+05:30  INFO 10832 --- [fraud-engine-service] [scheduling-1] c.s.f.f.client.BlacklistCacheClient      : Fetched 8 active blacklist entries from Rule Cache
2026-10-01T10:29:00.828+05:30  INFO 10832 --- [fraud-engine-service] [scheduling-1] c.s.f.f.cache.ActiveBlacklistCache       : Active blacklist cache refreshed entryCount=8
2026-10-01T10:29:01.182+05:30  INFO 10832 --- [fraud-engine-service] [scheduling-1] c.s.f.f.client.RuleCacheClient           : Fetching active rules from Rule Cache
2026-10-01T10:29:01.190+05:30  INFO 10832 --- [fraud-engine-service] [scheduling-1] c.s.f.f.client.RuleCacheClient           : Fetched 13 active rules from Rule Cache
2026-10-01T10:29:01.190+05:30  INFO 10832 --- [fraud-engine-service] [scheduling-1] c.s.f.fraudengine.cache.ActiveRuleCache  : Active rule cache refreshed ruleCount=13
2026-10-01T10:29:05.835+05:30  INFO 10832 --- [fraud-engine-service] [scheduling-1] c.s.f.f.client.BlacklistCacheClient      : Fetching active blacklist from Rule Cache
2026-10-01T10:29:05.843+05:30  INFO 10832 --- [fraud-engine-service] [scheduling-1] c.s.f.f.client.BlacklistCacheClient      : Fetched 8 active blacklist entries from Rule Cache
2026-10-01T10:29:05.845+05:30  INFO 10832 --- [fraud-engine-service] [scheduling-1] c.s.f.f.cache.ActiveBlacklistCache       : Active blacklist cache refreshed entryCount=8
2026-10-01T10:29:06.203+05:30  INFO 10832 --- [fraud-engine-service] [scheduling-1] c.s.f.f.client.RuleCacheClient           : Fetching active rules from Rule Cache
2026-10-01T10:29:06.213+05:30  INFO 10832 --- [fraud-engine-service] [scheduling-1] c.s.f.f.client.RuleCacheClient           : Fetched 13 active rules from Rule Cache
2026-10-01T10:29:06.213+05:30  INFO 10832 --- [fraud-engine-service] [scheduling-1] c.s.f.fraudengine.cache.ActiveRuleCache  : Active rule cache refreshed ruleCount=13
2026-10-01T10:29:10.850+05:30  INFO 10832 --- [fraud-engine-service] [scheduling-1] c.s.f.f.client.BlacklistCacheClient      : Fetching active blacklist from Rule Cache
2026-10-01T10:29:10.859+05:30  INFO 10832 --- [fraud-engine-service] [scheduling-1] c.s.f.f.client.BlacklistCacheClient      : Fetched 8 active blacklist entries from Rule Cache
2026-10-01T10:29:10.859+05:30  INFO 10832 --- [fraud-engine-service] [scheduling-1] c.s.f.f.cache.ActiveBlacklistCache       : Active blacklist cache refreshed entryCount=8
2026-10-01T10:29:11.223+05:30  INFO 10832 --- [fraud-engine-service] [scheduling-1] c.s.f.f.client.RuleCacheClient           : Fetching active rules from Rule Cache
2026-10-01T10:29:11.233+05:30  INFO 10832 --- [fraud-engine-service] [scheduling-1] c.s.f.f.client.RuleCacheClient           : Fetched 13 active rules from Rule Cache
2026-10-01T10:29:11.233+05:30  INFO 10832 --- [fraud-engine-service] [scheduling-1] c.s.f.fraudengine.cache.ActiveRuleCache  : Active rule cache refreshed ruleCount=13
2026-10-01T10:29:15.869+05:30  INFO 10832 --- [fraud-engine-service] [scheduling-1] c.s.f.f.client.BlacklistCacheClient      : Fetching active blacklist from Rule Cache
2026-10-01T10:29:15.880+05:30  INFO 10832 --- [fraud-engine-service] [scheduling-1] c.s.f.f.client.BlacklistCacheClient      : Fetched 8 active blacklist entries from Rule Cache
2026-10-01T10:29:15.880+05:30  INFO 10832 --- [fraud-engine-service] [scheduling-1] c.s.f.f.cache.ActiveBlacklistCache       : Active blacklist cache refreshed entryCount=8
2026-10-01T10:29:16.236+05:30  INFO 10832 --- [fraud-engine-service] [scheduling-1] c.s.f.f.client.RuleCacheClient           : Fetching active rules from Rule Cache
2026-10-01T10:29:16.244+05:30  INFO 10832 --- [fraud-engine-service] [scheduling-1] c.s.f.f.client.RuleCacheClient           : Fetched 13 active rules from Rule Cache
2026-10-01T10:29:16.244+05:30  INFO 10832 --- [fraud-engine-service] [scheduling-1] c.s.f.fraudengine.cache.ActiveRuleCache  : Active rule cache refreshed ruleCount=13
2026-10-01T10:29:20.885+05:30  INFO 10832 --- [fraud-engine-service] [scheduling-1] c.s.f.f.client.BlacklistCacheClient      : Fetching active blacklist from Rule Cache
2026-10-01T10:29:20.897+05:30  INFO 10832 --- [fraud-engine-service] [scheduling-1] c.s.f.f.client.BlacklistCacheClient      : Fetched 8 active blacklist entries from Rule Cache
2026-10-01T10:29:20.897+05:30  INFO 10832 --- [fraud-engine-service] [scheduling-1] c.s.f.f.cache.ActiveBlacklistCache       : Active blacklist cache refreshed entryCount=8
2026-10-01T10:29:21.261+05:30  INFO 10832 --- [fraud-engine-service] [scheduling-1] c.s.f.f.client.RuleCacheClient           : Fetching active rules from Rule Cache
2026-10-01T10:29:21.270+05:30  INFO 10832 --- [fraud-engine-service] [scheduling-1] c.s.f.f.client.RuleCacheClient           : Fetched 13 active rules from Rule Cache
2026-10-01T10:29:21.270+05:30  INFO 10832 --- [fraud-engine-service] [scheduling-1] c.s.f.fraudengine.cache.ActiveRuleCache  : Active rule cache refreshed ruleCount=13
2026-10-01T10:29:25.903+05:30  INFO 10832 --- [fraud-engine-service] [scheduling-1] c.s.f.f.client.BlacklistCacheClient      : Fetching active blacklist from Rule Cache
2026-10-01T10:29:25.914+05:30  INFO 10832 --- [fraud-engine-service] [scheduling-1] c.s.f.f.client.BlacklistCacheClient      : Fetched 8 active blacklist entries from Rule Cache
2026-10-01T10:29:25.914+05:30  INFO 10832 --- [fraud-engine-service] [scheduling-1] c.s.f.f.cache.ActiveBlacklistCache       : Active blacklist cache refreshed entryCount=8
2026-10-01T10:29:26.286+05:30  INFO 10832 --- [fraud-engine-service] [scheduling-1] c.s.f.f.client.RuleCacheClient           : Fetching active rules from Rule Cache
2026-10-01T10:29:26.332+05:30  INFO 10832 --- [fraud-engine-service] [scheduling-1] c.s.f.f.client.RuleCacheClient           : Fetched 13 active rules from Rule Cache
2026-10-01T10:29:26.332+05:30  INFO 10832 --- [fraud-engine-service] [scheduling-1] c.s.f.fraudengine.cache.ActiveRuleCache  : Active rule cache refreshed ruleCount=13
2026-10-01T10:29:30.917+05:30  INFO 10832 --- [fraud-engine-service] [scheduling-1] c.s.f.f.client.BlacklistCacheClient      : Fetching active blacklist from Rule Cache
2026-10-01T10:29:30.928+05:30  INFO 10832 --- [fraud-engine-service] [scheduling-1] c.s.f.f.client.BlacklistCacheClient      : Fetched 8 active blacklist entries from Rule Cache
2026-10-01T10:29:30.928+05:30  INFO 10832 --- [fraud-engine-service] [scheduling-1] c.s.f.f.cache.ActiveBlacklistCache       : Active blacklist cache refreshed entryCount=8
2026-10-01T10:29:31.347+05:30  INFO 10832 --- [fraud-engine-service] [scheduling-1] c.s.f.f.client.RuleCacheClient           : Fetching active rules from Rule Cache
2026-10-01T10:29:31.356+05:30  INFO 10832 --- [fraud-engine-service] [scheduling-1] c.s.f.f.client.RuleCacheClient           : Fetched 13 active rules from Rule Cache
2026-10-01T10:29:31.356+05:30  INFO 10832 --- [fraud-engine-service] [scheduling-1] c.s.f.fraudengine.cache.ActiveRuleCache  : Active rule cache refreshed ruleCount=13
2026-10-01T10:29:35.937+05:30  INFO 10832 --- [fraud-engine-service] [scheduling-1] c.s.f.f.client.BlacklistCacheClient      : Fetching active blacklist from Rule Cache
2026-10-01T10:29:35.945+05:30  INFO 10832 --- [fraud-engine-service] [scheduling-1] c.s.f.f.client.BlacklistCacheClient      : Fetched 8 active blacklist entries from Rule Cache
2026-10-01T10:29:35.945+05:30  INFO 10832 --- [fraud-engine-service] [scheduling-1] c.s.f.f.cache.ActiveBlacklistCache       : Active blacklist cache refreshed entryCount=8
2026-10-01T10:29:36.358+05:30  INFO 10832 --- [fraud-engine-service] [scheduling-1] c.s.f.f.client.RuleCacheClient           : Fetching active rules from Rule Cache
2026-10-01T10:29:36.367+05:30  INFO 10832 --- [fraud-engine-service] [scheduling-1] c.s.f.f.client.RuleCacheClient           : Fetched 13 active rules from Rule Cache
2026-10-01T10:29:36.369+05:30  INFO 10832 --- [fraud-engine-service] [scheduling-1] c.s.f.fraudengine.cache.ActiveRuleCache  : Active rule cache refreshed ruleCount=13
2026-10-01T10:29:40.949+05:30  INFO 10832 --- [fraud-engine-service] [scheduling-1] c.s.f.f.client.BlacklistCacheClient      : Fetching active blacklist from Rule Cache
2026-10-01T10:29:40.959+05:30  INFO 10832 --- [fraud-engine-service] [scheduling-1] c.s.f.f.client.BlacklistCacheClient      : Fetched 8 active blacklist entries from Rule Cache
2026-10-01T10:29:40.959+05:30  INFO 10832 --- [fraud-engine-service] [scheduling-1] c.s.f.f.cache.ActiveBlacklistCache       : Active blacklist cache refreshed entryCount=8
2026-10-01T10:29:41.383+05:30  INFO 10832 --- [fraud-engine-service] [scheduling-1] c.s.f.f.client.RuleCacheClient           : Fetching active rules from Rule Cache
2026-10-01T10:29:41.387+05:30  INFO 10832 --- [fraud-engine-service] [scheduling-1] c.s.f.f.client.RuleCacheClient           : Fetched 13 active rules from Rule Cache
2026-10-01T10:29:41.387+05:30  INFO 10832 --- [fraud-engine-service] [scheduling-1] c.s.f.fraudengine.cache.ActiveRuleCache  : Active rule cache refreshed ruleCount=13
2026-10-01T10:29:45.963+05:30  INFO 10832 --- [fraud-engine-service] [scheduling-1] c.s.f.f.client.BlacklistCacheClient      : Fetching active blacklist from Rule Cache
2026-10-01T10:29:45.967+05:30  INFO 10832 --- [fraud-engine-service] [scheduling-1] c.s.f.f.client.BlacklistCacheClient      : Fetched 8 active blacklist entries from Rule Cache
2026-10-01T10:29:45.967+05:30  INFO 10832 --- [fraud-engine-service] [scheduling-1] c.s.f.f.cache.ActiveBlacklistCache       : Active blacklist cache refreshed entryCount=8
2026-10-01T10:29:46.402+05:30  INFO 10832 --- [fraud-engine-service] [scheduling-1] c.s.f.f.client.RuleCacheClient           : Fetching active rules from Rule Cache
2026-10-01T10:29:46.407+05:30  INFO 10832 --- [fraud-engine-service] [scheduling-1] c.s.f.f.client.RuleCacheClient           : Fetched 13 active rules from Rule Cache
2026-10-01T10:29:46.407+05:30  INFO 10832 --- [fraud-engine-service] [scheduling-1] c.s.f.fraudengine.cache.ActiveRuleCache  : Active rule cache refreshed ruleCount=13
2026-10-01T10:29:50.979+05:30  INFO 10832 --- [fraud-engine-service] [scheduling-1] c.s.f.f.client.BlacklistCacheClient      : Fetching active blacklist from Rule Cache
2026-10-01T10:29:50.988+05:30  INFO 10832 --- [fraud-engine-service] [scheduling-1] c.s.f.f.client.BlacklistCacheClient      : Fetched 8 active blacklist entries from Rule Cache
2026-10-01T10:29:50.988+05:30  INFO 10832 --- [fraud-engine-service] [scheduling-1] c.s.f.f.cache.ActiveBlacklistCache       : Active blacklist cache refreshed entryCount=8
2026-10-01T10:29:51.413+05:30  INFO 10832 --- [fraud-engine-service] [scheduling-1] c.s.f.f.client.RuleCacheClient           : Fetching active rules from Rule Cache
2026-10-01T10:29:51.424+05:30  INFO 10832 --- [fraud-engine-service] [scheduling-1] c.s.f.f.client.RuleCacheClient           : Fetched 13 active rules from Rule Cache
2026-10-01T10:29:51.424+05:30  INFO 10832 --- [fraud-engine-service] [scheduling-1] c.s.f.fraudengine.cache.ActiveRuleCache  : Active rule cache refreshed ruleCount=13
2026-10-01T10:29:55.997+05:30  INFO 10832 --- [fraud-engine-service] [scheduling-1] c.s.f.f.client.BlacklistCacheClient      : Fetching active blacklist from Rule Cache
2026-10-01T10:29:56.004+05:30  INFO 10832 --- [fraud-engine-service] [scheduling-1] c.s.f.f.client.BlacklistCacheClient      : Fetched 8 active blacklist entries from Rule Cache
2026-10-01T10:29:56.007+05:30  INFO 10832 --- [fraud-engine-service] [scheduling-1] c.s.f.f.cache.ActiveBlacklistCache       : Active blacklist cache refreshed entryCount=8
2026-10-01T10:29:56.433+05:30  INFO 10832 --- [fraud-engine-service] [scheduling-1] c.s.f.f.client.RuleCacheClient           : Fetching active rules from Rule Cache
2026-10-01T10:29:56.444+05:30  INFO 10832 --- [fraud-engine-service] [scheduling-1] c.s.f.f.client.RuleCacheClient           : Fetched 13 active rules from Rule Cache
2026-10-01T10:29:56.444+05:30  INFO 10832 --- [fraud-engine-service] [scheduling-1] c.s.f.fraudengine.cache.ActiveRuleCache  : Active rule cache refreshed ruleCount=13
2026-10-01T10:30:01.024+05:30  INFO 10832 --- [fraud-engine-service] [scheduling-1] c.s.f.f.client.BlacklistCacheClient      : Fetching active blacklist from Rule Cache
2026-10-01T10:30:01.033+05:30  INFO 10832 --- [fraud-engine-service] [scheduling-1] c.s.f.f.client.BlacklistCacheClient      : Fetched 8 active blacklist entries from Rule Cache
2026-10-01T10:30:01.033+05:30  INFO 10832 --- [fraud-engine-service] [scheduling-1] c.s.f.f.cache.ActiveBlacklistCache       : Active blacklist cache refreshed entryCount=8
2026-10-01T10:30:01.456+05:30  INFO 10832 --- [fraud-engine-service] [scheduling-1] c.s.f.f.client.RuleCacheClient           : Fetching active rules from Rule Cache
2026-10-01T10:30:01.464+05:30  INFO 10832 --- [fraud-engine-service] [scheduling-1] c.s.f.f.client.RuleCacheClient           : Fetched 13 active rules from Rule Cache
2026-10-01T10:30:01.464+05:30  INFO 10832 --- [fraud-engine-service] [scheduling-1] c.s.f.fraudengine.cache.ActiveRuleCache  : Active rule cache refreshed ruleCount=13
2026-10-01T10:30:06.049+05:30  INFO 10832 --- [fraud-engine-service] [scheduling-1] c.s.f.f.client.BlacklistCacheClient      : Fetching active blacklist from Rule Cache
2026-10-01T10:30:06.060+05:30  INFO 10832 --- [fraud-engine-service] [scheduling-1] c.s.f.f.client.BlacklistCacheClient      : Fetched 8 active blacklist entries from Rule Cache
2026-10-01T10:30:06.060+05:30  INFO 10832 --- [fraud-engine-service] [scheduling-1] c.s.f.f.cache.ActiveBlacklistCache       : Active blacklist cache refreshed entryCount=8
2026-10-01T10:30:06.474+05:30  INFO 10832 --- [fraud-engine-service] [scheduling-1] c.s.f.f.client.RuleCacheClient           : Fetching active rules from Rule Cache
2026-10-01T10:30:06.485+05:30  INFO 10832 --- [fraud-engine-service] [scheduling-1] c.s.f.f.client.RuleCacheClient           : Fetched 13 active rules from Rule Cache
2026-10-01T10:30:06.485+05:30  INFO 10832 --- [fraud-engine-service] [scheduling-1] c.s.f.fraudengine.cache.ActiveRuleCache  : Active rule cache refreshed ruleCount=13
2026-10-01T10:30:11.067+05:30  INFO 10832 --- [fraud-engine-service] [scheduling-1] c.s.f.f.client.BlacklistCacheClient      : Fetching active blacklist from Rule Cache
2026-10-01T10:30:11.076+05:30  INFO 10832 --- [fraud-engine-service] [scheduling-1] c.s.f.f.client.BlacklistCacheClient      : Fetched 8 active blacklist entries from Rule Cache
2026-10-01T10:30:11.076+05:30  INFO 10832 --- [fraud-engine-service] [scheduling-1] c.s.f.f.cache.ActiveBlacklistCache       : Active blacklist cache refreshed entryCount=8
2026-10-01T10:30:11.502+05:30  INFO 10832 --- [fraud-engine-service] [scheduling-1] c.s.f.f.client.RuleCacheClient           : Fetching active rules from Rule Cache
2026-10-01T10:30:11.514+05:30  INFO 10832 --- [fraud-engine-service] [scheduling-1] c.s.f.f.client.RuleCacheClient           : Fetched 13 active rules from Rule Cache
2026-10-01T10:30:11.514+05:30  INFO 10832 --- [fraud-engine-service] [scheduling-1] c.s.f.fraudengine.cache.ActiveRuleCache  : Active rule cache refreshed ruleCount=13
2026-10-01T10:30:16.079+05:30  INFO 10832 --- [fraud-engine-service] [scheduling-1] c.s.f.f.client.BlacklistCacheClient      : Fetching active blacklist from Rule Cache
2026-10-01T10:30:16.089+05:30  INFO 10832 --- [fraud-engine-service] [scheduling-1] c.s.f.f.client.BlacklistCacheClient      : Fetched 8 active blacklist entries from Rule Cache
2026-10-01T10:30:16.089+05:30  INFO 10832 --- [fraud-engine-service] [scheduling-1] c.s.f.f.cache.ActiveBlacklistCache       : Active blacklist cache refreshed entryCount=8
2026-10-01T10:30:16.520+05:30  INFO 10832 --- [fraud-engine-service] [scheduling-1] c.s.f.f.client.RuleCacheClient           : Fetching active rules from Rule Cache
2026-10-01T10:30:16.530+05:30  INFO 10832 --- [fraud-engine-service] [scheduling-1] c.s.f.f.client.RuleCacheClient           : Fetched 13 active rules from Rule Cache
2026-10-01T10:30:16.530+05:30  INFO 10832 --- [fraud-engine-service] [scheduling-1] c.s.f.fraudengine.cache.ActiveRuleCache  : Active rule cache refreshed ruleCount=13
2026-10-01T10:30:21.097+05:30  INFO 10832 --- [fraud-engine-service] [scheduling-1] c.s.f.f.client.BlacklistCacheClient      : Fetching active blacklist from Rule Cache
2026-10-01T10:30:21.107+05:30  INFO 10832 --- [fraud-engine-service] [scheduling-1] c.s.f.f.client.BlacklistCacheClient      : Fetched 8 active blacklist entries from Rule Cache
2026-10-01T10:30:21.107+05:30  INFO 10832 --- [fraud-engine-service] [scheduling-1] c.s.f.f.cache.ActiveBlacklistCache       : Active blacklist cache refreshed entryCount=8
2026-10-01T10:30:21.544+05:30  INFO 10832 --- [fraud-engine-service] [scheduling-1] c.s.f.f.client.RuleCacheClient           : Fetching active rules from Rule Cache
2026-10-01T10:30:21.553+05:30  INFO 10832 --- [fraud-engine-service] [scheduling-1] c.s.f.f.client.RuleCacheClient           : Fetched 13 active rules from Rule Cache
2026-10-01T10:30:21.553+05:30  INFO 10832 --- [fraud-engine-service] [scheduling-1] c.s.f.fraudengine.cache.ActiveRuleCache  : Active rule cache refreshed ruleCount=13
2026-10-01T10:30:26.109+05:30  INFO 10832 --- [fraud-engine-service] [scheduling-1] c.s.f.f.client.BlacklistCacheClient      : Fetching active blacklist from Rule Cache
2026-10-01T10:30:26.120+05:30  INFO 10832 --- [fraud-engine-service] [scheduling-1] c.s.f.f.client.BlacklistCacheClient      : Fetched 8 active blacklist entries from Rule Cache
2026-10-01T10:30:26.120+05:30  INFO 10832 --- [fraud-engine-service] [scheduling-1] c.s.f.f.cache.ActiveBlacklistCache       : Active blacklist cache refreshed entryCount=8
2026-10-01T10:30:26.562+05:30  INFO 10832 --- [fraud-engine-service] [scheduling-1] c.s.f.f.client.RuleCacheClient           : Fetching active rules from Rule Cache
2026-10-01T10:30:26.575+05:30  INFO 10832 --- [fraud-engine-service] [scheduling-1] c.s.f.f.client.RuleCacheClient           : Fetched 13 active rules from Rule Cache
2026-10-01T10:30:26.575+05:30  INFO 10832 --- [fraud-engine-service] [scheduling-1] c.s.f.fraudengine.cache.ActiveRuleCache  : Active rule cache refreshed ruleCount=13
2026-10-01T10:30:31.124+05:30  INFO 10832 --- [fraud-engine-service] [scheduling-1] c.s.f.f.client.BlacklistCacheClient      : Fetching active blacklist from Rule Cache
2026-10-01T10:30:31.138+05:30  INFO 10832 --- [fraud-engine-service] [scheduling-1] c.s.f.f.client.BlacklistCacheClient      : Fetched 8 active blacklist entries from Rule Cache
2026-10-01T10:30:31.138+05:30  INFO 10832 --- [fraud-engine-service] [scheduling-1] c.s.f.f.cache.ActiveBlacklistCache       : Active blacklist cache refreshed entryCount=8
2026-10-01T10:30:31.577+05:30  INFO 10832 --- [fraud-engine-service] [scheduling-1] c.s.f.f.client.RuleCacheClient           : Fetching active rules from Rule Cache
2026-10-01T10:30:31.587+05:30  INFO 10832 --- [fraud-engine-service] [scheduling-1] c.s.f.f.client.RuleCacheClient           : Fetched 13 active rules from Rule Cache
2026-10-01T10:30:31.587+05:30  INFO 10832 --- [fraud-engine-service] [scheduling-1] c.s.f.fraudengine.cache.ActiveRuleCache  : Active rule cache refreshed ruleCount=13
2026-10-01T10:30:36.143+05:30  INFO 10832 --- [fraud-engine-service] [scheduling-1] c.s.f.f.client.BlacklistCacheClient      : Fetching active blacklist from Rule Cache
2026-10-01T10:30:36.152+05:30  INFO 10832 --- [fraud-engine-service] [scheduling-1] c.s.f.f.client.BlacklistCacheClient      : Fetched 8 active blacklist entries from Rule Cache
2026-10-01T10:30:36.152+05:30  INFO 10832 --- [fraud-engine-service] [scheduling-1] c.s.f.f.cache.ActiveBlacklistCache       : Active blacklist cache refreshed entryCount=8
2026-10-01T10:30:36.588+05:30  INFO 10832 --- [fraud-engine-service] [scheduling-1] c.s.f.f.client.RuleCacheClient           : Fetching active rules from Rule Cache
2026-10-01T10:30:36.598+05:30  INFO 10832 --- [fraud-engine-service] [scheduling-1] c.s.f.f.client.RuleCacheClient           : Fetched 13 active rules from Rule Cache
2026-10-01T10:30:36.598+05:30  INFO 10832 --- [fraud-engine-service] [scheduling-1] c.s.f.fraudengine.cache.ActiveRuleCache  : Active rule cache refreshed ruleCount=13
2026-10-01T10:30:41.159+05:30  INFO 10832 --- [fraud-engine-service] [scheduling-1] c.s.f.f.client.BlacklistCacheClient      : Fetching active blacklist from Rule Cache
2026-10-01T10:30:41.169+05:30  INFO 10832 --- [fraud-engine-service] [scheduling-1] c.s.f.f.client.BlacklistCacheClient      : Fetched 8 active blacklist entries from Rule Cache
2026-10-01T10:30:41.169+05:30  INFO 10832 --- [fraud-engine-service] [scheduling-1] c.s.f.f.cache.ActiveBlacklistCache       : Active blacklist cache refreshed entryCount=8
2026-10-01T10:30:41.614+05:30  INFO 10832 --- [fraud-engine-service] [scheduling-1] c.s.f.f.client.RuleCacheClient           : Fetching active rules from Rule Cache
2026-10-01T10:30:41.628+05:30  INFO 10832 --- [fraud-engine-service] [scheduling-1] c.s.f.f.client.RuleCacheClient           : Fetched 13 active rules from Rule Cache
2026-10-01T10:30:41.629+05:30  INFO 10832 --- [fraud-engine-service] [scheduling-1] c.s.f.fraudengine.cache.ActiveRuleCache  : Active rule cache refreshed ruleCount=13
2026-10-01T10:30:46.182+05:30  INFO 10832 --- [fraud-engine-service] [scheduling-1] c.s.f.f.client.BlacklistCacheClient      : Fetching active blacklist from Rule Cache
2026-10-01T10:30:46.191+05:30  INFO 10832 --- [fraud-engine-service] [scheduling-1] c.s.f.f.client.BlacklistCacheClient      : Fetched 8 active blacklist entries from Rule Cache
2026-10-01T10:30:46.191+05:30  INFO 10832 --- [fraud-engine-service] [scheduling-1] c.s.f.f.cache.ActiveBlacklistCache       : Active blacklist cache refreshed entryCount=8
2026-10-01T10:30:46.314+05:30  INFO 10832 --- [fraud-engine-service] [AsyncResolver-bootstrap-executor-%d] c.n.d.s.r.aws.ConfigClusterResolver      : Resolving eureka endpoints via configuration
2026-10-01T10:30:46.645+05:30  INFO 10832 --- [fraud-engine-service] [scheduling-1] c.s.f.f.client.RuleCacheClient           : Fetching active rules from Rule Cache
2026-10-01T10:30:46.655+05:30  INFO 10832 --- [fraud-engine-service] [scheduling-1] c.s.f.f.client.RuleCacheClient           : Fetched 13 active rules from Rule Cache
2026-10-01T10:30:46.655+05:30  INFO 10832 --- [fraud-engine-service] [scheduling-1] c.s.f.fraudengine.cache.ActiveRuleCache  : Active rule cache refreshed ruleCount=13
2026-10-01T10:30:51.199+05:30  INFO 10832 --- [fraud-engine-service] [scheduling-1] c.s.f.f.client.BlacklistCacheClient      : Fetching active blacklist from Rule Cache
2026-10-01T10:30:51.207+05:30  INFO 10832 --- [fraud-engine-service] [scheduling-1] c.s.f.f.client.BlacklistCacheClient      : Fetched 8 active blacklist entries from Rule Cache
2026-10-01T10:30:51.210+05:30  INFO 10832 --- [fraud-engine-service] [scheduling-1] c.s.f.f.cache.ActiveBlacklistCache       : Active blacklist cache refreshed entryCount=8
2026-10-01T10:30:51.657+05:30  INFO 10832 --- [fraud-engine-service] [scheduling-1] c.s.f.f.client.RuleCacheClient           : Fetching active rules from Rule Cache
2026-10-01T10:30:51.667+05:30  INFO 10832 --- [fraud-engine-service] [scheduling-1] c.s.f.f.client.RuleCacheClient           : Fetched 13 active rules from Rule Cache
2026-10-01T10:30:51.667+05:30  INFO 10832 --- [fraud-engine-service] [scheduling-1] c.s.f.fraudengine.cache.ActiveRuleCache  : Active rule cache refreshed ruleCount=13
2026-10-01T10:30:56.217+05:30  INFO 10832 --- [fraud-engine-service] [scheduling-1] c.s.f.f.client.BlacklistCacheClient      : Fetching active blacklist from Rule Cache
2026-10-01T10:30:56.227+05:30  INFO 10832 --- [fraud-engine-service] [scheduling-1] c.s.f.f.client.BlacklistCacheClient      : Fetched 8 active blacklist entries from Rule Cache
2026-10-01T10:30:56.227+05:30  INFO 10832 --- [fraud-engine-service] [scheduling-1] c.s.f.f.cache.ActiveBlacklistCache       : Active blacklist cache refreshed entryCount=8
2026-10-01T10:30:56.677+05:30  INFO 10832 --- [fraud-engine-service] [scheduling-1] c.s.f.f.client.RuleCacheClient           : Fetching active rules from Rule Cache
2026-10-01T10:30:56.685+05:30  INFO 10832 --- [fraud-engine-service] [scheduling-1] c.s.f.f.client.RuleCacheClient           : Fetched 13 active rules from Rule Cache
2026-10-01T10:30:56.685+05:30  INFO 10832 --- [fraud-engine-service] [scheduling-1] c.s.f.fraudengine.cache.ActiveRuleCache  : Active rule cache refreshed ruleCount=13
2026-10-01T10:31:01.238+05:30  INFO 10832 --- [fraud-engine-service] [scheduling-1] c.s.f.f.client.BlacklistCacheClient      : Fetching active blacklist from Rule Cache
2026-10-01T10:31:01.246+05:30  INFO 10832 --- [fraud-engine-service] [scheduling-1] c.s.f.f.client.BlacklistCacheClient      : Fetched 8 active blacklist entries from Rule Cache
2026-10-01T10:31:01.246+05:30  INFO 10832 --- [fraud-engine-service] [scheduling-1] c.s.f.f.cache.ActiveBlacklistCache       : Active blacklist cache refreshed entryCount=8
2026-10-01T10:31:01.688+05:30  INFO 10832 --- [fraud-engine-service] [scheduling-1] c.s.f.f.client.RuleCacheClient           : Fetching active rules from Rule Cache
2026-10-01T10:31:01.697+05:30  INFO 10832 --- [fraud-engine-service] [scheduling-1] c.s.f.f.client.RuleCacheClient           : Fetched 13 active rules from Rule Cache
2026-10-01T10:31:01.697+05:30  INFO 10832 --- [fraud-engine-service] [scheduling-1] c.s.f.fraudengine.cache.ActiveRuleCache  : Active rule cache refreshed ruleCount=13
2026-10-01T10:31:06.253+05:30  INFO 10832 --- [fraud-engine-service] [scheduling-1] c.s.f.f.client.BlacklistCacheClient      : Fetching active blacklist from Rule Cache
2026-10-01T10:31:06.262+05:30  INFO 10832 --- [fraud-engine-service] [scheduling-1] c.s.f.f.client.BlacklistCacheClient      : Fetched 8 active blacklist entries from Rule Cache
2026-10-01T10:31:06.262+05:30  INFO 10832 --- [fraud-engine-service] [scheduling-1] c.s.f.f.cache.ActiveBlacklistCache       : Active blacklist cache refreshed entryCount=8
2026-10-01T10:31:06.703+05:30  INFO 10832 --- [fraud-engine-service] [scheduling-1] c.s.f.f.client.RuleCacheClient           : Fetching active rules from Rule Cache
2026-10-01T10:31:06.711+05:30  INFO 10832 --- [fraud-engine-service] [scheduling-1] c.s.f.f.client.RuleCacheClient           : Fetched 13 active rules from Rule Cache
2026-10-01T10:31:06.711+05:30  INFO 10832 --- [fraud-engine-service] [scheduling-1] c.s.f.fraudengine.cache.ActiveRuleCache  : Active rule cache refreshed ruleCount=13
2026-10-01T10:31:11.273+05:30  INFO 10832 --- [fraud-engine-service] [scheduling-1] c.s.f.f.client.BlacklistCacheClient      : Fetching active blacklist from Rule Cache
2026-10-01T10:31:11.277+05:30  INFO 10832 --- [fraud-engine-service] [scheduling-1] c.s.f.f.client.BlacklistCacheClient      : Fetched 8 active blacklist entries from Rule Cache
2026-10-01T10:31:11.277+05:30  INFO 10832 --- [fraud-engine-service] [scheduling-1] c.s.f.f.cache.ActiveBlacklistCache       : Active blacklist cache refreshed entryCount=8
2026-10-01T10:31:11.725+05:30  INFO 10832 --- [fraud-engine-service] [scheduling-1] c.s.f.f.client.RuleCacheClient           : Fetching active rules from Rule Cache
2026-10-01T10:31:11.733+05:30  INFO 10832 --- [fraud-engine-service] [scheduling-1] c.s.f.f.client.RuleCacheClient           : Fetched 13 active rules from Rule Cache
2026-10-01T10:31:11.733+05:30  INFO 10832 --- [fraud-engine-service] [scheduling-1] c.s.f.fraudengine.cache.ActiveRuleCache  : Active rule cache refreshed ruleCount=13
2026-10-01T10:31:16.285+05:30  INFO 10832 --- [fraud-engine-service] [scheduling-1] c.s.f.f.client.BlacklistCacheClient      : Fetching active blacklist from Rule Cache
2026-10-01T10:31:16.293+05:30  INFO 10832 --- [fraud-engine-service] [scheduling-1] c.s.f.f.client.BlacklistCacheClient      : Fetched 8 active blacklist entries from Rule Cache
2026-10-01T10:31:16.293+05:30  INFO 10832 --- [fraud-engine-service] [scheduling-1] c.s.f.f.cache.ActiveBlacklistCache       : Active blacklist cache refreshed entryCount=8
2026-10-01T10:31:16.745+05:30  INFO 10832 --- [fraud-engine-service] [scheduling-1] c.s.f.f.client.RuleCacheClient           : Fetching active rules from Rule Cache
2026-10-01T10:31:16.755+05:30  INFO 10832 --- [fraud-engine-service] [scheduling-1] c.s.f.f.client.RuleCacheClient           : Fetched 13 active rules from Rule Cache
2026-10-01T10:31:16.755+05:30  INFO 10832 --- [fraud-engine-service] [scheduling-1] c.s.f.fraudengine.cache.ActiveRuleCache  : Active rule cache refreshed ruleCount=13
2026-10-01T10:31:21.299+05:30  INFO 10832 --- [fraud-engine-service] [scheduling-1] c.s.f.f.client.BlacklistCacheClient      : Fetching active blacklist from Rule Cache
2026-10-01T10:31:21.310+05:30  INFO 10832 --- [fraud-engine-service] [scheduling-1] c.s.f.f.client.BlacklistCacheClient      : Fetched 8 active blacklist entries from Rule Cache
2026-10-01T10:31:21.310+05:30  INFO 10832 --- [fraud-engine-service] [scheduling-1] c.s.f.f.cache.ActiveBlacklistCache       : Active blacklist cache refreshed entryCount=8
2026-10-01T10:31:21.763+05:30  INFO 10832 --- [fraud-engine-service] [scheduling-1] c.s.f.f.client.RuleCacheClient           : Fetching active rules from Rule Cache
2026-10-01T10:31:21.771+05:30  INFO 10832 --- [fraud-engine-service] [scheduling-1] c.s.f.f.client.RuleCacheClient           : Fetched 13 active rules from Rule Cache
2026-10-01T10:31:21.771+05:30  INFO 10832 --- [fraud-engine-service] [scheduling-1] c.s.f.fraudengine.cache.ActiveRuleCache  : Active rule cache refreshed ruleCount=13
2026-10-01T10:31:26.312+05:30  INFO 10832 --- [fraud-engine-service] [scheduling-1] c.s.f.f.client.BlacklistCacheClient      : Fetching active blacklist from Rule Cache
2026-10-01T10:31:26.322+05:30  INFO 10832 --- [fraud-engine-service] [scheduling-1] c.s.f.f.client.BlacklistCacheClient      : Fetched 8 active blacklist entries from Rule Cache
2026-10-01T10:31:26.322+05:30  INFO 10832 --- [fraud-engine-service] [scheduling-1] c.s.f.f.cache.ActiveBlacklistCache       : Active blacklist cache refreshed entryCount=8
2026-10-01T10:31:26.783+05:30  INFO 10832 --- [fraud-engine-service] [scheduling-1] c.s.f.f.client.RuleCacheClient           : Fetching active rules from Rule Cache
2026-10-01T10:31:26.791+05:30  INFO 10832 --- [fraud-engine-service] [scheduling-1] c.s.f.f.client.RuleCacheClient           : Fetched 13 active rules from Rule Cache
2026-10-01T10:31:26.791+05:30  INFO 10832 --- [fraud-engine-service] [scheduling-1] c.s.f.fraudengine.cache.ActiveRuleCache  : Active rule cache refreshed ruleCount=13
2026-10-01T10:31:31.325+05:30  INFO 10832 --- [fraud-engine-service] [scheduling-1] c.s.f.f.client.BlacklistCacheClient      : Fetching active blacklist from Rule Cache
2026-10-01T10:31:31.333+05:30  INFO 10832 --- [fraud-engine-service] [scheduling-1] c.s.f.f.client.BlacklistCacheClient      : Fetched 8 active blacklist entries from Rule Cache
2026-10-01T10:31:31.333+05:30  INFO 10832 --- [fraud-engine-service] [scheduling-1] c.s.f.f.cache.ActiveBlacklistCache       : Active blacklist cache refreshed entryCount=8
2026-10-01T10:31:31.797+05:30  INFO 10832 --- [fraud-engine-service] [scheduling-1] c.s.f.f.client.RuleCacheClient           : Fetching active rules from Rule Cache
2026-10-01T10:31:31.810+05:30  INFO 10832 --- [fraud-engine-service] [scheduling-1] c.s.f.f.client.RuleCacheClient           : Fetched 13 active rules from Rule Cache
2026-10-01T10:31:31.810+05:30  INFO 10832 --- [fraud-engine-service] [scheduling-1] c.s.f.fraudengine.cache.ActiveRuleCache  : Active rule cache refreshed ruleCount=13
2026-10-01T10:31:36.344+05:30  INFO 10832 --- [fraud-engine-service] [scheduling-1] c.s.f.f.client.BlacklistCacheClient      : Fetching active blacklist from Rule Cache
2026-10-01T10:31:36.357+05:30  INFO 10832 --- [fraud-engine-service] [scheduling-1] c.s.f.f.client.BlacklistCacheClient      : Fetched 8 active blacklist entries from Rule Cache
2026-10-01T10:31:36.357+05:30  INFO 10832 --- [fraud-engine-service] [scheduling-1] c.s.f.f.cache.ActiveBlacklistCache       : Active blacklist cache refreshed entryCount=8
2026-10-01T10:31:36.819+05:30  INFO 10832 --- [fraud-engine-service] [scheduling-1] c.s.f.f.client.RuleCacheClient           : Fetching active rules from Rule Cache
2026-10-01T10:31:36.827+05:30  INFO 10832 --- [fraud-engine-service] [scheduling-1] c.s.f.f.client.RuleCacheClient           : Fetched 13 active rules from Rule Cache
2026-10-01T10:31:36.827+05:30  INFO 10832 --- [fraud-engine-service] [scheduling-1] c.s.f.fraudengine.cache.ActiveRuleCache  : Active rule cache refreshed ruleCount=13
2026-10-01T10:31:41.360+05:30  INFO 10832 --- [fraud-engine-service] [scheduling-1] c.s.f.f.client.BlacklistCacheClient      : Fetching active blacklist from Rule Cache
2026-10-01T10:31:41.368+05:30  INFO 10832 --- [fraud-engine-service] [scheduling-1] c.s.f.f.client.BlacklistCacheClient      : Fetched 8 active blacklist entries from Rule Cache
2026-10-01T10:31:41.368+05:30  INFO 10832 --- [fraud-engine-service] [scheduling-1] c.s.f.f.cache.ActiveBlacklistCache       : Active blacklist cache refreshed entryCount=8
2026-10-01T10:31:41.836+05:30  INFO 10832 --- [fraud-engine-service] [scheduling-1] c.s.f.f.client.RuleCacheClient           : Fetching active rules from Rule Cache
2026-10-01T10:31:41.850+05:30  INFO 10832 --- [fraud-engine-service] [scheduling-1] c.s.f.f.client.RuleCacheClient           : Fetched 13 active rules from Rule Cache
2026-10-01T10:31:41.850+05:30  INFO 10832 --- [fraud-engine-service] [scheduling-1] c.s.f.fraudengine.cache.ActiveRuleCache  : Active rule cache refreshed ruleCount=13
2026-10-01T10:31:46.380+05:30  INFO 10832 --- [fraud-engine-service] [scheduling-1] c.s.f.f.client.BlacklistCacheClient      : Fetching active blacklist from Rule Cache
2026-10-01T10:31:46.389+05:30  INFO 10832 --- [fraud-engine-service] [scheduling-1] c.s.f.f.client.BlacklistCacheClient      : Fetched 8 active blacklist entries from Rule Cache
2026-10-01T10:31:46.389+05:30  INFO 10832 --- [fraud-engine-service] [scheduling-1] c.s.f.f.cache.ActiveBlacklistCache       : Active blacklist cache refreshed entryCount=8
2026-10-01T10:31:46.859+05:30  INFO 10832 --- [fraud-engine-service] [scheduling-1] c.s.f.f.client.RuleCacheClient           : Fetching active rules from Rule Cache
2026-10-01T10:31:46.869+05:30  INFO 10832 --- [fraud-engine-service] [scheduling-1] c.s.f.f.client.RuleCacheClient           : Fetched 13 active rules from Rule Cache
2026-10-01T10:31:46.869+05:30  INFO 10832 --- [fraud-engine-service] [scheduling-1] c.s.f.fraudengine.cache.ActiveRuleCache  : Active rule cache refreshed ruleCount=13
2026-10-01T10:31:51.398+05:30  INFO 10832 --- [fraud-engine-service] [scheduling-1] c.s.f.f.client.BlacklistCacheClient      : Fetching active blacklist from Rule Cache
2026-10-01T10:31:51.407+05:30  INFO 10832 --- [fraud-engine-service] [scheduling-1] c.s.f.f.client.BlacklistCacheClient      : Fetched 8 active blacklist entries from Rule Cache
2026-10-01T10:31:51.407+05:30  INFO 10832 --- [fraud-engine-service] [scheduling-1] c.s.f.f.cache.ActiveBlacklistCache       : Active blacklist cache refreshed entryCount=8
2026-10-01T10:31:51.872+05:30  INFO 10832 --- [fraud-engine-service] [scheduling-1] c.s.f.f.client.RuleCacheClient           : Fetching active rules from Rule Cache
2026-10-01T10:31:51.881+05:30  INFO 10832 --- [fraud-engine-service] [scheduling-1] c.s.f.f.client.RuleCacheClient           : Fetched 13 active rules from Rule Cache
2026-10-01T10:31:51.881+05:30  INFO 10832 --- [fraud-engine-service] [scheduling-1] c.s.f.fraudengine.cache.ActiveRuleCache  : Active rule cache refreshed ruleCount=13
2026-10-01T10:31:56.412+05:30  INFO 10832 --- [fraud-engine-service] [scheduling-1] c.s.f.f.client.BlacklistCacheClient      : Fetching active blacklist from Rule Cache
2026-10-01T10:31:56.417+05:30  INFO 10832 --- [fraud-engine-service] [scheduling-1] c.s.f.f.client.BlacklistCacheClient      : Fetched 8 active blacklist entries from Rule Cache
2026-10-01T10:31:56.417+05:30  INFO 10832 --- [fraud-engine-service] [scheduling-1] c.s.f.f.cache.ActiveBlacklistCache       : Active blacklist cache refreshed entryCount=8
2026-10-01T10:31:56.887+05:30  INFO 10832 --- [fraud-engine-service] [scheduling-1] c.s.f.f.client.RuleCacheClient           : Fetching active rules from Rule Cache
2026-10-01T10:31:56.897+05:30  INFO 10832 --- [fraud-engine-service] [scheduling-1] c.s.f.f.client.RuleCacheClient           : Fetched 13 active rules from Rule Cache
2026-10-01T10:31:56.897+05:30  INFO 10832 --- [fraud-engine-service] [scheduling-1] c.s.f.fraudengine.cache.ActiveRuleCache  : Active rule cache refreshed ruleCount=13
2026-10-01T10:32:01.430+05:30  INFO 10832 --- [fraud-engine-service] [scheduling-1] c.s.f.f.client.BlacklistCacheClient      : Fetching active blacklist from Rule Cache
2026-10-01T10:32:01.439+05:30  INFO 10832 --- [fraud-engine-service] [scheduling-1] c.s.f.f.client.BlacklistCacheClient      : Fetched 8 active blacklist entries from Rule Cache
2026-10-01T10:32:01.439+05:30  INFO 10832 --- [fraud-engine-service] [scheduling-1] c.s.f.f.cache.ActiveBlacklistCache       : Active blacklist cache refreshed entryCount=8
2026-10-01T10:32:01.898+05:30  INFO 10832 --- [fraud-engine-service] [scheduling-1] c.s.f.f.client.RuleCacheClient           : Fetching active rules from Rule Cache
2026-10-01T10:32:01.906+05:30  INFO 10832 --- [fraud-engine-service] [scheduling-1] c.s.f.f.client.RuleCacheClient           : Fetched 13 active rules from Rule Cache
2026-10-01T10:32:01.906+05:30  INFO 10832 --- [fraud-engine-service] [scheduling-1] c.s.f.fraudengine.cache.ActiveRuleCache  : Active rule cache refreshed ruleCount=13
2026-10-01T10:32:06.441+05:30  INFO 10832 --- [fraud-engine-service] [scheduling-1] c.s.f.f.client.BlacklistCacheClient      : Fetching active blacklist from Rule Cache
2026-10-01T10:32:06.450+05:30  INFO 10832 --- [fraud-engine-service] [scheduling-1] c.s.f.f.client.BlacklistCacheClient      : Fetched 8 active blacklist entries from Rule Cache
2026-10-01T10:32:06.450+05:30  INFO 10832 --- [fraud-engine-service] [scheduling-1] c.s.f.f.cache.ActiveBlacklistCache       : Active blacklist cache refreshed entryCount=8
2026-10-01T10:32:06.912+05:30  INFO 10832 --- [fraud-engine-service] [scheduling-1] c.s.f.f.client.RuleCacheClient           : Fetching active rules from Rule Cache
2026-10-01T10:32:06.961+05:30  INFO 10832 --- [fraud-engine-service] [scheduling-1] c.s.f.f.client.RuleCacheClient           : Fetched 13 active rules from Rule Cache
2026-10-01T10:32:06.961+05:30  INFO 10832 --- [fraud-engine-service] [scheduling-1] c.s.f.fraudengine.cache.ActiveRuleCache  : Active rule cache refreshed ruleCount=13
2026-10-01T10:32:11.460+05:30  INFO 10832 --- [fraud-engine-service] [scheduling-1] c.s.f.f.client.BlacklistCacheClient      : Fetching active blacklist from Rule Cache
2026-10-01T10:32:11.470+05:30  INFO 10832 --- [fraud-engine-service] [scheduling-1] c.s.f.f.client.BlacklistCacheClient      : Fetched 8 active blacklist entries from Rule Cache
2026-10-01T10:32:11.470+05:30  INFO 10832 --- [fraud-engine-service] [scheduling-1] c.s.f.f.cache.ActiveBlacklistCache       : Active blacklist cache refreshed entryCount=8
2026-10-01T10:32:11.972+05:30  INFO 10832 --- [fraud-engine-service] [scheduling-1] c.s.f.f.client.RuleCacheClient           : Fetching active rules from Rule Cache
2026-10-01T10:32:11.976+05:30  INFO 10832 --- [fraud-engine-service] [scheduling-1] c.s.f.f.client.RuleCacheClient           : Fetched 13 active rules from Rule Cache
2026-10-01T10:32:11.983+05:30  INFO 10832 --- [fraud-engine-service] [scheduling-1] c.s.f.fraudengine.cache.ActiveRuleCache  : Active rule cache refreshed ruleCount=13
2026-10-01T10:32:16.479+05:30  INFO 10832 --- [fraud-engine-service] [scheduling-1] c.s.f.f.client.BlacklistCacheClient      : Fetching active blacklist from Rule Cache
2026-10-01T10:32:16.487+05:30  INFO 10832 --- [fraud-engine-service] [scheduling-1] c.s.f.f.client.BlacklistCacheClient      : Fetched 8 active blacklist entries from Rule Cache
2026-10-01T10:32:16.487+05:30  INFO 10832 --- [fraud-engine-service] [scheduling-1] c.s.f.f.cache.ActiveBlacklistCache       : Active blacklist cache refreshed entryCount=8
2026-10-01T10:32:16.987+05:30  INFO 10832 --- [fraud-engine-service] [scheduling-1] c.s.f.f.client.RuleCacheClient           : Fetching active rules from Rule Cache
2026-10-01T10:32:16.997+05:30  INFO 10832 --- [fraud-engine-service] [scheduling-1] c.s.f.f.client.RuleCacheClient           : Fetched 13 active rules from Rule Cache
2026-10-01T10:32:16.997+05:30  INFO 10832 --- [fraud-engine-service] [scheduling-1] c.s.f.fraudengine.cache.ActiveRuleCache  : Active rule cache refreshed ruleCount=13
2026-10-01T10:32:21.495+05:30  INFO 10832 --- [fraud-engine-service] [scheduling-1] c.s.f.f.client.BlacklistCacheClient      : Fetching active blacklist from Rule Cache
2026-10-01T10:32:21.505+05:30  INFO 10832 --- [fraud-engine-service] [scheduling-1] c.s.f.f.client.BlacklistCacheClient      : Fetched 8 active blacklist entries from Rule Cache
2026-10-01T10:32:21.507+05:30  INFO 10832 --- [fraud-engine-service] [scheduling-1] c.s.f.f.cache.ActiveBlacklistCache       : Active blacklist cache refreshed entryCount=8
2026-10-01T10:32:22.005+05:30  INFO 10832 --- [fraud-engine-service] [scheduling-1] c.s.f.f.client.RuleCacheClient           : Fetching active rules from Rule Cache
2026-10-01T10:32:22.013+05:30  INFO 10832 --- [fraud-engine-service] [scheduling-1] c.s.f.f.client.RuleCacheClient           : Fetched 13 active rules from Rule Cache
2026-10-01T10:32:22.013+05:30  INFO 10832 --- [fraud-engine-service] [scheduling-1] c.s.f.fraudengine.cache.ActiveRuleCache  : Active rule cache refreshed ruleCount=13
2026-10-01T10:32:26.513+05:30  INFO 10832 --- [fraud-engine-service] [scheduling-1] c.s.f.f.client.BlacklistCacheClient      : Fetching active blacklist from Rule Cache
2026-10-01T10:32:26.521+05:30  INFO 10832 --- [fraud-engine-service] [scheduling-1] c.s.f.f.client.BlacklistCacheClient      : Fetched 8 active blacklist entries from Rule Cache
2026-10-01T10:32:26.521+05:30  INFO 10832 --- [fraud-engine-service] [scheduling-1] c.s.f.f.cache.ActiveBlacklistCache       : Active blacklist cache refreshed entryCount=8
2026-10-01T10:32:27.019+05:30  INFO 10832 --- [fraud-engine-service] [scheduling-1] c.s.f.f.client.RuleCacheClient           : Fetching active rules from Rule Cache
2026-10-01T10:32:27.046+05:30  INFO 10832 --- [fraud-engine-service] [scheduling-1] c.s.f.f.client.RuleCacheClient           : Fetched 13 active rules from Rule Cache
2026-10-01T10:32:27.046+05:30  INFO 10832 --- [fraud-engine-service] [scheduling-1] c.s.f.fraudengine.cache.ActiveRuleCache  : Active rule cache refreshed ruleCount=13
2026-10-01T10:32:31.525+05:30  INFO 10832 --- [fraud-engine-service] [scheduling-1] c.s.f.f.client.BlacklistCacheClient      : Fetching active blacklist from Rule Cache
2026-10-01T10:32:31.534+05:30  INFO 10832 --- [fraud-engine-service] [scheduling-1] c.s.f.f.client.BlacklistCacheClient      : Fetched 8 active blacklist entries from Rule Cache
2026-10-01T10:32:31.534+05:30  INFO 10832 --- [fraud-engine-service] [scheduling-1] c.s.f.f.cache.ActiveBlacklistCache       : Active blacklist cache refreshed entryCount=8
2026-10-01T10:32:32.064+05:30  INFO 10832 --- [fraud-engine-service] [scheduling-1] c.s.f.f.client.RuleCacheClient           : Fetching active rules from Rule Cache
2026-10-01T10:32:32.072+05:30  INFO 10832 --- [fraud-engine-service] [scheduling-1] c.s.f.f.client.RuleCacheClient           : Fetched 13 active rules from Rule Cache
2026-10-01T10:32:32.072+05:30  INFO 10832 --- [fraud-engine-service] [scheduling-1] c.s.f.fraudengine.cache.ActiveRuleCache  : Active rule cache refreshed ruleCount=13
2026-10-01T10:32:36.538+05:30  INFO 10832 --- [fraud-engine-service] [scheduling-1] c.s.f.f.client.BlacklistCacheClient      : Fetching active blacklist from Rule Cache
2026-10-01T10:32:36.546+05:30  INFO 10832 --- [fraud-engine-service] [scheduling-1] c.s.f.f.client.BlacklistCacheClient      : Fetched 8 active blacklist entries from Rule Cache
2026-10-01T10:32:36.546+05:30  INFO 10832 --- [fraud-engine-service] [scheduling-1] c.s.f.f.cache.ActiveBlacklistCache       : Active blacklist cache refreshed entryCount=8
2026-10-01T10:32:37.077+05:30  INFO 10832 --- [fraud-engine-service] [scheduling-1] c.s.f.f.client.RuleCacheClient           : Fetching active rules from Rule Cache
2026-10-01T10:32:37.088+05:30  INFO 10832 --- [fraud-engine-service] [scheduling-1] c.s.f.f.client.RuleCacheClient           : Fetched 13 active rules from Rule Cache
2026-10-01T10:32:37.088+05:30  INFO 10832 --- [fraud-engine-service] [scheduling-1] c.s.f.fraudengine.cache.ActiveRuleCache  : Active rule cache refreshed ruleCount=13
2026-10-01T10:32:41.552+05:30  INFO 10832 --- [fraud-engine-service] [scheduling-1] c.s.f.f.client.BlacklistCacheClient      : Fetching active blacklist from Rule Cache
2026-10-01T10:32:41.560+05:30  INFO 10832 --- [fraud-engine-service] [scheduling-1] c.s.f.f.client.BlacklistCacheClient      : Fetched 8 active blacklist entries from Rule Cache
2026-10-01T10:32:41.560+05:30  INFO 10832 --- [fraud-engine-service] [scheduling-1] c.s.f.f.cache.ActiveBlacklistCache       : Active blacklist cache refreshed entryCount=8
2026-10-01T10:32:42.097+05:30  INFO 10832 --- [fraud-engine-service] [scheduling-1] c.s.f.f.client.RuleCacheClient           : Fetching active rules from Rule Cache
2026-10-01T10:32:42.108+05:30  INFO 10832 --- [fraud-engine-service] [scheduling-1] c.s.f.f.client.RuleCacheClient           : Fetched 13 active rules from Rule Cache
2026-10-01T10:32:42.108+05:30  INFO 10832 --- [fraud-engine-service] [scheduling-1] c.s.f.fraudengine.cache.ActiveRuleCache  : Active rule cache refreshed ruleCount=13
2026-10-01T10:32:46.567+05:30  INFO 10832 --- [fraud-engine-service] [scheduling-1] c.s.f.f.client.BlacklistCacheClient      : Fetching active blacklist from Rule Cache
2026-10-01T10:32:46.597+05:30  INFO 10832 --- [fraud-engine-service] [scheduling-1] c.s.f.f.client.BlacklistCacheClient      : Fetched 8 active blacklist entries from Rule Cache
2026-10-01T10:32:46.602+05:30  INFO 10832 --- [fraud-engine-service] [scheduling-1] c.s.f.f.cache.ActiveBlacklistCache       : Active blacklist cache refreshed entryCount=8
2026-10-01T10:32:47.175+05:30  INFO 10832 --- [fraud-engine-service] [scheduling-1] c.s.f.f.client.RuleCacheClient           : Fetching active rules from Rule Cache
2026-10-01T10:32:47.319+05:30  INFO 10832 --- [fraud-engine-service] [scheduling-1] c.s.f.f.client.RuleCacheClient           : Fetched 13 active rules from Rule Cache
2026-10-01T10:32:47.319+05:30  INFO 10832 --- [fraud-engine-service] [scheduling-1] c.s.f.fraudengine.cache.ActiveRuleCache  : Active rule cache refreshed ruleCount=13
2026-10-01T10:32:51.606+05:30  INFO 10832 --- [fraud-engine-service] [scheduling-1] c.s.f.f.client.BlacklistCacheClient      : Fetching active blacklist from Rule Cache
2026-10-01T10:32:51.617+05:30  INFO 10832 --- [fraud-engine-service] [scheduling-1] c.s.f.f.client.BlacklistCacheClient      : Fetched 8 active blacklist entries from Rule Cache
2026-10-01T10:32:51.617+05:30  INFO 10832 --- [fraud-engine-service] [scheduling-1] c.s.f.f.cache.ActiveBlacklistCache       : Active blacklist cache refreshed entryCount=8
2026-10-01T10:32:52.323+05:30  INFO 10832 --- [fraud-engine-service] [scheduling-1] c.s.f.f.client.RuleCacheClient           : Fetching active rules from Rule Cache
2026-10-01T10:32:52.331+05:30  INFO 10832 --- [fraud-engine-service] [scheduling-1] c.s.f.f.client.RuleCacheClient           : Fetched 13 active rules from Rule Cache
2026-10-01T10:32:52.331+05:30  INFO 10832 --- [fraud-engine-service] [scheduling-1] c.s.f.fraudengine.cache.ActiveRuleCache  : Active rule cache refreshed ruleCount=13
2026-10-01T10:32:56.626+05:30  INFO 10832 --- [fraud-engine-service] [scheduling-1] c.s.f.f.client.BlacklistCacheClient      : Fetching active blacklist from Rule Cache
2026-10-01T10:32:56.637+05:30  INFO 10832 --- [fraud-engine-service] [scheduling-1] c.s.f.f.client.BlacklistCacheClient      : Fetched 8 active blacklist entries from Rule Cache
2026-10-01T10:32:56.637+05:30  INFO 10832 --- [fraud-engine-service] [scheduling-1] c.s.f.f.cache.ActiveBlacklistCache       : Active blacklist cache refreshed entryCount=8
2026-10-01T10:32:57.348+05:30  INFO 10832 --- [fraud-engine-service] [scheduling-1] c.s.f.f.client.RuleCacheClient           : Fetching active rules from Rule Cache
2026-10-01T10:32:57.372+05:30  INFO 10832 --- [fraud-engine-service] [scheduling-1] c.s.f.f.client.RuleCacheClient           : Fetched 13 active rules from Rule Cache
2026-10-01T10:32:57.373+05:30  INFO 10832 --- [fraud-engine-service] [scheduling-1] c.s.f.fraudengine.cache.ActiveRuleCache  : Active rule cache refreshed ruleCount=13
2026-10-01T10:33:01.644+05:30  INFO 10832 --- [fraud-engine-service] [scheduling-1] c.s.f.f.client.BlacklistCacheClient      : Fetching active blacklist from Rule Cache
2026-10-01T10:33:01.654+05:30  INFO 10832 --- [fraud-engine-service] [scheduling-1] c.s.f.f.client.BlacklistCacheClient      : Fetched 8 active blacklist entries from Rule Cache
2026-10-01T10:33:01.654+05:30  INFO 10832 --- [fraud-engine-service] [scheduling-1] c.s.f.f.cache.ActiveBlacklistCache       : Active blacklist cache refreshed entryCount=8
2026-10-01T10:33:02.378+05:30  INFO 10832 --- [fraud-engine-service] [scheduling-1] c.s.f.f.client.RuleCacheClient           : Fetching active rules from Rule Cache
2026-10-01T10:33:02.386+05:30  INFO 10832 --- [fraud-engine-service] [scheduling-1] c.s.f.f.client.RuleCacheClient           : Fetched 13 active rules from Rule Cache
2026-10-01T10:33:02.386+05:30  INFO 10832 --- [fraud-engine-service] [scheduling-1] c.s.f.fraudengine.cache.ActiveRuleCache  : Active rule cache refreshed ruleCount=13
2026-10-01T10:33:06.661+05:30  INFO 10832 --- [fraud-engine-service] [scheduling-1] c.s.f.f.client.BlacklistCacheClient      : Fetching active blacklist from Rule Cache
2026-10-01T10:33:06.669+05:30  INFO 10832 --- [fraud-engine-service] [scheduling-1] c.s.f.f.client.BlacklistCacheClient      : Fetched 8 active blacklist entries from Rule Cache
2026-10-01T10:33:06.669+05:30  INFO 10832 --- [fraud-engine-service] [scheduling-1] c.s.f.f.cache.ActiveBlacklistCache       : Active blacklist cache refreshed entryCount=8
2026-10-01T10:33:07.402+05:30  INFO 10832 --- [fraud-engine-service] [scheduling-1] c.s.f.f.client.RuleCacheClient           : Fetching active rules from Rule Cache
2026-10-01T10:33:07.406+05:30  INFO 10832 --- [fraud-engine-service] [scheduling-1] c.s.f.f.client.RuleCacheClient           : Fetched 13 active rules from Rule Cache
2026-10-01T10:33:07.406+05:30  INFO 10832 --- [fraud-engine-service] [scheduling-1] c.s.f.fraudengine.cache.ActiveRuleCache  : Active rule cache refreshed ruleCount=13
2026-10-01T10:33:11.680+05:30  INFO 10832 --- [fraud-engine-service] [scheduling-1] c.s.f.f.client.BlacklistCacheClient      : Fetching active blacklist from Rule Cache
2026-10-01T10:33:11.688+05:30  INFO 10832 --- [fraud-engine-service] [scheduling-1] c.s.f.f.client.BlacklistCacheClient      : Fetched 8 active blacklist entries from Rule Cache
2026-10-01T10:33:11.688+05:30  INFO 10832 --- [fraud-engine-service] [scheduling-1] c.s.f.f.cache.ActiveBlacklistCache       : Active blacklist cache refreshed entryCount=8
2026-10-01T10:33:12.425+05:30  INFO 10832 --- [fraud-engine-service] [scheduling-1] c.s.f.f.client.RuleCacheClient           : Fetching active rules from Rule Cache
2026-10-01T10:33:12.461+05:30  INFO 10832 --- [fraud-engine-service] [scheduling-1] c.s.f.f.client.RuleCacheClient           : Fetched 13 active rules from Rule Cache
2026-10-01T10:33:12.461+05:30  INFO 10832 --- [fraud-engine-service] [scheduling-1] c.s.f.fraudengine.cache.ActiveRuleCache  : Active rule cache refreshed ruleCount=13
2026-10-01T10:33:16.690+05:30  INFO 10832 --- [fraud-engine-service] [scheduling-1] c.s.f.f.client.BlacklistCacheClient      : Fetching active blacklist from Rule Cache
2026-10-01T10:33:16.701+05:30  INFO 10832 --- [fraud-engine-service] [scheduling-1] c.s.f.f.client.BlacklistCacheClient      : Fetched 8 active blacklist entries from Rule Cache
2026-10-01T10:33:16.701+05:30  INFO 10832 --- [fraud-engine-service] [scheduling-1] c.s.f.f.cache.ActiveBlacklistCache       : Active blacklist cache refreshed entryCount=8
2026-10-01T10:33:17.474+05:30  INFO 10832 --- [fraud-engine-service] [scheduling-1] c.s.f.f.client.RuleCacheClient           : Fetching active rules from Rule Cache
2026-10-01T10:33:17.485+05:30  INFO 10832 --- [fraud-engine-service] [scheduling-1] c.s.f.f.client.RuleCacheClient           : Fetched 13 active rules from Rule Cache
2026-10-01T10:33:17.485+05:30  INFO 10832 --- [fraud-engine-service] [scheduling-1] c.s.f.fraudengine.cache.ActiveRuleCache  : Active rule cache refreshed ruleCount=13
2026-10-01T10:33:21.708+05:30  INFO 10832 --- [fraud-engine-service] [scheduling-1] c.s.f.f.client.BlacklistCacheClient      : Fetching active blacklist from Rule Cache
2026-10-01T10:33:21.717+05:30  INFO 10832 --- [fraud-engine-service] [scheduling-1] c.s.f.f.client.BlacklistCacheClient      : Fetched 8 active blacklist entries from Rule Cache
2026-10-01T10:33:21.717+05:30  INFO 10832 --- [fraud-engine-service] [scheduling-1] c.s.f.f.cache.ActiveBlacklistCache       : Active blacklist cache refreshed entryCount=8
2026-10-01T10:33:22.489+05:30  INFO 10832 --- [fraud-engine-service] [scheduling-1] c.s.f.f.client.RuleCacheClient           : Fetching active rules from Rule Cache
2026-10-01T10:33:22.498+05:30  INFO 10832 --- [fraud-engine-service] [scheduling-1] c.s.f.f.client.RuleCacheClient           : Fetched 13 active rules from Rule Cache
2026-10-01T10:33:22.498+05:30  INFO 10832 --- [fraud-engine-service] [scheduling-1] c.s.f.fraudengine.cache.ActiveRuleCache  : Active rule cache refreshed ruleCount=13
2026-10-01T10:33:26.725+05:30  INFO 10832 --- [fraud-engine-service] [scheduling-1] c.s.f.f.client.BlacklistCacheClient      : Fetching active blacklist from Rule Cache
2026-10-01T10:33:26.736+05:30  INFO 10832 --- [fraud-engine-service] [scheduling-1] c.s.f.f.client.BlacklistCacheClient      : Fetched 8 active blacklist entries from Rule Cache
2026-10-01T10:33:26.736+05:30  INFO 10832 --- [fraud-engine-service] [scheduling-1] c.s.f.f.cache.ActiveBlacklistCache       : Active blacklist cache refreshed entryCount=8
2026-10-01T10:33:27.516+05:30  INFO 10832 --- [fraud-engine-service] [scheduling-1] c.s.f.f.client.RuleCacheClient           : Fetching active rules from Rule Cache
2026-10-01T10:33:27.528+05:30  INFO 10832 --- [fraud-engine-service] [scheduling-1] c.s.f.f.client.RuleCacheClient           : Fetched 13 active rules from Rule Cache
2026-10-01T10:33:27.528+05:30  INFO 10832 --- [fraud-engine-service] [scheduling-1] c.s.f.fraudengine.cache.ActiveRuleCache  : Active rule cache refreshed ruleCount=13
2026-10-01T10:33:31.748+05:30  INFO 10832 --- [fraud-engine-service] [scheduling-1] c.s.f.f.client.BlacklistCacheClient      : Fetching active blacklist from Rule Cache
2026-10-01T10:33:31.759+05:30  INFO 10832 --- [fraud-engine-service] [scheduling-1] c.s.f.f.client.BlacklistCacheClient      : Fetched 8 active blacklist entries from Rule Cache
2026-10-01T10:33:31.759+05:30  INFO 10832 --- [fraud-engine-service] [scheduling-1] c.s.f.f.cache.ActiveBlacklistCache       : Active blacklist cache refreshed entryCount=8
2026-10-01T10:33:32.531+05:30  INFO 10832 --- [fraud-engine-service] [scheduling-1] c.s.f.f.client.RuleCacheClient           : Fetching active rules from Rule Cache
2026-10-01T10:33:32.541+05:30  INFO 10832 --- [fraud-engine-service] [scheduling-1] c.s.f.f.client.RuleCacheClient           : Fetched 13 active rules from Rule Cache
2026-10-01T10:33:32.541+05:30  INFO 10832 --- [fraud-engine-service] [scheduling-1] c.s.f.fraudengine.cache.ActiveRuleCache  : Active rule cache refreshed ruleCount=13
2026-10-01T10:33:36.760+05:30  INFO 10832 --- [fraud-engine-service] [scheduling-1] c.s.f.f.client.BlacklistCacheClient      : Fetching active blacklist from Rule Cache
2026-10-01T10:33:36.779+05:30  INFO 10832 --- [fraud-engine-service] [scheduling-1] c.s.f.f.client.BlacklistCacheClient      : Fetched 8 active blacklist entries from Rule Cache
2026-10-01T10:33:36.779+05:30  INFO 10832 --- [fraud-engine-service] [scheduling-1] c.s.f.f.cache.ActiveBlacklistCache       : Active blacklist cache refreshed entryCount=8
2026-10-01T10:33:37.551+05:30  INFO 10832 --- [fraud-engine-service] [scheduling-1] c.s.f.f.client.RuleCacheClient           : Fetching active rules from Rule Cache
2026-10-01T10:33:37.563+05:30  INFO 10832 --- [fraud-engine-service] [scheduling-1] c.s.f.f.client.RuleCacheClient           : Fetched 13 active rules from Rule Cache
2026-10-01T10:33:37.563+05:30  INFO 10832 --- [fraud-engine-service] [scheduling-1] c.s.f.fraudengine.cache.ActiveRuleCache  : Active rule cache refreshed ruleCount=13
2026-10-01T10:33:41.784+05:30  INFO 10832 --- [fraud-engine-service] [scheduling-1] c.s.f.f.client.BlacklistCacheClient      : Fetching active blacklist from Rule Cache
2026-10-01T10:33:41.796+05:30  INFO 10832 --- [fraud-engine-service] [scheduling-1] c.s.f.f.client.BlacklistCacheClient      : Fetched 8 active blacklist entries from Rule Cache
2026-10-01T10:33:41.796+05:30  INFO 10832 --- [fraud-engine-service] [scheduling-1] c.s.f.f.cache.ActiveBlacklistCache       : Active blacklist cache refreshed entryCount=8
2026-10-01T10:33:42.570+05:30  INFO 10832 --- [fraud-engine-service] [scheduling-1] c.s.f.f.client.RuleCacheClient           : Fetching active rules from Rule Cache
2026-10-01T10:33:42.596+05:30  INFO 10832 --- [fraud-engine-service] [scheduling-1] c.s.f.f.client.RuleCacheClient           : Fetched 13 active rules from Rule Cache
2026-10-01T10:33:42.598+05:30  INFO 10832 --- [fraud-engine-service] [scheduling-1] c.s.f.fraudengine.cache.ActiveRuleCache  : Active rule cache refreshed ruleCount=13
2026-10-01T10:33:46.804+05:30  INFO 10832 --- [fraud-engine-service] [scheduling-1] c.s.f.f.client.BlacklistCacheClient      : Fetching active blacklist from Rule Cache
2026-10-01T10:33:46.809+05:30  INFO 10832 --- [fraud-engine-service] [scheduling-1] c.s.f.f.client.BlacklistCacheClient      : Fetched 8 active blacklist entries from Rule Cache
2026-10-01T10:33:46.809+05:30  INFO 10832 --- [fraud-engine-service] [scheduling-1] c.s.f.f.cache.ActiveBlacklistCache       : Active blacklist cache refreshed entryCount=8
2026-10-01T10:33:47.599+05:30  INFO 10832 --- [fraud-engine-service] [scheduling-1] c.s.f.f.client.RuleCacheClient           : Fetching active rules from Rule Cache
2026-10-01T10:33:47.617+05:30  INFO 10832 --- [fraud-engine-service] [scheduling-1] c.s.f.f.client.RuleCacheClient           : Fetched 13 active rules from Rule Cache
2026-10-01T10:33:47.617+05:30  INFO 10832 --- [fraud-engine-service] [scheduling-1] c.s.f.fraudengine.cache.ActiveRuleCache  : Active rule cache refreshed ruleCount=13
2026-10-01T10:33:51.819+05:30  INFO 10832 --- [fraud-engine-service] [scheduling-1] c.s.f.f.client.BlacklistCacheClient      : Fetching active blacklist from Rule Cache
2026-10-01T10:33:51.827+05:30  INFO 10832 --- [fraud-engine-service] [scheduling-1] c.s.f.f.client.BlacklistCacheClient      : Fetched 8 active blacklist entries from Rule Cache
2026-10-01T10:33:51.827+05:30  INFO 10832 --- [fraud-engine-service] [scheduling-1] c.s.f.f.cache.ActiveBlacklistCache       : Active blacklist cache refreshed entryCount=8
2026-10-01T10:33:52.622+05:30  INFO 10832 --- [fraud-engine-service] [scheduling-1] c.s.f.f.client.RuleCacheClient           : Fetching active rules from Rule Cache
2026-10-01T10:33:52.636+05:30  INFO 10832 --- [fraud-engine-service] [scheduling-1] c.s.f.f.client.RuleCacheClient           : Fetched 13 active rules from Rule Cache
2026-10-01T10:33:52.636+05:30  INFO 10832 --- [fraud-engine-service] [scheduling-1] c.s.f.fraudengine.cache.ActiveRuleCache  : Active rule cache refreshed ruleCount=13
2026-10-01T10:33:56.834+05:30  INFO 10832 --- [fraud-engine-service] [scheduling-1] c.s.f.f.client.BlacklistCacheClient      : Fetching active blacklist from Rule Cache
2026-10-01T10:33:56.846+05:30  INFO 10832 --- [fraud-engine-service] [scheduling-1] c.s.f.f.client.BlacklistCacheClient      : Fetched 8 active blacklist entries from Rule Cache
2026-10-01T10:33:56.846+05:30  INFO 10832 --- [fraud-engine-service] [scheduling-1] c.s.f.f.cache.ActiveBlacklistCache       : Active blacklist cache refreshed entryCount=8
2026-10-01T10:33:57.669+05:30  INFO 10832 --- [fraud-engine-service] [scheduling-1] c.s.f.f.client.RuleCacheClient           : Fetching active rules from Rule Cache
2026-10-01T10:33:57.685+05:30  INFO 10832 --- [fraud-engine-service] [scheduling-1] c.s.f.f.client.RuleCacheClient           : Fetched 13 active rules from Rule Cache
2026-10-01T10:33:57.685+05:30  INFO 10832 --- [fraud-engine-service] [scheduling-1] c.s.f.fraudengine.cache.ActiveRuleCache  : Active rule cache refreshed ruleCount=13
2026-10-01T10:34:01.860+05:30  INFO 10832 --- [fraud-engine-service] [scheduling-1] c.s.f.f.client.BlacklistCacheClient      : Fetching active blacklist from Rule Cache
2026-10-01T10:34:01.867+05:30  INFO 10832 --- [fraud-engine-service] [scheduling-1] c.s.f.f.client.BlacklistCacheClient      : Fetched 8 active blacklist entries from Rule Cache
2026-10-01T10:34:01.869+05:30  INFO 10832 --- [fraud-engine-service] [scheduling-1] c.s.f.f.cache.ActiveBlacklistCache       : Active blacklist cache refreshed entryCount=8
2026-10-01T10:34:02.689+05:30  INFO 10832 --- [fraud-engine-service] [scheduling-1] c.s.f.f.client.RuleCacheClient           : Fetching active rules from Rule Cache
2026-10-01T10:34:02.699+05:30  INFO 10832 --- [fraud-engine-service] [scheduling-1] c.s.f.f.client.RuleCacheClient           : Fetched 13 active rules from Rule Cache
2026-10-01T10:34:02.699+05:30  INFO 10832 --- [fraud-engine-service] [scheduling-1] c.s.f.fraudengine.cache.ActiveRuleCache  : Active rule cache refreshed ruleCount=13
2026-10-01T10:34:06.878+05:30  INFO 10832 --- [fraud-engine-service] [scheduling-1] c.s.f.f.client.BlacklistCacheClient      : Fetching active blacklist from Rule Cache
2026-10-01T10:34:06.888+05:30  INFO 10832 --- [fraud-engine-service] [scheduling-1] c.s.f.f.client.BlacklistCacheClient      : Fetched 8 active blacklist entries from Rule Cache
2026-10-01T10:34:06.888+05:30  INFO 10832 --- [fraud-engine-service] [scheduling-1] c.s.f.f.cache.ActiveBlacklistCache       : Active blacklist cache refreshed entryCount=8
2026-10-01T10:34:07.703+05:30  INFO 10832 --- [fraud-engine-service] [scheduling-1] c.s.f.f.client.RuleCacheClient           : Fetching active rules from Rule Cache
2026-10-01T10:34:07.711+05:30  INFO 10832 --- [fraud-engine-service] [scheduling-1] c.s.f.f.client.RuleCacheClient           : Fetched 13 active rules from Rule Cache
2026-10-01T10:34:07.711+05:30  INFO 10832 --- [fraud-engine-service] [scheduling-1] c.s.f.fraudengine.cache.ActiveRuleCache  : Active rule cache refreshed ruleCount=13
2026-10-01T10:34:11.892+05:30  INFO 10832 --- [fraud-engine-service] [scheduling-1] c.s.f.f.client.BlacklistCacheClient      : Fetching active blacklist from Rule Cache
2026-10-01T10:34:11.901+05:30  INFO 10832 --- [fraud-engine-service] [scheduling-1] c.s.f.f.client.BlacklistCacheClient      : Fetched 8 active blacklist entries from Rule Cache
2026-10-01T10:34:11.901+05:30  INFO 10832 --- [fraud-engine-service] [scheduling-1] c.s.f.f.cache.ActiveBlacklistCache       : Active blacklist cache refreshed entryCount=8
2026-10-01T10:34:12.716+05:30  INFO 10832 --- [fraud-engine-service] [scheduling-1] c.s.f.f.client.RuleCacheClient           : Fetching active rules from Rule Cache
2026-10-01T10:34:12.731+05:30  INFO 10832 --- [fraud-engine-service] [scheduling-1] c.s.f.f.client.RuleCacheClient           : Fetched 13 active rules from Rule Cache
2026-10-01T10:34:12.731+05:30  INFO 10832 --- [fraud-engine-service] [scheduling-1] c.s.f.fraudengine.cache.ActiveRuleCache  : Active rule cache refreshed ruleCount=13
2026-10-01T10:34:16.904+05:30  INFO 10832 --- [fraud-engine-service] [scheduling-1] c.s.f.f.client.BlacklistCacheClient      : Fetching active blacklist from Rule Cache
2026-10-01T10:34:16.913+05:30  INFO 10832 --- [fraud-engine-service] [scheduling-1] c.s.f.f.client.BlacklistCacheClient      : Fetched 8 active blacklist entries from Rule Cache
2026-10-01T10:34:16.913+05:30  INFO 10832 --- [fraud-engine-service] [scheduling-1] c.s.f.f.cache.ActiveBlacklistCache       : Active blacklist cache refreshed entryCount=8
2026-10-01T10:34:17.735+05:30  INFO 10832 --- [fraud-engine-service] [scheduling-1] c.s.f.f.client.RuleCacheClient           : Fetching active rules from Rule Cache
2026-10-01T10:34:17.746+05:30  INFO 10832 --- [fraud-engine-service] [scheduling-1] c.s.f.f.client.RuleCacheClient           : Fetched 13 active rules from Rule Cache
2026-10-01T10:34:17.746+05:30  INFO 10832 --- [fraud-engine-service] [scheduling-1] c.s.f.fraudengine.cache.ActiveRuleCache  : Active rule cache refreshed ruleCount=13
2026-10-01T10:34:21.920+05:30  INFO 10832 --- [fraud-engine-service] [scheduling-1] c.s.f.f.client.BlacklistCacheClient      : Fetching active blacklist from Rule Cache
2026-10-01T10:34:21.934+05:30  INFO 10832 --- [fraud-engine-service] [scheduling-1] c.s.f.f.client.BlacklistCacheClient      : Fetched 8 active blacklist entries from Rule Cache
2026-10-01T10:34:21.934+05:30  INFO 10832 --- [fraud-engine-service] [scheduling-1] c.s.f.f.cache.ActiveBlacklistCache       : Active blacklist cache refreshed entryCount=8
2026-10-01T10:34:22.752+05:30  INFO 10832 --- [fraud-engine-service] [scheduling-1] c.s.f.f.client.RuleCacheClient           : Fetching active rules from Rule Cache
2026-10-01T10:34:22.763+05:30  INFO 10832 --- [fraud-engine-service] [scheduling-1] c.s.f.f.client.RuleCacheClient           : Fetched 13 active rules from Rule Cache
2026-10-01T10:34:22.763+05:30  INFO 10832 --- [fraud-engine-service] [scheduling-1] c.s.f.fraudengine.cache.ActiveRuleCache  : Active rule cache refreshed ruleCount=13
2026-10-01T10:34:26.950+05:30  INFO 10832 --- [fraud-engine-service] [scheduling-1] c.s.f.f.client.BlacklistCacheClient      : Fetching active blacklist from Rule Cache
2026-10-01T10:34:26.957+05:30  INFO 10832 --- [fraud-engine-service] [scheduling-1] c.s.f.f.client.BlacklistCacheClient      : Fetched 8 active blacklist entries from Rule Cache
2026-10-01T10:34:26.957+05:30  INFO 10832 --- [fraud-engine-service] [scheduling-1] c.s.f.f.cache.ActiveBlacklistCache       : Active blacklist cache refreshed entryCount=8
2026-10-01T10:34:27.764+05:30  INFO 10832 --- [fraud-engine-service] [scheduling-1] c.s.f.f.client.RuleCacheClient           : Fetching active rules from Rule Cache
2026-10-01T10:34:27.796+05:30  INFO 10832 --- [fraud-engine-service] [scheduling-1] c.s.f.f.client.RuleCacheClient           : Fetched 13 active rules from Rule Cache
2026-10-01T10:34:27.796+05:30  INFO 10832 --- [fraud-engine-service] [scheduling-1] c.s.f.fraudengine.cache.ActiveRuleCache  : Active rule cache refreshed ruleCount=13
2026-10-01T10:34:31.974+05:30  INFO 10832 --- [fraud-engine-service] [scheduling-1] c.s.f.f.client.BlacklistCacheClient      : Fetching active blacklist from Rule Cache
2026-10-01T10:34:31.996+05:30  INFO 10832 --- [fraud-engine-service] [scheduling-1] c.s.f.f.client.BlacklistCacheClient      : Fetched 8 active blacklist entries from Rule Cache
2026-10-01T10:34:31.996+05:30  INFO 10832 --- [fraud-engine-service] [scheduling-1] c.s.f.f.cache.ActiveBlacklistCache       : Active blacklist cache refreshed entryCount=8
2026-10-01T10:34:32.819+05:30  INFO 10832 --- [fraud-engine-service] [scheduling-1] c.s.f.f.client.RuleCacheClient           : Fetching active rules from Rule Cache
2026-10-01T10:34:32.851+05:30  INFO 10832 --- [fraud-engine-service] [scheduling-1] c.s.f.f.client.RuleCacheClient           : Fetched 13 active rules from Rule Cache
2026-10-01T10:34:32.851+05:30  INFO 10832 --- [fraud-engine-service] [scheduling-1] c.s.f.fraudengine.cache.ActiveRuleCache  : Active rule cache refreshed ruleCount=13
2026-10-01T10:34:37.004+05:30  INFO 10832 --- [fraud-engine-service] [scheduling-1] c.s.f.f.client.BlacklistCacheClient      : Fetching active blacklist from Rule Cache
2026-10-01T10:34:37.012+05:30  INFO 10832 --- [fraud-engine-service] [scheduling-1] c.s.f.f.client.BlacklistCacheClient      : Fetched 8 active blacklist entries from Rule Cache
2026-10-01T10:34:37.012+05:30  INFO 10832 --- [fraud-engine-service] [scheduling-1] c.s.f.f.cache.ActiveBlacklistCache       : Active blacklist cache refreshed entryCount=8
2026-10-01T10:34:37.854+05:30  INFO 10832 --- [fraud-engine-service] [scheduling-1] c.s.f.f.client.RuleCacheClient           : Fetching active rules from Rule Cache
2026-10-01T10:34:37.869+05:30  INFO 10832 --- [fraud-engine-service] [scheduling-1] c.s.f.f.client.RuleCacheClient           : Fetched 13 active rules from Rule Cache
2026-10-01T10:34:37.869+05:30  INFO 10832 --- [fraud-engine-service] [scheduling-1] c.s.f.fraudengine.cache.ActiveRuleCache  : Active rule cache refreshed ruleCount=13
2026-10-01T10:34:42.016+05:30  INFO 10832 --- [fraud-engine-service] [scheduling-1] c.s.f.f.client.BlacklistCacheClient      : Fetching active blacklist from Rule Cache
2026-10-01T10:34:42.026+05:30  INFO 10832 --- [fraud-engine-service] [scheduling-1] c.s.f.f.client.BlacklistCacheClient      : Fetched 8 active blacklist entries from Rule Cache
2026-10-01T10:34:42.026+05:30  INFO 10832 --- [fraud-engine-service] [scheduling-1] c.s.f.f.cache.ActiveBlacklistCache       : Active blacklist cache refreshed entryCount=8
2026-10-01T10:34:42.872+05:30  INFO 10832 --- [fraud-engine-service] [scheduling-1] c.s.f.f.client.RuleCacheClient           : Fetching active rules from Rule Cache
2026-10-01T10:34:42.893+05:30  INFO 10832 --- [fraud-engine-service] [scheduling-1] c.s.f.f.client.RuleCacheClient           : Fetched 13 active rules from Rule Cache
2026-10-01T10:34:42.893+05:30  INFO 10832 --- [fraud-engine-service] [scheduling-1] c.s.f.fraudengine.cache.ActiveRuleCache  : Active rule cache refreshed ruleCount=13
2026-10-01T10:34:47.039+05:30  INFO 10832 --- [fraud-engine-service] [scheduling-1] c.s.f.f.client.BlacklistCacheClient      : Fetching active blacklist from Rule Cache
2026-10-01T10:34:47.047+05:30  INFO 10832 --- [fraud-engine-service] [scheduling-1] c.s.f.f.client.BlacklistCacheClient      : Fetched 8 active blacklist entries from Rule Cache
2026-10-01T10:34:47.047+05:30  INFO 10832 --- [fraud-engine-service] [scheduling-1] c.s.f.f.cache.ActiveBlacklistCache       : Active blacklist cache refreshed entryCount=8
2026-10-01T10:34:47.898+05:30  INFO 10832 --- [fraud-engine-service] [scheduling-1] c.s.f.f.client.RuleCacheClient           : Fetching active rules from Rule Cache
2026-10-01T10:34:47.908+05:30  INFO 10832 --- [fraud-engine-service] [scheduling-1] c.s.f.f.client.RuleCacheClient           : Fetched 13 active rules from Rule Cache
2026-10-01T10:34:47.908+05:30  INFO 10832 --- [fraud-engine-service] [scheduling-1] c.s.f.fraudengine.cache.ActiveRuleCache  : Active rule cache refreshed ruleCount=13
2026-10-01T10:34:52.051+05:30  INFO 10832 --- [fraud-engine-service] [scheduling-1] c.s.f.f.client.BlacklistCacheClient      : Fetching active blacklist from Rule Cache
2026-10-01T10:34:52.063+05:30  INFO 10832 --- [fraud-engine-service] [scheduling-1] c.s.f.f.client.BlacklistCacheClient      : Fetched 8 active blacklist entries from Rule Cache
2026-10-01T10:34:52.063+05:30  INFO 10832 --- [fraud-engine-service] [scheduling-1] c.s.f.f.cache.ActiveBlacklistCache       : Active blacklist cache refreshed entryCount=8
2026-10-01T10:34:52.911+05:30  INFO 10832 --- [fraud-engine-service] [scheduling-1] c.s.f.f.client.RuleCacheClient           : Fetching active rules from Rule Cache
2026-10-01T10:34:52.919+05:30  INFO 10832 --- [fraud-engine-service] [scheduling-1] c.s.f.f.client.RuleCacheClient           : Fetched 13 active rules from Rule Cache
2026-10-01T10:34:52.919+05:30  INFO 10832 --- [fraud-engine-service] [scheduling-1] c.s.f.fraudengine.cache.ActiveRuleCache  : Active rule cache refreshed ruleCount=13
2026-10-01T10:34:57.079+05:30  INFO 10832 --- [fraud-engine-service] [scheduling-1] c.s.f.f.client.BlacklistCacheClient      : Fetching active blacklist from Rule Cache
2026-10-01T10:34:57.087+05:30  INFO 10832 --- [fraud-engine-service] [scheduling-1] c.s.f.f.client.BlacklistCacheClient      : Fetched 8 active blacklist entries from Rule Cache
2026-10-01T10:34:57.087+05:30  INFO 10832 --- [fraud-engine-service] [scheduling-1] c.s.f.f.cache.ActiveBlacklistCache       : Active blacklist cache refreshed entryCount=8
2026-10-01T10:34:57.936+05:30  INFO 10832 --- [fraud-engine-service] [scheduling-1] c.s.f.f.client.RuleCacheClient           : Fetching active rules from Rule Cache
2026-10-01T10:34:57.950+05:30  INFO 10832 --- [fraud-engine-service] [scheduling-1] c.s.f.f.client.RuleCacheClient           : Fetched 13 active rules from Rule Cache
2026-10-01T10:34:57.950+05:30  INFO 10832 --- [fraud-engine-service] [scheduling-1] c.s.f.fraudengine.cache.ActiveRuleCache  : Active rule cache refreshed ruleCount=13
2026-10-01T10:35:02.091+05:30  INFO 10832 --- [fraud-engine-service] [scheduling-1] c.s.f.f.client.BlacklistCacheClient      : Fetching active blacklist from Rule Cache
2026-10-01T10:35:02.102+05:30  INFO 10832 --- [fraud-engine-service] [scheduling-1] c.s.f.f.client.BlacklistCacheClient      : Fetched 8 active blacklist entries from Rule Cache
2026-10-01T10:35:02.102+05:30  INFO 10832 --- [fraud-engine-service] [scheduling-1] c.s.f.f.cache.ActiveBlacklistCache       : Active blacklist cache refreshed entryCount=8
2026-10-01T10:35:02.956+05:30  INFO 10832 --- [fraud-engine-service] [scheduling-1] c.s.f.f.client.RuleCacheClient           : Fetching active rules from Rule Cache
2026-10-01T10:35:02.966+05:30  INFO 10832 --- [fraud-engine-service] [scheduling-1] c.s.f.f.client.RuleCacheClient           : Fetched 13 active rules from Rule Cache
2026-10-01T10:35:02.968+05:30  INFO 10832 --- [fraud-engine-service] [scheduling-1] c.s.f.fraudengine.cache.ActiveRuleCache  : Active rule cache refreshed ruleCount=13
2026-10-01T10:35:07.115+05:30  INFO 10832 --- [fraud-engine-service] [scheduling-1] c.s.f.f.client.BlacklistCacheClient      : Fetching active blacklist from Rule Cache
2026-10-01T10:35:07.126+05:30  INFO 10832 --- [fraud-engine-service] [scheduling-1] c.s.f.f.client.BlacklistCacheClient      : Fetched 8 active blacklist entries from Rule Cache
2026-10-01T10:35:07.126+05:30  INFO 10832 --- [fraud-engine-service] [scheduling-1] c.s.f.f.cache.ActiveBlacklistCache       : Active blacklist cache refreshed entryCount=8
2026-10-01T10:35:07.982+05:30  INFO 10832 --- [fraud-engine-service] [scheduling-1] c.s.f.f.client.RuleCacheClient           : Fetching active rules from Rule Cache
2026-10-01T10:35:07.991+05:30  INFO 10832 --- [fraud-engine-service] [scheduling-1] c.s.f.f.client.RuleCacheClient           : Fetched 13 active rules from Rule Cache
2026-10-01T10:35:07.991+05:30  INFO 10832 --- [fraud-engine-service] [scheduling-1] c.s.f.fraudengine.cache.ActiveRuleCache  : Active rule cache refreshed ruleCount=13
2026-10-01T10:35:12.133+05:30  INFO 10832 --- [fraud-engine-service] [scheduling-1] c.s.f.f.client.BlacklistCacheClient      : Fetching active blacklist from Rule Cache
2026-10-01T10:35:12.141+05:30  INFO 10832 --- [fraud-engine-service] [scheduling-1] c.s.f.f.client.BlacklistCacheClient      : Fetched 8 active blacklist entries from Rule Cache
2026-10-01T10:35:12.141+05:30  INFO 10832 --- [fraud-engine-service] [scheduling-1] c.s.f.f.cache.ActiveBlacklistCache       : Active blacklist cache refreshed entryCount=8
2026-10-01T10:35:13.005+05:30  INFO 10832 --- [fraud-engine-service] [scheduling-1] c.s.f.f.client.RuleCacheClient           : Fetching active rules from Rule Cache
2026-10-01T10:35:13.039+05:30  INFO 10832 --- [fraud-engine-service] [scheduling-1] c.s.f.f.client.RuleCacheClient           : Fetched 13 active rules from Rule Cache
2026-10-01T10:35:13.039+05:30  INFO 10832 --- [fraud-engine-service] [scheduling-1] c.s.f.fraudengine.cache.ActiveRuleCache  : Active rule cache refreshed ruleCount=13
2026-10-01T10:35:17.149+05:30  INFO 10832 --- [fraud-engine-service] [scheduling-1] c.s.f.f.client.BlacklistCacheClient      : Fetching active blacklist from Rule Cache
2026-10-01T10:35:17.155+05:30  INFO 10832 --- [fraud-engine-service] [scheduling-1] c.s.f.f.client.BlacklistCacheClient      : Fetched 8 active blacklist entries from Rule Cache
2026-10-01T10:35:17.155+05:30  INFO 10832 --- [fraud-engine-service] [scheduling-1] c.s.f.f.cache.ActiveBlacklistCache       : Active blacklist cache refreshed entryCount=8
2026-10-01T10:35:18.042+05:30  INFO 10832 --- [fraud-engine-service] [scheduling-1] c.s.f.f.client.RuleCacheClient           : Fetching active rules from Rule Cache
2026-10-01T10:35:18.056+05:30  INFO 10832 --- [fraud-engine-service] [scheduling-1] c.s.f.f.client.RuleCacheClient           : Fetched 13 active rules from Rule Cache
2026-10-01T10:35:18.056+05:30  INFO 10832 --- [fraud-engine-service] [scheduling-1] c.s.f.fraudengine.cache.ActiveRuleCache  : Active rule cache refreshed ruleCount=13
2026-10-01T10:35:22.162+05:30  INFO 10832 --- [fraud-engine-service] [scheduling-1] c.s.f.f.client.BlacklistCacheClient      : Fetching active blacklist from Rule Cache
2026-10-01T10:35:22.170+05:30  INFO 10832 --- [fraud-engine-service] [scheduling-1] c.s.f.f.client.BlacklistCacheClient      : Fetched 8 active blacklist entries from Rule Cache
2026-10-01T10:35:22.170+05:30  INFO 10832 --- [fraud-engine-service] [scheduling-1] c.s.f.f.cache.ActiveBlacklistCache       : Active blacklist cache refreshed entryCount=8
2026-10-01T10:35:23.062+05:30  INFO 10832 --- [fraud-engine-service] [scheduling-1] c.s.f.f.client.RuleCacheClient           : Fetching active rules from Rule Cache
2026-10-01T10:35:23.070+05:30  INFO 10832 --- [fraud-engine-service] [scheduling-1] c.s.f.f.client.RuleCacheClient           : Fetched 13 active rules from Rule Cache
2026-10-01T10:35:23.070+05:30  INFO 10832 --- [fraud-engine-service] [scheduling-1] c.s.f.fraudengine.cache.ActiveRuleCache  : Active rule cache refreshed ruleCount=13
2026-10-01T10:35:27.173+05:30  INFO 10832 --- [fraud-engine-service] [scheduling-1] c.s.f.f.client.BlacklistCacheClient      : Fetching active blacklist from Rule Cache
2026-10-01T10:35:27.182+05:30  INFO 10832 --- [fraud-engine-service] [scheduling-1] c.s.f.f.client.BlacklistCacheClient      : Fetched 8 active blacklist entries from Rule Cache
2026-10-01T10:35:27.182+05:30  INFO 10832 --- [fraud-engine-service] [scheduling-1] c.s.f.f.cache.ActiveBlacklistCache       : Active blacklist cache refreshed entryCount=8
2026-10-01T10:35:28.077+05:30  INFO 10832 --- [fraud-engine-service] [scheduling-1] c.s.f.f.client.RuleCacheClient           : Fetching active rules from Rule Cache
2026-10-01T10:35:28.098+05:30  INFO 10832 --- [fraud-engine-service] [scheduling-1] c.s.f.f.client.RuleCacheClient           : Fetched 13 active rules from Rule Cache
2026-10-01T10:35:28.098+05:30  INFO 10832 --- [fraud-engine-service] [scheduling-1] c.s.f.fraudengine.cache.ActiveRuleCache  : Active rule cache refreshed ruleCount=13
2026-10-01T10:35:32.184+05:30  INFO 10832 --- [fraud-engine-service] [scheduling-1] c.s.f.f.client.BlacklistCacheClient      : Fetching active blacklist from Rule Cache
2026-10-01T10:35:32.193+05:30  INFO 10832 --- [fraud-engine-service] [scheduling-1] c.s.f.f.client.BlacklistCacheClient      : Fetched 8 active blacklist entries from Rule Cache
2026-10-01T10:35:32.193+05:30  INFO 10832 --- [fraud-engine-service] [scheduling-1] c.s.f.f.cache.ActiveBlacklistCache       : Active blacklist cache refreshed entryCount=8
2026-10-01T10:35:33.102+05:30  INFO 10832 --- [fraud-engine-service] [scheduling-1] c.s.f.f.client.RuleCacheClient           : Fetching active rules from Rule Cache
2026-10-01T10:35:33.111+05:30  INFO 10832 --- [fraud-engine-service] [scheduling-1] c.s.f.f.client.RuleCacheClient           : Fetched 13 active rules from Rule Cache
2026-10-01T10:35:33.111+05:30  INFO 10832 --- [fraud-engine-service] [scheduling-1] c.s.f.fraudengine.cache.ActiveRuleCache  : Active rule cache refreshed ruleCount=13
2026-10-01T10:35:37.201+05:30  INFO 10832 --- [fraud-engine-service] [scheduling-1] c.s.f.f.client.BlacklistCacheClient      : Fetching active blacklist from Rule Cache
2026-10-01T10:35:37.209+05:30  INFO 10832 --- [fraud-engine-service] [scheduling-1] c.s.f.f.client.BlacklistCacheClient      : Fetched 8 active blacklist entries from Rule Cache
2026-10-01T10:35:37.209+05:30  INFO 10832 --- [fraud-engine-service] [scheduling-1] c.s.f.f.cache.ActiveBlacklistCache       : Active blacklist cache refreshed entryCount=8
2026-10-01T10:35:38.120+05:30  INFO 10832 --- [fraud-engine-service] [scheduling-1] c.s.f.f.client.RuleCacheClient           : Fetching active rules from Rule Cache
2026-10-01T10:35:38.132+05:30  INFO 10832 --- [fraud-engine-service] [scheduling-1] c.s.f.f.client.RuleCacheClient           : Fetched 13 active rules from Rule Cache
2026-10-01T10:35:38.132+05:30  INFO 10832 --- [fraud-engine-service] [scheduling-1] c.s.f.fraudengine.cache.ActiveRuleCache  : Active rule cache refreshed ruleCount=13
2026-10-01T10:35:42.218+05:30  INFO 10832 --- [fraud-engine-service] [scheduling-1] c.s.f.f.client.BlacklistCacheClient      : Fetching active blacklist from Rule Cache
2026-10-01T10:35:42.227+05:30  INFO 10832 --- [fraud-engine-service] [scheduling-1] c.s.f.f.client.BlacklistCacheClient      : Fetched 8 active blacklist entries from Rule Cache
2026-10-01T10:35:42.227+05:30  INFO 10832 --- [fraud-engine-service] [scheduling-1] c.s.f.f.cache.ActiveBlacklistCache       : Active blacklist cache refreshed entryCount=8
2026-10-01T10:35:43.140+05:30  INFO 10832 --- [fraud-engine-service] [scheduling-1] c.s.f.f.client.RuleCacheClient           : Fetching active rules from Rule Cache
2026-10-01T10:35:43.153+05:30  INFO 10832 --- [fraud-engine-service] [scheduling-1] c.s.f.f.client.RuleCacheClient           : Fetched 13 active rules from Rule Cache
2026-10-01T10:35:43.153+05:30  INFO 10832 --- [fraud-engine-service] [scheduling-1] c.s.f.fraudengine.cache.ActiveRuleCache  : Active rule cache refreshed ruleCount=13
2026-10-01T10:35:46.322+05:30  INFO 10832 --- [fraud-engine-service] [AsyncResolver-bootstrap-executor-%d] c.n.d.s.r.aws.ConfigClusterResolver      : Resolving eureka endpoints via configuration
2026-10-01T10:35:47.239+05:30  INFO 10832 --- [fraud-engine-service] [scheduling-1] c.s.f.f.client.BlacklistCacheClient      : Fetching active blacklist from Rule Cache
2026-10-01T10:35:47.248+05:30  INFO 10832 --- [fraud-engine-service] [scheduling-1] c.s.f.f.client.BlacklistCacheClient      : Fetched 8 active blacklist entries from Rule Cache
2026-10-01T10:35:47.248+05:30  INFO 10832 --- [fraud-engine-service] [scheduling-1] c.s.f.f.cache.ActiveBlacklistCache       : Active blacklist cache refreshed entryCount=8
2026-10-01T10:35:48.154+05:30  INFO 10832 --- [fraud-engine-service] [scheduling-1] c.s.f.f.client.RuleCacheClient           : Fetching active rules from Rule Cache
2026-10-01T10:35:48.164+05:30  INFO 10832 --- [fraud-engine-service] [scheduling-1] c.s.f.f.client.RuleCacheClient           : Fetched 13 active rules from Rule Cache
2026-10-01T10:35:48.164+05:30  INFO 10832 --- [fraud-engine-service] [scheduling-1] c.s.f.fraudengine.cache.ActiveRuleCache  : Active rule cache refreshed ruleCount=13
2026-10-01T10:35:52.252+05:30  INFO 10832 --- [fraud-engine-service] [scheduling-1] c.s.f.f.client.BlacklistCacheClient      : Fetching active blacklist from Rule Cache
2026-10-01T10:35:52.262+05:30  INFO 10832 --- [fraud-engine-service] [scheduling-1] c.s.f.f.client.BlacklistCacheClient      : Fetched 8 active blacklist entries from Rule Cache
2026-10-01T10:35:52.262+05:30  INFO 10832 --- [fraud-engine-service] [scheduling-1] c.s.f.f.cache.ActiveBlacklistCache       : Active blacklist cache refreshed entryCount=8
2026-10-01T10:35:53.169+05:30  INFO 10832 --- [fraud-engine-service] [scheduling-1] c.s.f.f.client.RuleCacheClient           : Fetching active rules from Rule Cache
2026-10-01T10:35:53.177+05:30  INFO 10832 --- [fraud-engine-service] [scheduling-1] c.s.f.f.client.RuleCacheClient           : Fetched 13 active rules from Rule Cache
2026-10-01T10:35:53.177+05:30  INFO 10832 --- [fraud-engine-service] [scheduling-1] c.s.f.fraudengine.cache.ActiveRuleCache  : Active rule cache refreshed ruleCount=13
2026-10-01T10:35:57.271+05:30  INFO 10832 --- [fraud-engine-service] [scheduling-1] c.s.f.f.client.BlacklistCacheClient      : Fetching active blacklist from Rule Cache
2026-10-01T10:35:57.279+05:30  INFO 10832 --- [fraud-engine-service] [scheduling-1] c.s.f.f.client.BlacklistCacheClient      : Fetched 8 active blacklist entries from Rule Cache
2026-10-01T10:35:57.279+05:30  INFO 10832 --- [fraud-engine-service] [scheduling-1] c.s.f.f.cache.ActiveBlacklistCache       : Active blacklist cache refreshed entryCount=8
2026-10-01T10:35:58.182+05:30  INFO 10832 --- [fraud-engine-service] [scheduling-1] c.s.f.f.client.RuleCacheClient           : Fetching active rules from Rule Cache
2026-10-01T10:35:58.210+05:30  INFO 10832 --- [fraud-engine-service] [scheduling-1] c.s.f.f.client.RuleCacheClient           : Fetched 13 active rules from Rule Cache
2026-10-01T10:35:58.210+05:30  INFO 10832 --- [fraud-engine-service] [scheduling-1] c.s.f.fraudengine.cache.ActiveRuleCache  : Active rule cache refreshed ruleCount=13
2026-10-01T10:36:02.296+05:30  INFO 10832 --- [fraud-engine-service] [scheduling-1] c.s.f.f.client.BlacklistCacheClient      : Fetching active blacklist from Rule Cache
2026-10-01T10:36:02.305+05:30  INFO 10832 --- [fraud-engine-service] [scheduling-1] c.s.f.f.client.BlacklistCacheClient      : Fetched 8 active blacklist entries from Rule Cache
2026-10-01T10:36:02.305+05:30  INFO 10832 --- [fraud-engine-service] [scheduling-1] c.s.f.f.cache.ActiveBlacklistCache       : Active blacklist cache refreshed entryCount=8
2026-10-01T10:36:03.212+05:30  INFO 10832 --- [fraud-engine-service] [scheduling-1] c.s.f.f.client.RuleCacheClient           : Fetching active rules from Rule Cache
2026-10-01T10:36:03.215+05:30  INFO 10832 --- [fraud-engine-service] [scheduling-1] c.s.f.f.client.RuleCacheClient           : Fetched 13 active rules from Rule Cache
2026-10-01T10:36:03.223+05:30  INFO 10832 --- [fraud-engine-service] [scheduling-1] c.s.f.fraudengine.cache.ActiveRuleCache  : Active rule cache refreshed ruleCount=13
2026-10-01T10:36:07.312+05:30  INFO 10832 --- [fraud-engine-service] [scheduling-1] c.s.f.f.client.BlacklistCacheClient      : Fetching active blacklist from Rule Cache
2026-10-01T10:36:07.320+05:30  INFO 10832 --- [fraud-engine-service] [scheduling-1] c.s.f.f.client.BlacklistCacheClient      : Fetched 8 active blacklist entries from Rule Cache
2026-10-01T10:36:07.320+05:30  INFO 10832 --- [fraud-engine-service] [scheduling-1] c.s.f.f.cache.ActiveBlacklistCache       : Active blacklist cache refreshed entryCount=8
2026-10-01T10:36:08.228+05:30  INFO 10832 --- [fraud-engine-service] [scheduling-1] c.s.f.f.client.RuleCacheClient           : Fetching active rules from Rule Cache
2026-10-01T10:36:08.237+05:30  INFO 10832 --- [fraud-engine-service] [scheduling-1] c.s.f.f.client.RuleCacheClient           : Fetched 13 active rules from Rule Cache
2026-10-01T10:36:08.237+05:30  INFO 10832 --- [fraud-engine-service] [scheduling-1] c.s.f.fraudengine.cache.ActiveRuleCache  : Active rule cache refreshed ruleCount=13
2026-10-01T10:36:12.333+05:30  INFO 10832 --- [fraud-engine-service] [scheduling-1] c.s.f.f.client.BlacklistCacheClient      : Fetching active blacklist from Rule Cache
2026-10-01T10:36:12.341+05:30  INFO 10832 --- [fraud-engine-service] [scheduling-1] c.s.f.f.client.BlacklistCacheClient      : Fetched 8 active blacklist entries from Rule Cache
2026-10-01T10:36:12.341+05:30  INFO 10832 --- [fraud-engine-service] [scheduling-1] c.s.f.f.cache.ActiveBlacklistCache       : Active blacklist cache refreshed entryCount=8
2026-10-01T10:36:13.241+05:30  INFO 10832 --- [fraud-engine-service] [scheduling-1] c.s.f.f.client.RuleCacheClient           : Fetching active rules from Rule Cache
2026-10-01T10:36:13.278+05:30  INFO 10832 --- [fraud-engine-service] [scheduling-1] c.s.f.f.client.RuleCacheClient           : Fetched 13 active rules from Rule Cache
2026-10-01T10:36:13.278+05:30  INFO 10832 --- [fraud-engine-service] [scheduling-1] c.s.f.fraudengine.cache.ActiveRuleCache  : Active rule cache refreshed ruleCount=13
2026-10-01T10:36:17.353+05:30  INFO 10832 --- [fraud-engine-service] [scheduling-1] c.s.f.f.client.BlacklistCacheClient      : Fetching active blacklist from Rule Cache
2026-10-01T10:36:17.365+05:30  INFO 10832 --- [fraud-engine-service] [scheduling-1] c.s.f.f.client.BlacklistCacheClient      : Fetched 8 active blacklist entries from Rule Cache
2026-10-01T10:36:17.365+05:30  INFO 10832 --- [fraud-engine-service] [scheduling-1] c.s.f.f.cache.ActiveBlacklistCache       : Active blacklist cache refreshed entryCount=8
2026-10-01T10:36:18.280+05:30  INFO 10832 --- [fraud-engine-service] [scheduling-1] c.s.f.f.client.RuleCacheClient           : Fetching active rules from Rule Cache
2026-10-01T10:36:18.288+05:30  INFO 10832 --- [fraud-engine-service] [scheduling-1] c.s.f.f.client.RuleCacheClient           : Fetched 13 active rules from Rule Cache
2026-10-01T10:36:18.288+05:30  INFO 10832 --- [fraud-engine-service] [scheduling-1] c.s.f.fraudengine.cache.ActiveRuleCache  : Active rule cache refreshed ruleCount=13
2026-10-01T10:36:22.382+05:30  INFO 10832 --- [fraud-engine-service] [scheduling-1] c.s.f.f.client.BlacklistCacheClient      : Fetching active blacklist from Rule Cache
2026-10-01T10:36:22.400+05:30  INFO 10832 --- [fraud-engine-service] [scheduling-1] c.s.f.f.client.BlacklistCacheClient      : Fetched 8 active blacklist entries from Rule Cache
2026-10-01T10:36:22.400+05:30  INFO 10832 --- [fraud-engine-service] [scheduling-1] c.s.f.f.cache.ActiveBlacklistCache       : Active blacklist cache refreshed entryCount=8
2026-10-01T10:36:23.297+05:30  INFO 10832 --- [fraud-engine-service] [scheduling-1] c.s.f.f.client.RuleCacheClient           : Fetching active rules from Rule Cache
2026-10-01T10:36:23.305+05:30  INFO 10832 --- [fraud-engine-service] [scheduling-1] c.s.f.f.client.RuleCacheClient           : Fetched 13 active rules from Rule Cache
2026-10-01T10:36:23.305+05:30  INFO 10832 --- [fraud-engine-service] [scheduling-1] c.s.f.fraudengine.cache.ActiveRuleCache  : Active rule cache refreshed ruleCount=13
2026-10-01T10:36:27.405+05:30  INFO 10832 --- [fraud-engine-service] [scheduling-1] c.s.f.f.client.BlacklistCacheClient      : Fetching active blacklist from Rule Cache
2026-10-01T10:36:27.415+05:30  INFO 10832 --- [fraud-engine-service] [scheduling-1] c.s.f.f.client.BlacklistCacheClient      : Fetched 8 active blacklist entries from Rule Cache
2026-10-01T10:36:27.415+05:30  INFO 10832 --- [fraud-engine-service] [scheduling-1] c.s.f.f.cache.ActiveBlacklistCache       : Active blacklist cache refreshed entryCount=8
2026-10-01T10:36:28.315+05:30  INFO 10832 --- [fraud-engine-service] [scheduling-1] c.s.f.f.client.RuleCacheClient           : Fetching active rules from Rule Cache
2026-10-01T10:36:28.351+05:30  INFO 10832 --- [fraud-engine-service] [scheduling-1] c.s.f.f.client.RuleCacheClient           : Fetched 13 active rules from Rule Cache
2026-10-01T10:36:28.351+05:30  INFO 10832 --- [fraud-engine-service] [scheduling-1] c.s.f.fraudengine.cache.ActiveRuleCache  : Active rule cache refreshed ruleCount=13
2026-10-01T10:36:32.421+05:30  INFO 10832 --- [fraud-engine-service] [scheduling-1] c.s.f.f.client.BlacklistCacheClient      : Fetching active blacklist from Rule Cache
2026-10-01T10:36:32.429+05:30  INFO 10832 --- [fraud-engine-service] [scheduling-1] c.s.f.f.client.BlacklistCacheClient      : Fetched 8 active blacklist entries from Rule Cache
2026-10-01T10:36:32.429+05:30  INFO 10832 --- [fraud-engine-service] [scheduling-1] c.s.f.f.cache.ActiveBlacklistCache       : Active blacklist cache refreshed entryCount=8
2026-10-01T10:36:33.360+05:30  INFO 10832 --- [fraud-engine-service] [scheduling-1] c.s.f.f.client.RuleCacheClient           : Fetching active rules from Rule Cache
2026-10-01T10:36:33.368+05:30  INFO 10832 --- [fraud-engine-service] [scheduling-1] c.s.f.f.client.RuleCacheClient           : Fetched 13 active rules from Rule Cache
2026-10-01T10:36:33.368+05:30  INFO 10832 --- [fraud-engine-service] [scheduling-1] c.s.f.fraudengine.cache.ActiveRuleCache  : Active rule cache refreshed ruleCount=13
2026-10-01T10:36:37.443+05:30  INFO 10832 --- [fraud-engine-service] [scheduling-1] c.s.f.f.client.BlacklistCacheClient      : Fetching active blacklist from Rule Cache
2026-10-01T10:36:37.452+05:30  INFO 10832 --- [fraud-engine-service] [scheduling-1] c.s.f.f.client.BlacklistCacheClient      : Fetched 8 active blacklist entries from Rule Cache
2026-10-01T10:36:37.452+05:30  INFO 10832 --- [fraud-engine-service] [scheduling-1] c.s.f.f.cache.ActiveBlacklistCache       : Active blacklist cache refreshed entryCount=8
2026-10-01T10:36:38.384+05:30  INFO 10832 --- [fraud-engine-service] [scheduling-1] c.s.f.f.client.RuleCacheClient           : Fetching active rules from Rule Cache
2026-10-01T10:36:38.394+05:30  INFO 10832 --- [fraud-engine-service] [scheduling-1] c.s.f.f.client.RuleCacheClient           : Fetched 13 active rules from Rule Cache
2026-10-01T10:36:38.395+05:30  INFO 10832 --- [fraud-engine-service] [scheduling-1] c.s.f.fraudengine.cache.ActiveRuleCache  : Active rule cache refreshed ruleCount=13
2026-10-01T10:36:42.468+05:30  INFO 10832 --- [fraud-engine-service] [scheduling-1] c.s.f.f.client.BlacklistCacheClient      : Fetching active blacklist from Rule Cache
2026-10-01T10:36:42.478+05:30  INFO 10832 --- [fraud-engine-service] [scheduling-1] c.s.f.f.client.BlacklistCacheClient      : Fetched 8 active blacklist entries from Rule Cache
2026-10-01T10:36:42.478+05:30  INFO 10832 --- [fraud-engine-service] [scheduling-1] c.s.f.f.cache.ActiveBlacklistCache       : Active blacklist cache refreshed entryCount=8
2026-10-01T10:36:43.401+05:30  INFO 10832 --- [fraud-engine-service] [scheduling-1] c.s.f.f.client.RuleCacheClient           : Fetching active rules from Rule Cache
2026-10-01T10:36:43.445+05:30  INFO 10832 --- [fraud-engine-service] [scheduling-1] c.s.f.f.client.RuleCacheClient           : Fetched 13 active rules from Rule Cache
2026-10-01T10:36:43.445+05:30  INFO 10832 --- [fraud-engine-service] [scheduling-1] c.s.f.fraudengine.cache.ActiveRuleCache  : Active rule cache refreshed ruleCount=13
2026-10-01T10:36:47.483+05:30  INFO 10832 --- [fraud-engine-service] [scheduling-1] c.s.f.f.client.BlacklistCacheClient      : Fetching active blacklist from Rule Cache
2026-10-01T10:36:47.492+05:30  INFO 10832 --- [fraud-engine-service] [scheduling-1] c.s.f.f.client.BlacklistCacheClient      : Fetched 8 active blacklist entries from Rule Cache
2026-10-01T10:36:47.505+05:30  INFO 10832 --- [fraud-engine-service] [scheduling-1] c.s.f.f.cache.ActiveBlacklistCache       : Active blacklist cache refreshed entryCount=8
2026-10-01T10:36:48.458+05:30  INFO 10832 --- [fraud-engine-service] [scheduling-1] c.s.f.f.client.RuleCacheClient           : Fetching active rules from Rule Cache
2026-10-01T10:36:48.468+05:30  INFO 10832 --- [fraud-engine-service] [scheduling-1] c.s.f.f.client.RuleCacheClient           : Fetched 13 active rules from Rule Cache
2026-10-01T10:36:48.468+05:30  INFO 10832 --- [fraud-engine-service] [scheduling-1] c.s.f.fraudengine.cache.ActiveRuleCache  : Active rule cache refreshed ruleCount=13
2026-10-01T10:36:52.518+05:30  INFO 10832 --- [fraud-engine-service] [scheduling-1] c.s.f.f.client.BlacklistCacheClient      : Fetching active blacklist from Rule Cache
2026-10-01T10:36:52.529+05:30  INFO 10832 --- [fraud-engine-service] [scheduling-1] c.s.f.f.client.BlacklistCacheClient      : Fetched 8 active blacklist entries from Rule Cache
2026-10-01T10:36:52.529+05:30  INFO 10832 --- [fraud-engine-service] [scheduling-1] c.s.f.f.cache.ActiveBlacklistCache       : Active blacklist cache refreshed entryCount=8
2026-10-01T10:36:53.469+05:30  INFO 10832 --- [fraud-engine-service] [scheduling-1] c.s.f.f.client.RuleCacheClient           : Fetching active rules from Rule Cache
2026-10-01T10:36:53.494+05:30  INFO 10832 --- [fraud-engine-service] [scheduling-1] c.s.f.f.client.RuleCacheClient           : Fetched 13 active rules from Rule Cache
2026-10-01T10:36:53.494+05:30  INFO 10832 --- [fraud-engine-service] [scheduling-1] c.s.f.fraudengine.cache.ActiveRuleCache  : Active rule cache refreshed ruleCount=13
2026-10-01T10:36:57.531+05:30  INFO 10832 --- [fraud-engine-service] [scheduling-1] c.s.f.f.client.BlacklistCacheClient      : Fetching active blacklist from Rule Cache
2026-10-01T10:36:57.541+05:30  INFO 10832 --- [fraud-engine-service] [scheduling-1] c.s.f.f.client.BlacklistCacheClient      : Fetched 8 active blacklist entries from Rule Cache
2026-10-01T10:36:57.541+05:30  INFO 10832 --- [fraud-engine-service] [scheduling-1] c.s.f.f.cache.ActiveBlacklistCache       : Active blacklist cache refreshed entryCount=8
2026-10-01T10:36:58.505+05:30  INFO 10832 --- [fraud-engine-service] [scheduling-1] c.s.f.f.client.RuleCacheClient           : Fetching active rules from Rule Cache
2026-10-01T10:36:58.524+05:30  INFO 10832 --- [fraud-engine-service] [scheduling-1] c.s.f.f.client.RuleCacheClient           : Fetched 13 active rules from Rule Cache
2026-10-01T10:36:58.524+05:30  INFO 10832 --- [fraud-engine-service] [scheduling-1] c.s.f.fraudengine.cache.ActiveRuleCache  : Active rule cache refreshed ruleCount=13
2026-10-01T10:37:02.550+05:30  INFO 10832 --- [fraud-engine-service] [scheduling-1] c.s.f.f.client.BlacklistCacheClient      : Fetching active blacklist from Rule Cache
2026-10-01T10:37:02.561+05:30  INFO 10832 --- [fraud-engine-service] [scheduling-1] c.s.f.f.client.BlacklistCacheClient      : Fetched 8 active blacklist entries from Rule Cache
2026-10-01T10:37:02.561+05:30  INFO 10832 --- [fraud-engine-service] [scheduling-1] c.s.f.f.cache.ActiveBlacklistCache       : Active blacklist cache refreshed entryCount=8
2026-10-01T10:37:03.530+05:30  INFO 10832 --- [fraud-engine-service] [scheduling-1] c.s.f.f.client.RuleCacheClient           : Fetching active rules from Rule Cache
2026-10-01T10:37:03.538+05:30  INFO 10832 --- [fraud-engine-service] [scheduling-1] c.s.f.f.client.RuleCacheClient           : Fetched 13 active rules from Rule Cache
2026-10-01T10:37:03.538+05:30  INFO 10832 --- [fraud-engine-service] [scheduling-1] c.s.f.fraudengine.cache.ActiveRuleCache  : Active rule cache refreshed ruleCount=13
2026-10-01T10:37:07.567+05:30  INFO 10832 --- [fraud-engine-service] [scheduling-1] c.s.f.f.client.BlacklistCacheClient      : Fetching active blacklist from Rule Cache
2026-10-01T10:37:07.575+05:30  INFO 10832 --- [fraud-engine-service] [scheduling-1] c.s.f.f.client.BlacklistCacheClient      : Fetched 8 active blacklist entries from Rule Cache
2026-10-01T10:37:07.575+05:30  INFO 10832 --- [fraud-engine-service] [scheduling-1] c.s.f.f.cache.ActiveBlacklistCache       : Active blacklist cache refreshed entryCount=8
2026-10-01T10:37:08.545+05:30  INFO 10832 --- [fraud-engine-service] [scheduling-1] c.s.f.f.client.RuleCacheClient           : Fetching active rules from Rule Cache
2026-10-01T10:37:08.572+05:30  INFO 10832 --- [fraud-engine-service] [scheduling-1] c.s.f.f.client.RuleCacheClient           : Fetched 13 active rules from Rule Cache
2026-10-01T10:37:08.572+05:30  INFO 10832 --- [fraud-engine-service] [scheduling-1] c.s.f.fraudengine.cache.ActiveRuleCache  : Active rule cache refreshed ruleCount=13
2026-10-01T10:37:12.577+05:30  INFO 10832 --- [fraud-engine-service] [scheduling-1] c.s.f.f.client.BlacklistCacheClient      : Fetching active blacklist from Rule Cache
2026-10-01T10:37:12.585+05:30  INFO 10832 --- [fraud-engine-service] [scheduling-1] c.s.f.f.client.BlacklistCacheClient      : Fetched 8 active blacklist entries from Rule Cache
2026-10-01T10:37:12.585+05:30  INFO 10832 --- [fraud-engine-service] [scheduling-1] c.s.f.f.cache.ActiveBlacklistCache       : Active blacklist cache refreshed entryCount=8
2026-10-01T10:37:13.579+05:30  INFO 10832 --- [fraud-engine-service] [scheduling-1] c.s.f.f.client.RuleCacheClient           : Fetching active rules from Rule Cache
2026-10-01T10:37:13.619+05:30  INFO 10832 --- [fraud-engine-service] [scheduling-1] c.s.f.f.client.RuleCacheClient           : Fetched 13 active rules from Rule Cache
2026-10-01T10:37:13.619+05:30  INFO 10832 --- [fraud-engine-service] [scheduling-1] c.s.f.fraudengine.cache.ActiveRuleCache  : Active rule cache refreshed ruleCount=13
2026-10-01T10:37:17.593+05:30  INFO 10832 --- [fraud-engine-service] [scheduling-1] c.s.f.f.client.BlacklistCacheClient      : Fetching active blacklist from Rule Cache
2026-10-01T10:37:17.605+05:30  INFO 10832 --- [fraud-engine-service] [scheduling-1] c.s.f.f.client.BlacklistCacheClient      : Fetched 8 active blacklist entries from Rule Cache
2026-10-01T10:37:17.605+05:30  INFO 10832 --- [fraud-engine-service] [scheduling-1] c.s.f.f.cache.ActiveBlacklistCache       : Active blacklist cache refreshed entryCount=8
2026-10-01T10:37:18.627+05:30  INFO 10832 --- [fraud-engine-service] [scheduling-1] c.s.f.f.client.RuleCacheClient           : Fetching active rules from Rule Cache
2026-10-01T10:37:18.637+05:30  INFO 10832 --- [fraud-engine-service] [scheduling-1] c.s.f.f.client.RuleCacheClient           : Fetched 13 active rules from Rule Cache
2026-10-01T10:37:18.637+05:30  INFO 10832 --- [fraud-engine-service] [scheduling-1] c.s.f.fraudengine.cache.ActiveRuleCache  : Active rule cache refreshed ruleCount=13
2026-10-01T10:37:22.616+05:30  INFO 10832 --- [fraud-engine-service] [scheduling-1] c.s.f.f.client.BlacklistCacheClient      : Fetching active blacklist from Rule Cache
2026-10-01T10:37:22.625+05:30  INFO 10832 --- [fraud-engine-service] [scheduling-1] c.s.f.f.client.BlacklistCacheClient      : Fetched 8 active blacklist entries from Rule Cache
2026-10-01T10:37:22.625+05:30  INFO 10832 --- [fraud-engine-service] [scheduling-1] c.s.f.f.cache.ActiveBlacklistCache       : Active blacklist cache refreshed entryCount=8
2026-10-01T10:37:23.645+05:30  INFO 10832 --- [fraud-engine-service] [scheduling-1] c.s.f.f.client.RuleCacheClient           : Fetching active rules from Rule Cache
2026-10-01T10:37:23.655+05:30  INFO 10832 --- [fraud-engine-service] [scheduling-1] c.s.f.f.client.RuleCacheClient           : Fetched 13 active rules from Rule Cache
2026-10-01T10:37:23.655+05:30  INFO 10832 --- [fraud-engine-service] [scheduling-1] c.s.f.fraudengine.cache.ActiveRuleCache  : Active rule cache refreshed ruleCount=13
2026-10-01T10:37:27.634+05:30  INFO 10832 --- [fraud-engine-service] [scheduling-1] c.s.f.f.client.BlacklistCacheClient      : Fetching active blacklist from Rule Cache
2026-10-01T10:37:27.642+05:30  INFO 10832 --- [fraud-engine-service] [scheduling-1] c.s.f.f.client.BlacklistCacheClient      : Fetched 8 active blacklist entries from Rule Cache
2026-10-01T10:37:27.642+05:30  INFO 10832 --- [fraud-engine-service] [scheduling-1] c.s.f.f.cache.ActiveBlacklistCache       : Active blacklist cache refreshed entryCount=8
2026-10-01T10:37:28.660+05:30  INFO 10832 --- [fraud-engine-service] [scheduling-1] c.s.f.f.client.RuleCacheClient           : Fetching active rules from Rule Cache
2026-10-01T10:37:28.673+05:30  INFO 10832 --- [fraud-engine-service] [scheduling-1] c.s.f.f.client.RuleCacheClient           : Fetched 13 active rules from Rule Cache
2026-10-01T10:37:28.673+05:30  INFO 10832 --- [fraud-engine-service] [scheduling-1] c.s.f.fraudengine.cache.ActiveRuleCache  : Active rule cache refreshed ruleCount=13
2026-10-01T10:37:32.646+05:30  INFO 10832 --- [fraud-engine-service] [scheduling-1] c.s.f.f.client.BlacklistCacheClient      : Fetching active blacklist from Rule Cache
2026-10-01T10:37:32.654+05:30  INFO 10832 --- [fraud-engine-service] [scheduling-1] c.s.f.f.client.BlacklistCacheClient      : Fetched 8 active blacklist entries from Rule Cache
2026-10-01T10:37:32.654+05:30  INFO 10832 --- [fraud-engine-service] [scheduling-1] c.s.f.f.cache.ActiveBlacklistCache       : Active blacklist cache refreshed entryCount=8
2026-10-01T10:37:33.682+05:30  INFO 10832 --- [fraud-engine-service] [scheduling-1] c.s.f.f.client.RuleCacheClient           : Fetching active rules from Rule Cache
2026-10-01T10:37:33.690+05:30  INFO 10832 --- [fraud-engine-service] [scheduling-1] c.s.f.f.client.RuleCacheClient           : Fetched 13 active rules from Rule Cache
2026-10-01T10:37:33.690+05:30  INFO 10832 --- [fraud-engine-service] [scheduling-1] c.s.f.fraudengine.cache.ActiveRuleCache  : Active rule cache refreshed ruleCount=13
2026-10-01T10:37:37.666+05:30  INFO 10832 --- [fraud-engine-service] [scheduling-1] c.s.f.f.client.BlacklistCacheClient      : Fetching active blacklist from Rule Cache
2026-10-01T10:37:37.675+05:30  INFO 10832 --- [fraud-engine-service] [scheduling-1] c.s.f.f.client.BlacklistCacheClient      : Fetched 8 active blacklist entries from Rule Cache
2026-10-01T10:37:37.675+05:30  INFO 10832 --- [fraud-engine-service] [scheduling-1] c.s.f.f.cache.ActiveBlacklistCache       : Active blacklist cache refreshed entryCount=8
2026-10-01T10:37:38.692+05:30  INFO 10832 --- [fraud-engine-service] [scheduling-1] c.s.f.f.client.RuleCacheClient           : Fetching active rules from Rule Cache
2026-10-01T10:37:38.700+05:30  INFO 10832 --- [fraud-engine-service] [scheduling-1] c.s.f.f.client.RuleCacheClient           : Fetched 13 active rules from Rule Cache
2026-10-01T10:37:38.700+05:30  INFO 10832 --- [fraud-engine-service] [scheduling-1] c.s.f.fraudengine.cache.ActiveRuleCache  : Active rule cache refreshed ruleCount=13
2026-10-01T10:37:42.684+05:30  INFO 10832 --- [fraud-engine-service] [scheduling-1] c.s.f.f.client.BlacklistCacheClient      : Fetching active blacklist from Rule Cache
2026-10-01T10:37:42.692+05:30  INFO 10832 --- [fraud-engine-service] [scheduling-1] c.s.f.f.client.BlacklistCacheClient      : Fetched 8 active blacklist entries from Rule Cache
2026-10-01T10:37:42.692+05:30  INFO 10832 --- [fraud-engine-service] [scheduling-1] c.s.f.f.cache.ActiveBlacklistCache       : Active blacklist cache refreshed entryCount=8
2026-10-01T10:37:43.712+05:30  INFO 10832 --- [fraud-engine-service] [scheduling-1] c.s.f.f.client.RuleCacheClient           : Fetching active rules from Rule Cache
2026-10-01T10:37:43.730+05:30  INFO 10832 --- [fraud-engine-service] [scheduling-1] c.s.f.f.client.RuleCacheClient           : Fetched 13 active rules from Rule Cache
2026-10-01T10:37:43.730+05:30  INFO 10832 --- [fraud-engine-service] [scheduling-1] c.s.f.fraudengine.cache.ActiveRuleCache  : Active rule cache refreshed ruleCount=13
2026-10-01T10:37:47.703+05:30  INFO 10832 --- [fraud-engine-service] [scheduling-1] c.s.f.f.client.BlacklistCacheClient      : Fetching active blacklist from Rule Cache
2026-10-01T10:37:47.711+05:30  INFO 10832 --- [fraud-engine-service] [scheduling-1] c.s.f.f.client.BlacklistCacheClient      : Fetched 8 active blacklist entries from Rule Cache
2026-10-01T10:37:47.711+05:30  INFO 10832 --- [fraud-engine-service] [scheduling-1] c.s.f.f.cache.ActiveBlacklistCache       : Active blacklist cache refreshed entryCount=8
2026-10-01T10:37:48.737+05:30  INFO 10832 --- [fraud-engine-service] [scheduling-1] c.s.f.f.client.RuleCacheClient           : Fetching active rules from Rule Cache
2026-10-01T10:37:48.746+05:30  INFO 10832 --- [fraud-engine-service] [scheduling-1] c.s.f.f.client.RuleCacheClient           : Fetched 13 active rules from Rule Cache
2026-10-01T10:37:48.746+05:30  INFO 10832 --- [fraud-engine-service] [scheduling-1] c.s.f.fraudengine.cache.ActiveRuleCache  : Active rule cache refreshed ruleCount=13
2026-10-01T10:37:52.722+05:30  INFO 10832 --- [fraud-engine-service] [scheduling-1] c.s.f.f.client.BlacklistCacheClient      : Fetching active blacklist from Rule Cache
2026-10-01T10:37:52.723+05:30  INFO 10832 --- [fraud-engine-service] [scheduling-1] c.s.f.f.client.BlacklistCacheClient      : Fetched 8 active blacklist entries from Rule Cache
2026-10-01T10:37:52.723+05:30  INFO 10832 --- [fraud-engine-service] [scheduling-1] c.s.f.f.cache.ActiveBlacklistCache       : Active blacklist cache refreshed entryCount=8
2026-10-01T10:37:53.759+05:30  INFO 10832 --- [fraud-engine-service] [scheduling-1] c.s.f.f.client.RuleCacheClient           : Fetching active rules from Rule Cache
2026-10-01T10:37:53.770+05:30  INFO 10832 --- [fraud-engine-service] [scheduling-1] c.s.f.f.client.RuleCacheClient           : Fetched 13 active rules from Rule Cache
2026-10-01T10:37:53.770+05:30  INFO 10832 --- [fraud-engine-service] [scheduling-1] c.s.f.fraudengine.cache.ActiveRuleCache  : Active rule cache refreshed ruleCount=13
2026-10-01T10:37:57.738+05:30  INFO 10832 --- [fraud-engine-service] [scheduling-1] c.s.f.f.client.BlacklistCacheClient      : Fetching active blacklist from Rule Cache
2026-10-01T10:37:57.738+05:30  INFO 10832 --- [fraud-engine-service] [scheduling-1] c.s.f.f.client.BlacklistCacheClient      : Fetched 8 active blacklist entries from Rule Cache
2026-10-01T10:37:57.738+05:30  INFO 10832 --- [fraud-engine-service] [scheduling-1] c.s.f.f.cache.ActiveBlacklistCache       : Active blacklist cache refreshed entryCount=8
2026-10-01T10:37:58.786+05:30  INFO 10832 --- [fraud-engine-service] [scheduling-1] c.s.f.f.client.RuleCacheClient           : Fetching active rules from Rule Cache
2026-10-01T10:37:58.814+05:30  INFO 10832 --- [fraud-engine-service] [scheduling-1] c.s.f.f.client.RuleCacheClient           : Fetched 13 active rules from Rule Cache
2026-10-01T10:37:58.815+05:30  INFO 10832 --- [fraud-engine-service] [scheduling-1] c.s.f.fraudengine.cache.ActiveRuleCache  : Active rule cache refreshed ruleCount=13
2026-10-01T10:38:02.759+05:30  INFO 10832 --- [fraud-engine-service] [scheduling-1] c.s.f.f.client.BlacklistCacheClient      : Fetching active blacklist from Rule Cache
2026-10-01T10:38:02.767+05:30  INFO 10832 --- [fraud-engine-service] [scheduling-1] c.s.f.f.client.BlacklistCacheClient      : Fetched 8 active blacklist entries from Rule Cache
2026-10-01T10:38:02.767+05:30  INFO 10832 --- [fraud-engine-service] [scheduling-1] c.s.f.f.cache.ActiveBlacklistCache       : Active blacklist cache refreshed entryCount=8
2026-10-01T10:38:03.818+05:30  INFO 10832 --- [fraud-engine-service] [scheduling-1] c.s.f.f.client.RuleCacheClient           : Fetching active rules from Rule Cache
2026-10-01T10:38:03.828+05:30  INFO 10832 --- [fraud-engine-service] [scheduling-1] c.s.f.f.client.RuleCacheClient           : Fetched 13 active rules from Rule Cache
2026-10-01T10:38:03.831+05:30  INFO 10832 --- [fraud-engine-service] [scheduling-1] c.s.f.fraudengine.cache.ActiveRuleCache  : Active rule cache refreshed ruleCount=13
2026-10-01T10:38:07.784+05:30  INFO 10832 --- [fraud-engine-service] [scheduling-1] c.s.f.f.client.BlacklistCacheClient      : Fetching active blacklist from Rule Cache
2026-10-01T10:38:07.793+05:30  INFO 10832 --- [fraud-engine-service] [scheduling-1] c.s.f.f.client.BlacklistCacheClient      : Fetched 8 active blacklist entries from Rule Cache
2026-10-01T10:38:07.794+05:30  INFO 10832 --- [fraud-engine-service] [scheduling-1] c.s.f.f.cache.ActiveBlacklistCache       : Active blacklist cache refreshed entryCount=8
2026-10-01T10:38:08.835+05:30  INFO 10832 --- [fraud-engine-service] [scheduling-1] c.s.f.f.client.RuleCacheClient           : Fetching active rules from Rule Cache
2026-10-01T10:38:08.844+05:30  INFO 10832 --- [fraud-engine-service] [scheduling-1] c.s.f.f.client.RuleCacheClient           : Fetched 13 active rules from Rule Cache
2026-10-01T10:38:08.844+05:30  INFO 10832 --- [fraud-engine-service] [scheduling-1] c.s.f.fraudengine.cache.ActiveRuleCache  : Active rule cache refreshed ruleCount=13
2026-10-01T10:38:12.801+05:30  INFO 10832 --- [fraud-engine-service] [scheduling-1] c.s.f.f.client.BlacklistCacheClient      : Fetching active blacklist from Rule Cache
2026-10-01T10:38:12.806+05:30  INFO 10832 --- [fraud-engine-service] [scheduling-1] c.s.f.f.client.BlacklistCacheClient      : Fetched 8 active blacklist entries from Rule Cache
2026-10-01T10:38:12.806+05:30  INFO 10832 --- [fraud-engine-service] [scheduling-1] c.s.f.f.cache.ActiveBlacklistCache       : Active blacklist cache refreshed entryCount=8
2026-10-01T10:38:13.851+05:30  INFO 10832 --- [fraud-engine-service] [scheduling-1] c.s.f.f.client.RuleCacheClient           : Fetching active rules from Rule Cache
2026-10-01T10:38:13.868+05:30  INFO 10832 --- [fraud-engine-service] [scheduling-1] c.s.f.f.client.RuleCacheClient           : Fetched 13 active rules from Rule Cache
2026-10-01T10:38:13.868+05:30  INFO 10832 --- [fraud-engine-service] [scheduling-1] c.s.f.fraudengine.cache.ActiveRuleCache  : Active rule cache refreshed ruleCount=13
2026-10-01T10:38:17.822+05:30  INFO 10832 --- [fraud-engine-service] [scheduling-1] c.s.f.f.client.BlacklistCacheClient      : Fetching active blacklist from Rule Cache
2026-10-01T10:38:17.836+05:30  INFO 10832 --- [fraud-engine-service] [scheduling-1] c.s.f.f.client.BlacklistCacheClient      : Fetched 8 active blacklist entries from Rule Cache
2026-10-01T10:38:17.836+05:30  INFO 10832 --- [fraud-engine-service] [scheduling-1] c.s.f.f.cache.ActiveBlacklistCache       : Active blacklist cache refreshed entryCount=8
2026-10-01T10:38:18.882+05:30  INFO 10832 --- [fraud-engine-service] [scheduling-1] c.s.f.f.client.RuleCacheClient           : Fetching active rules from Rule Cache
2026-10-01T10:38:18.892+05:30  INFO 10832 --- [fraud-engine-service] [scheduling-1] c.s.f.f.client.RuleCacheClient           : Fetched 13 active rules from Rule Cache
2026-10-01T10:38:18.892+05:30  INFO 10832 --- [fraud-engine-service] [scheduling-1] c.s.f.fraudengine.cache.ActiveRuleCache  : Active rule cache refreshed ruleCount=13
2026-10-01T10:38:22.841+05:30  INFO 10832 --- [fraud-engine-service] [scheduling-1] c.s.f.f.client.BlacklistCacheClient      : Fetching active blacklist from Rule Cache
2026-10-01T10:38:22.843+05:30  INFO 10832 --- [fraud-engine-service] [scheduling-1] c.s.f.f.client.BlacklistCacheClient      : Fetched 8 active blacklist entries from Rule Cache
2026-10-01T10:38:22.843+05:30  INFO 10832 --- [fraud-engine-service] [scheduling-1] c.s.f.f.cache.ActiveBlacklistCache       : Active blacklist cache refreshed entryCount=8
2026-10-01T10:38:23.908+05:30  INFO 10832 --- [fraud-engine-service] [scheduling-1] c.s.f.f.client.RuleCacheClient           : Fetching active rules from Rule Cache
2026-10-01T10:38:23.910+05:30  INFO 10832 --- [fraud-engine-service] [scheduling-1] c.s.f.f.client.RuleCacheClient           : Fetched 13 active rules from Rule Cache
2026-10-01T10:38:23.910+05:30  INFO 10832 --- [fraud-engine-service] [scheduling-1] c.s.f.fraudengine.cache.ActiveRuleCache  : Active rule cache refreshed ruleCount=13
2026-10-01T10:38:27.863+05:30  INFO 10832 --- [fraud-engine-service] [scheduling-1] c.s.f.f.client.BlacklistCacheClient      : Fetching active blacklist from Rule Cache
2026-10-01T10:38:27.863+05:30  INFO 10832 --- [fraud-engine-service] [scheduling-1] c.s.f.f.client.BlacklistCacheClient      : Fetched 8 active blacklist entries from Rule Cache
2026-10-01T10:38:27.863+05:30  INFO 10832 --- [fraud-engine-service] [scheduling-1] c.s.f.f.cache.ActiveBlacklistCache       : Active blacklist cache refreshed entryCount=8
2026-10-01T10:38:28.921+05:30  INFO 10832 --- [fraud-engine-service] [scheduling-1] c.s.f.f.client.RuleCacheClient           : Fetching active rules from Rule Cache
2026-10-01T10:38:28.934+05:30  INFO 10832 --- [fraud-engine-service] [scheduling-1] c.s.f.f.client.RuleCacheClient           : Fetched 13 active rules from Rule Cache
2026-10-01T10:38:28.936+05:30  INFO 10832 --- [fraud-engine-service] [scheduling-1] c.s.f.fraudengine.cache.ActiveRuleCache  : Active rule cache refreshed ruleCount=13
2026-10-01T10:38:32.879+05:30  INFO 10832 --- [fraud-engine-service] [scheduling-1] c.s.f.f.client.BlacklistCacheClient      : Fetching active blacklist from Rule Cache
2026-10-01T10:38:32.881+05:30  INFO 10832 --- [fraud-engine-service] [scheduling-1] c.s.f.f.client.BlacklistCacheClient      : Fetched 8 active blacklist entries from Rule Cache
2026-10-01T10:38:32.881+05:30  INFO 10832 --- [fraud-engine-service] [scheduling-1] c.s.f.f.cache.ActiveBlacklistCache       : Active blacklist cache refreshed entryCount=8
2026-10-01T10:38:33.936+05:30  INFO 10832 --- [fraud-engine-service] [scheduling-1] c.s.f.f.client.RuleCacheClient           : Fetching active rules from Rule Cache
2026-10-01T10:38:33.936+05:30  INFO 10832 --- [fraud-engine-service] [scheduling-1] c.s.f.f.client.RuleCacheClient           : Fetched 13 active rules from Rule Cache
2026-10-01T10:38:33.936+05:30  INFO 10832 --- [fraud-engine-service] [scheduling-1] c.s.f.fraudengine.cache.ActiveRuleCache  : Active rule cache refreshed ruleCount=13
2026-10-01T10:38:37.903+05:30  INFO 10832 --- [fraud-engine-service] [scheduling-1] c.s.f.f.client.BlacklistCacheClient      : Fetching active blacklist from Rule Cache
2026-10-01T10:38:37.903+05:30  INFO 10832 --- [fraud-engine-service] [scheduling-1] c.s.f.f.client.BlacklistCacheClient      : Fetched 8 active blacklist entries from Rule Cache
2026-10-01T10:38:37.903+05:30  INFO 10832 --- [fraud-engine-service] [scheduling-1] c.s.f.f.cache.ActiveBlacklistCache       : Active blacklist cache refreshed entryCount=8
2026-10-01T10:38:38.956+05:30  INFO 10832 --- [fraud-engine-service] [scheduling-1] c.s.f.f.client.RuleCacheClient           : Fetching active rules from Rule Cache
2026-10-01T10:38:38.965+05:30  INFO 10832 --- [fraud-engine-service] [scheduling-1] c.s.f.f.client.RuleCacheClient           : Fetched 13 active rules from Rule Cache
2026-10-01T10:38:38.965+05:30  INFO 10832 --- [fraud-engine-service] [scheduling-1] c.s.f.fraudengine.cache.ActiveRuleCache  : Active rule cache refreshed ruleCount=13
2026-10-01T10:38:42.916+05:30  INFO 10832 --- [fraud-engine-service] [scheduling-1] c.s.f.f.client.BlacklistCacheClient      : Fetching active blacklist from Rule Cache
2026-10-01T10:38:42.916+05:30  INFO 10832 --- [fraud-engine-service] [scheduling-1] c.s.f.f.client.BlacklistCacheClient      : Fetched 8 active blacklist entries from Rule Cache
2026-10-01T10:38:42.916+05:30  INFO 10832 --- [fraud-engine-service] [scheduling-1] c.s.f.f.cache.ActiveBlacklistCache       : Active blacklist cache refreshed entryCount=8
2026-10-01T10:38:43.973+05:30  INFO 10832 --- [fraud-engine-service] [scheduling-1] c.s.f.f.client.RuleCacheClient           : Fetching active rules from Rule Cache
2026-10-01T10:38:43.991+05:30  INFO 10832 --- [fraud-engine-service] [scheduling-1] c.s.f.f.client.RuleCacheClient           : Fetched 13 active rules from Rule Cache
2026-10-01T10:38:43.991+05:30  INFO 10832 --- [fraud-engine-service] [scheduling-1] c.s.f.fraudengine.cache.ActiveRuleCache  : Active rule cache refreshed ruleCount=13
2026-10-01T10:38:47.927+05:30  INFO 10832 --- [fraud-engine-service] [scheduling-1] c.s.f.f.client.BlacklistCacheClient      : Fetching active blacklist from Rule Cache
2026-10-01T10:38:47.933+05:30  INFO 10832 --- [fraud-engine-service] [scheduling-1] c.s.f.f.client.BlacklistCacheClient      : Fetched 8 active blacklist entries from Rule Cache
2026-10-01T10:38:47.935+05:30  INFO 10832 --- [fraud-engine-service] [scheduling-1] c.s.f.f.cache.ActiveBlacklistCache       : Active blacklist cache refreshed entryCount=8
2026-10-01T10:38:49.001+05:30  INFO 10832 --- [fraud-engine-service] [scheduling-1] c.s.f.f.client.RuleCacheClient           : Fetching active rules from Rule Cache
2026-10-01T10:38:49.011+05:30  INFO 10832 --- [fraud-engine-service] [scheduling-1] c.s.f.f.client.RuleCacheClient           : Fetched 13 active rules from Rule Cache
2026-10-01T10:38:49.011+05:30  INFO 10832 --- [fraud-engine-service] [scheduling-1] c.s.f.fraudengine.cache.ActiveRuleCache  : Active rule cache refreshed ruleCount=13
2026-10-01T10:38:52.942+05:30  INFO 10832 --- [fraud-engine-service] [scheduling-1] c.s.f.f.client.BlacklistCacheClient      : Fetching active blacklist from Rule Cache
2026-10-01T10:38:52.946+05:30  INFO 10832 --- [fraud-engine-service] [scheduling-1] c.s.f.f.client.BlacklistCacheClient      : Fetched 8 active blacklist entries from Rule Cache
2026-10-01T10:38:52.946+05:30  INFO 10832 --- [fraud-engine-service] [scheduling-1] c.s.f.f.cache.ActiveBlacklistCache       : Active blacklist cache refreshed entryCount=8
2026-10-01T10:38:54.015+05:30  INFO 10832 --- [fraud-engine-service] [scheduling-1] c.s.f.f.client.RuleCacheClient           : Fetching active rules from Rule Cache
2026-10-01T10:38:54.022+05:30  INFO 10832 --- [fraud-engine-service] [scheduling-1] c.s.f.f.client.RuleCacheClient           : Fetched 13 active rules from Rule Cache
2026-10-01T10:38:54.022+05:30  INFO 10832 --- [fraud-engine-service] [scheduling-1] c.s.f.fraudengine.cache.ActiveRuleCache  : Active rule cache refreshed ruleCount=13
2026-10-01T10:38:57.960+05:30  INFO 10832 --- [fraud-engine-service] [scheduling-1] c.s.f.f.client.BlacklistCacheClient      : Fetching active blacklist from Rule Cache
2026-10-01T10:38:57.962+05:30  INFO 10832 --- [fraud-engine-service] [scheduling-1] c.s.f.f.client.BlacklistCacheClient      : Fetched 8 active blacklist entries from Rule Cache
2026-10-01T10:38:57.970+05:30  INFO 10832 --- [fraud-engine-service] [scheduling-1] c.s.f.f.cache.ActiveBlacklistCache       : Active blacklist cache refreshed entryCount=8
2026-10-01T10:38:59.041+05:30  INFO 10832 --- [fraud-engine-service] [scheduling-1] c.s.f.f.client.RuleCacheClient           : Fetching active rules from Rule Cache
2026-10-01T10:38:59.054+05:30  INFO 10832 --- [fraud-engine-service] [scheduling-1] c.s.f.f.client.RuleCacheClient           : Fetched 13 active rules from Rule Cache
2026-10-01T10:38:59.054+05:30  INFO 10832 --- [fraud-engine-service] [scheduling-1] c.s.f.fraudengine.cache.ActiveRuleCache  : Active rule cache refreshed ruleCount=13
2026-10-01T10:39:02.986+05:30  INFO 10832 --- [fraud-engine-service] [scheduling-1] c.s.f.f.client.BlacklistCacheClient      : Fetching active blacklist from Rule Cache
2026-10-01T10:39:02.986+05:30  INFO 10832 --- [fraud-engine-service] [scheduling-1] c.s.f.f.client.BlacklistCacheClient      : Fetched 8 active blacklist entries from Rule Cache
2026-10-01T10:39:02.986+05:30  INFO 10832 --- [fraud-engine-service] [scheduling-1] c.s.f.f.cache.ActiveBlacklistCache       : Active blacklist cache refreshed entryCount=8
2026-10-01T10:39:04.070+05:30  INFO 10832 --- [fraud-engine-service] [scheduling-1] c.s.f.f.client.RuleCacheClient           : Fetching active rules from Rule Cache
2026-10-01T10:39:04.071+05:30  INFO 10832 --- [fraud-engine-service] [scheduling-1] c.s.f.f.client.RuleCacheClient           : Fetched 13 active rules from Rule Cache
2026-10-01T10:39:04.071+05:30  INFO 10832 --- [fraud-engine-service] [scheduling-1] c.s.f.fraudengine.cache.ActiveRuleCache  : Active rule cache refreshed ruleCount=13
2026-10-01T10:39:08.009+05:30  INFO 10832 --- [fraud-engine-service] [scheduling-1] c.s.f.f.client.BlacklistCacheClient      : Fetching active blacklist from Rule Cache
2026-10-01T10:39:08.009+05:30  INFO 10832 --- [fraud-engine-service] [scheduling-1] c.s.f.f.client.BlacklistCacheClient      : Fetched 8 active blacklist entries from Rule Cache
2026-10-01T10:39:08.009+05:30  INFO 10832 --- [fraud-engine-service] [scheduling-1] c.s.f.f.cache.ActiveBlacklistCache       : Active blacklist cache refreshed entryCount=8
2026-10-01T10:39:09.082+05:30  INFO 10832 --- [fraud-engine-service] [scheduling-1] c.s.f.f.client.RuleCacheClient           : Fetching active rules from Rule Cache
2026-10-01T10:39:09.088+05:30  INFO 10832 --- [fraud-engine-service] [scheduling-1] c.s.f.f.client.RuleCacheClient           : Fetched 13 active rules from Rule Cache
2026-10-01T10:39:09.088+05:30  INFO 10832 --- [fraud-engine-service] [scheduling-1] c.s.f.fraudengine.cache.ActiveRuleCache  : Active rule cache refreshed ruleCount=13
2026-10-01T10:39:13.022+05:30  INFO 10832 --- [fraud-engine-service] [scheduling-1] c.s.f.f.client.BlacklistCacheClient      : Fetching active blacklist from Rule Cache
2026-10-01T10:39:13.026+05:30  INFO 10832 --- [fraud-engine-service] [scheduling-1] c.s.f.f.client.BlacklistCacheClient      : Fetched 8 active blacklist entries from Rule Cache
2026-10-01T10:39:13.026+05:30  INFO 10832 --- [fraud-engine-service] [scheduling-1] c.s.f.f.cache.ActiveBlacklistCache       : Active blacklist cache refreshed entryCount=8
2026-10-01T10:39:14.110+05:30  INFO 10832 --- [fraud-engine-service] [scheduling-1] c.s.f.f.client.RuleCacheClient           : Fetching active rules from Rule Cache
2026-10-01T10:39:14.126+05:30  INFO 10832 --- [fraud-engine-service] [scheduling-1] c.s.f.f.client.RuleCacheClient           : Fetched 13 active rules from Rule Cache
2026-10-01T10:39:14.126+05:30  INFO 10832 --- [fraud-engine-service] [scheduling-1] c.s.f.fraudengine.cache.ActiveRuleCache  : Active rule cache refreshed ruleCount=13
2026-10-01T10:39:18.040+05:30  INFO 10832 --- [fraud-engine-service] [scheduling-1] c.s.f.f.client.BlacklistCacheClient      : Fetching active blacklist from Rule Cache
2026-10-01T10:39:18.040+05:30  INFO 10832 --- [fraud-engine-service] [scheduling-1] c.s.f.f.client.BlacklistCacheClient      : Fetched 8 active blacklist entries from Rule Cache
2026-10-01T10:39:18.040+05:30  INFO 10832 --- [fraud-engine-service] [scheduling-1] c.s.f.f.cache.ActiveBlacklistCache       : Active blacklist cache refreshed entryCount=8
2026-10-01T10:39:19.133+05:30  INFO 10832 --- [fraud-engine-service] [scheduling-1] c.s.f.f.client.RuleCacheClient           : Fetching active rules from Rule Cache
2026-10-01T10:39:19.145+05:30  INFO 10832 --- [fraud-engine-service] [scheduling-1] c.s.f.f.client.RuleCacheClient           : Fetched 13 active rules from Rule Cache
2026-10-01T10:39:19.145+05:30  INFO 10832 --- [fraud-engine-service] [scheduling-1] c.s.f.fraudengine.cache.ActiveRuleCache  : Active rule cache refreshed ruleCount=13
2026-10-01T10:39:23.058+05:30  INFO 10832 --- [fraud-engine-service] [scheduling-1] c.s.f.f.client.BlacklistCacheClient      : Fetching active blacklist from Rule Cache
2026-10-01T10:39:23.060+05:30  INFO 10832 --- [fraud-engine-service] [scheduling-1] c.s.f.f.client.BlacklistCacheClient      : Fetched 8 active blacklist entries from Rule Cache
2026-10-01T10:39:23.060+05:30  INFO 10832 --- [fraud-engine-service] [scheduling-1] c.s.f.f.cache.ActiveBlacklistCache       : Active blacklist cache refreshed entryCount=8
2026-10-01T10:39:24.149+05:30  INFO 10832 --- [fraud-engine-service] [scheduling-1] c.s.f.f.client.RuleCacheClient           : Fetching active rules from Rule Cache
2026-10-01T10:39:24.153+05:30  INFO 10832 --- [fraud-engine-service] [scheduling-1] c.s.f.f.client.RuleCacheClient           : Fetched 13 active rules from Rule Cache
2026-10-01T10:39:24.153+05:30  INFO 10832 --- [fraud-engine-service] [scheduling-1] c.s.f.fraudengine.cache.ActiveRuleCache  : Active rule cache refreshed ruleCount=13
2026-10-01T10:39:28.070+05:30  INFO 10832 --- [fraud-engine-service] [scheduling-1] c.s.f.f.client.BlacklistCacheClient      : Fetching active blacklist from Rule Cache
2026-10-01T10:39:28.070+05:30  INFO 10832 --- [fraud-engine-service] [scheduling-1] c.s.f.f.client.BlacklistCacheClient      : Fetched 8 active blacklist entries from Rule Cache
2026-10-01T10:39:28.070+05:30  INFO 10832 --- [fraud-engine-service] [scheduling-1] c.s.f.f.cache.ActiveBlacklistCache       : Active blacklist cache refreshed entryCount=8
2026-10-01T10:39:29.172+05:30  INFO 10832 --- [fraud-engine-service] [scheduling-1] c.s.f.f.client.RuleCacheClient           : Fetching active rules from Rule Cache
2026-10-01T10:39:29.183+05:30  INFO 10832 --- [fraud-engine-service] [scheduling-1] c.s.f.f.client.RuleCacheClient           : Fetched 13 active rules from Rule Cache
2026-10-01T10:39:29.183+05:30  INFO 10832 --- [fraud-engine-service] [scheduling-1] c.s.f.fraudengine.cache.ActiveRuleCache  : Active rule cache refreshed ruleCount=13
2026-10-01T10:39:33.089+05:30  INFO 10832 --- [fraud-engine-service] [scheduling-1] c.s.f.f.client.BlacklistCacheClient      : Fetching active blacklist from Rule Cache
2026-10-01T10:39:33.099+05:30  INFO 10832 --- [fraud-engine-service] [scheduling-1] c.s.f.f.client.BlacklistCacheClient      : Fetched 8 active blacklist entries from Rule Cache
2026-10-01T10:39:33.099+05:30  INFO 10832 --- [fraud-engine-service] [scheduling-1] c.s.f.f.cache.ActiveBlacklistCache       : Active blacklist cache refreshed entryCount=8
2026-10-01T10:39:34.191+05:30  INFO 10832 --- [fraud-engine-service] [scheduling-1] c.s.f.f.client.RuleCacheClient           : Fetching active rules from Rule Cache
2026-10-01T10:39:34.192+05:30  INFO 10832 --- [fraud-engine-service] [scheduling-1] c.s.f.f.client.RuleCacheClient           : Fetched 13 active rules from Rule Cache
2026-10-01T10:39:34.192+05:30  INFO 10832 --- [fraud-engine-service] [scheduling-1] c.s.f.fraudengine.cache.ActiveRuleCache  : Active rule cache refreshed ruleCount=13
2026-10-01T10:39:38.110+05:30  INFO 10832 --- [fraud-engine-service] [scheduling-1] c.s.f.f.client.BlacklistCacheClient      : Fetching active blacklist from Rule Cache
2026-10-01T10:39:38.110+05:30  INFO 10832 --- [fraud-engine-service] [scheduling-1] c.s.f.f.client.BlacklistCacheClient      : Fetched 8 active blacklist entries from Rule Cache
2026-10-01T10:39:38.110+05:30  INFO 10832 --- [fraud-engine-service] [scheduling-1] c.s.f.f.cache.ActiveBlacklistCache       : Active blacklist cache refreshed entryCount=8
2026-10-01T10:39:39.206+05:30  INFO 10832 --- [fraud-engine-service] [scheduling-1] c.s.f.f.client.RuleCacheClient           : Fetching active rules from Rule Cache
2026-10-01T10:39:39.211+05:30  INFO 10832 --- [fraud-engine-service] [scheduling-1] c.s.f.f.client.RuleCacheClient           : Fetched 13 active rules from Rule Cache
2026-10-01T10:39:39.211+05:30  INFO 10832 --- [fraud-engine-service] [scheduling-1] c.s.f.fraudengine.cache.ActiveRuleCache  : Active rule cache refreshed ruleCount=13
2026-10-01T10:39:43.126+05:30  INFO 10832 --- [fraud-engine-service] [scheduling-1] c.s.f.f.client.BlacklistCacheClient      : Fetching active blacklist from Rule Cache
2026-10-01T10:39:43.126+05:30  INFO 10832 --- [fraud-engine-service] [scheduling-1] c.s.f.f.client.BlacklistCacheClient      : Fetched 8 active blacklist entries from Rule Cache
2026-10-01T10:39:43.126+05:30  INFO 10832 --- [fraud-engine-service] [scheduling-1] c.s.f.f.cache.ActiveBlacklistCache       : Active blacklist cache refreshed entryCount=8
2026-10-01T10:39:44.219+05:30  INFO 10832 --- [fraud-engine-service] [scheduling-1] c.s.f.f.client.RuleCacheClient           : Fetching active rules from Rule Cache
2026-10-01T10:39:44.238+05:30  INFO 10832 --- [fraud-engine-service] [scheduling-1] c.s.f.f.client.RuleCacheClient           : Fetched 13 active rules from Rule Cache
2026-10-01T10:39:44.238+05:30  INFO 10832 --- [fraud-engine-service] [scheduling-1] c.s.f.fraudengine.cache.ActiveRuleCache  : Active rule cache refreshed ruleCount=13
2026-10-01T10:39:48.138+05:30  INFO 10832 --- [fraud-engine-service] [scheduling-1] c.s.f.f.client.BlacklistCacheClient      : Fetching active blacklist from Rule Cache
2026-10-01T10:39:48.146+05:30  INFO 10832 --- [fraud-engine-service] [scheduling-1] c.s.f.f.client.BlacklistCacheClient      : Fetched 8 active blacklist entries from Rule Cache
2026-10-01T10:39:48.146+05:30  INFO 10832 --- [fraud-engine-service] [scheduling-1] c.s.f.f.cache.ActiveBlacklistCache       : Active blacklist cache refreshed entryCount=8
2026-10-01T10:39:49.240+05:30  INFO 10832 --- [fraud-engine-service] [scheduling-1] c.s.f.f.client.RuleCacheClient           : Fetching active rules from Rule Cache
2026-10-01T10:39:49.240+05:30  INFO 10832 --- [fraud-engine-service] [scheduling-1] c.s.f.f.client.RuleCacheClient           : Fetched 13 active rules from Rule Cache
2026-10-01T10:39:49.240+05:30  INFO 10832 --- [fraud-engine-service] [scheduling-1] c.s.f.fraudengine.cache.ActiveRuleCache  : Active rule cache refreshed ruleCount=13
2026-10-01T10:39:53.149+05:30  INFO 10832 --- [fraud-engine-service] [scheduling-1] c.s.f.f.client.BlacklistCacheClient      : Fetching active blacklist from Rule Cache
2026-10-01T10:39:53.158+05:30  INFO 10832 --- [fraud-engine-service] [scheduling-1] c.s.f.f.client.BlacklistCacheClient      : Fetched 8 active blacklist entries from Rule Cache
2026-10-01T10:39:53.158+05:30  INFO 10832 --- [fraud-engine-service] [scheduling-1] c.s.f.f.cache.ActiveBlacklistCache       : Active blacklist cache refreshed entryCount=8
2026-10-01T10:39:54.255+05:30  INFO 10832 --- [fraud-engine-service] [scheduling-1] c.s.f.f.client.RuleCacheClient           : Fetching active rules from Rule Cache
2026-10-01T10:39:54.259+05:30  INFO 10832 --- [fraud-engine-service] [scheduling-1] c.s.f.f.client.RuleCacheClient           : Fetched 13 active rules from Rule Cache
2026-10-01T10:39:54.259+05:30  INFO 10832 --- [fraud-engine-service] [scheduling-1] c.s.f.fraudengine.cache.ActiveRuleCache  : Active rule cache refreshed ruleCount=13
2026-10-01T10:39:58.162+05:30  INFO 10832 --- [fraud-engine-service] [scheduling-1] c.s.f.f.client.BlacklistCacheClient      : Fetching active blacklist from Rule Cache
2026-10-01T10:39:58.162+05:30  INFO 10832 --- [fraud-engine-service] [scheduling-1] c.s.f.f.client.BlacklistCacheClient      : Fetched 8 active blacklist entries from Rule Cache
2026-10-01T10:39:58.162+05:30  INFO 10832 --- [fraud-engine-service] [scheduling-1] c.s.f.f.cache.ActiveBlacklistCache       : Active blacklist cache refreshed entryCount=8
2026-10-01T10:39:59.270+05:30  INFO 10832 --- [fraud-engine-service] [scheduling-1] c.s.f.f.client.RuleCacheClient           : Fetching active rules from Rule Cache
2026-10-01T10:39:59.294+05:30  INFO 10832 --- [fraud-engine-service] [scheduling-1] c.s.f.f.client.RuleCacheClient           : Fetched 13 active rules from Rule Cache
2026-10-01T10:39:59.294+05:30  INFO 10832 --- [fraud-engine-service] [scheduling-1] c.s.f.fraudengine.cache.ActiveRuleCache  : Active rule cache refreshed ruleCount=13
2026-10-01T10:40:03.177+05:30  INFO 10832 --- [fraud-engine-service] [scheduling-1] c.s.f.f.client.BlacklistCacheClient      : Fetching active blacklist from Rule Cache
2026-10-01T10:40:03.177+05:30  INFO 10832 --- [fraud-engine-service] [scheduling-1] c.s.f.f.client.BlacklistCacheClient      : Fetched 8 active blacklist entries from Rule Cache
2026-10-01T10:40:03.177+05:30  INFO 10832 --- [fraud-engine-service] [scheduling-1] c.s.f.f.cache.ActiveBlacklistCache       : Active blacklist cache refreshed entryCount=8
2026-10-01T10:40:04.300+05:30  INFO 10832 --- [fraud-engine-service] [scheduling-1] c.s.f.f.client.RuleCacheClient           : Fetching active rules from Rule Cache
2026-10-01T10:40:04.309+05:30  INFO 10832 --- [fraud-engine-service] [scheduling-1] c.s.f.f.client.RuleCacheClient           : Fetched 13 active rules from Rule Cache
2026-10-01T10:40:04.309+05:30  INFO 10832 --- [fraud-engine-service] [scheduling-1] c.s.f.fraudengine.cache.ActiveRuleCache  : Active rule cache refreshed ruleCount=13
2026-10-01T10:40:08.200+05:30  INFO 10832 --- [fraud-engine-service] [scheduling-1] c.s.f.f.client.BlacklistCacheClient      : Fetching active blacklist from Rule Cache
2026-10-01T10:40:08.200+05:30  INFO 10832 --- [fraud-engine-service] [scheduling-1] c.s.f.f.client.BlacklistCacheClient      : Fetched 8 active blacklist entries from Rule Cache
2026-10-01T10:40:08.200+05:30  INFO 10832 --- [fraud-engine-service] [scheduling-1] c.s.f.f.cache.ActiveBlacklistCache       : Active blacklist cache refreshed entryCount=8
2026-10-01T10:40:09.318+05:30  INFO 10832 --- [fraud-engine-service] [scheduling-1] c.s.f.f.client.RuleCacheClient           : Fetching active rules from Rule Cache
2026-10-01T10:40:09.326+05:30  INFO 10832 --- [fraud-engine-service] [scheduling-1] c.s.f.f.client.RuleCacheClient           : Fetched 13 active rules from Rule Cache
2026-10-01T10:40:09.326+05:30  INFO 10832 --- [fraud-engine-service] [scheduling-1] c.s.f.fraudengine.cache.ActiveRuleCache  : Active rule cache refreshed ruleCount=13
2026-10-01T10:40:13.222+05:30  INFO 10832 --- [fraud-engine-service] [scheduling-1] c.s.f.f.client.BlacklistCacheClient      : Fetching active blacklist from Rule Cache
2026-10-01T10:40:13.234+05:30  INFO 10832 --- [fraud-engine-service] [scheduling-1] c.s.f.f.client.BlacklistCacheClient      : Fetched 8 active blacklist entries from Rule Cache
2026-10-01T10:40:13.234+05:30  INFO 10832 --- [fraud-engine-service] [scheduling-1] c.s.f.f.cache.ActiveBlacklistCache       : Active blacklist cache refreshed entryCount=8
2026-10-01T10:40:14.326+05:30  INFO 10832 --- [fraud-engine-service] [scheduling-1] c.s.f.f.client.RuleCacheClient           : Fetching active rules from Rule Cache
2026-10-01T10:40:14.346+05:30  INFO 10832 --- [fraud-engine-service] [scheduling-1] c.s.f.f.client.RuleCacheClient           : Fetched 13 active rules from Rule Cache
2026-10-01T10:40:14.346+05:30  INFO 10832 --- [fraud-engine-service] [scheduling-1] c.s.f.fraudengine.cache.ActiveRuleCache  : Active rule cache refreshed ruleCount=13
2026-10-01T10:40:18.250+05:30  INFO 10832 --- [fraud-engine-service] [scheduling-1] c.s.f.f.client.BlacklistCacheClient      : Fetching active blacklist from Rule Cache
2026-10-01T10:40:18.254+05:30  INFO 10832 --- [fraud-engine-service] [scheduling-1] c.s.f.f.client.BlacklistCacheClient      : Fetched 8 active blacklist entries from Rule Cache
2026-10-01T10:40:18.254+05:30  INFO 10832 --- [fraud-engine-service] [scheduling-1] c.s.f.f.cache.ActiveBlacklistCache       : Active blacklist cache refreshed entryCount=8
2026-10-01T10:40:19.362+05:30  INFO 10832 --- [fraud-engine-service] [scheduling-1] c.s.f.f.client.RuleCacheClient           : Fetching active rules from Rule Cache
2026-10-01T10:40:19.370+05:30  INFO 10832 --- [fraud-engine-service] [scheduling-1] c.s.f.f.client.RuleCacheClient           : Fetched 13 active rules from Rule Cache
2026-10-01T10:40:19.370+05:30  INFO 10832 --- [fraud-engine-service] [scheduling-1] c.s.f.fraudengine.cache.ActiveRuleCache  : Active rule cache refreshed ruleCount=13
2026-10-01T10:40:23.274+05:30  INFO 10832 --- [fraud-engine-service] [scheduling-1] c.s.f.f.client.BlacklistCacheClient      : Fetching active blacklist from Rule Cache
2026-10-01T10:40:23.277+05:30  INFO 10832 --- [fraud-engine-service] [scheduling-1] c.s.f.f.client.BlacklistCacheClient      : Fetched 8 active blacklist entries from Rule Cache
2026-10-01T10:40:23.277+05:30  INFO 10832 --- [fraud-engine-service] [scheduling-1] c.s.f.f.cache.ActiveBlacklistCache       : Active blacklist cache refreshed entryCount=8
2026-10-01T10:40:24.377+05:30  INFO 10832 --- [fraud-engine-service] [scheduling-1] c.s.f.f.client.RuleCacheClient           : Fetching active rules from Rule Cache
2026-10-01T10:40:24.384+05:30  INFO 10832 --- [fraud-engine-service] [scheduling-1] c.s.f.f.client.RuleCacheClient           : Fetched 13 active rules from Rule Cache
2026-10-01T10:40:24.384+05:30  INFO 10832 --- [fraud-engine-service] [scheduling-1] c.s.f.fraudengine.cache.ActiveRuleCache  : Active rule cache refreshed ruleCount=13
2026-10-01T10:40:28.289+05:30  INFO 10832 --- [fraud-engine-service] [scheduling-1] c.s.f.f.client.BlacklistCacheClient      : Fetching active blacklist from Rule Cache
2026-10-01T10:40:28.289+05:30  INFO 10832 --- [fraud-engine-service] [scheduling-1] c.s.f.f.client.BlacklistCacheClient      : Fetched 8 active blacklist entries from Rule Cache
2026-10-01T10:40:28.289+05:30  INFO 10832 --- [fraud-engine-service] [scheduling-1] c.s.f.f.cache.ActiveBlacklistCache       : Active blacklist cache refreshed entryCount=8
2026-10-01T10:40:29.394+05:30  INFO 10832 --- [fraud-engine-service] [scheduling-1] c.s.f.f.client.RuleCacheClient           : Fetching active rules from Rule Cache
2026-10-01T10:40:29.424+05:30  INFO 10832 --- [fraud-engine-service] [scheduling-1] c.s.f.f.client.RuleCacheClient           : Fetched 13 active rules from Rule Cache
2026-10-01T10:40:29.424+05:30  INFO 10832 --- [fraud-engine-service] [scheduling-1] c.s.f.fraudengine.cache.ActiveRuleCache  : Active rule cache refreshed ruleCount=13
2026-10-01T10:40:33.300+05:30  INFO 10832 --- [fraud-engine-service] [scheduling-1] c.s.f.f.client.BlacklistCacheClient      : Fetching active blacklist from Rule Cache
2026-10-01T10:40:33.310+05:30  INFO 10832 --- [fraud-engine-service] [scheduling-1] c.s.f.f.client.BlacklistCacheClient      : Fetched 8 active blacklist entries from Rule Cache
2026-10-01T10:40:33.310+05:30  INFO 10832 --- [fraud-engine-service] [scheduling-1] c.s.f.f.cache.ActiveBlacklistCache       : Active blacklist cache refreshed entryCount=8
2026-10-01T10:40:34.430+05:30  INFO 10832 --- [fraud-engine-service] [scheduling-1] c.s.f.f.client.RuleCacheClient           : Fetching active rules from Rule Cache
2026-10-01T10:40:34.432+05:30  INFO 10832 --- [fraud-engine-service] [scheduling-1] c.s.f.f.client.RuleCacheClient           : Fetched 13 active rules from Rule Cache
2026-10-01T10:40:34.432+05:30  INFO 10832 --- [fraud-engine-service] [scheduling-1] c.s.f.fraudengine.cache.ActiveRuleCache  : Active rule cache refreshed ruleCount=13
2026-10-01T10:40:38.324+05:30  INFO 10832 --- [fraud-engine-service] [scheduling-1] c.s.f.f.client.BlacklistCacheClient      : Fetching active blacklist from Rule Cache
2026-10-01T10:40:38.334+05:30  INFO 10832 --- [fraud-engine-service] [scheduling-1] c.s.f.f.client.BlacklistCacheClient      : Fetched 8 active blacklist entries from Rule Cache
2026-10-01T10:40:38.334+05:30  INFO 10832 --- [fraud-engine-service] [scheduling-1] c.s.f.f.cache.ActiveBlacklistCache       : Active blacklist cache refreshed entryCount=8
2026-10-01T10:40:39.446+05:30  INFO 10832 --- [fraud-engine-service] [scheduling-1] c.s.f.f.client.RuleCacheClient           : Fetching active rules from Rule Cache
2026-10-01T10:40:39.457+05:30  INFO 10832 --- [fraud-engine-service] [scheduling-1] c.s.f.f.client.RuleCacheClient           : Fetched 13 active rules from Rule Cache
2026-10-01T10:40:39.457+05:30  INFO 10832 --- [fraud-engine-service] [scheduling-1] c.s.f.fraudengine.cache.ActiveRuleCache  : Active rule cache refreshed ruleCount=13
2026-10-01T10:40:43.339+05:30  INFO 10832 --- [fraud-engine-service] [scheduling-1] c.s.f.f.client.BlacklistCacheClient      : Fetching active blacklist from Rule Cache
2026-10-01T10:40:43.349+05:30  INFO 10832 --- [fraud-engine-service] [scheduling-1] c.s.f.f.client.BlacklistCacheClient      : Fetched 8 active blacklist entries from Rule Cache
2026-10-01T10:40:43.349+05:30  INFO 10832 --- [fraud-engine-service] [scheduling-1] c.s.f.f.cache.ActiveBlacklistCache       : Active blacklist cache refreshed entryCount=8
2026-10-01T10:40:44.466+05:30  INFO 10832 --- [fraud-engine-service] [scheduling-1] c.s.f.f.client.RuleCacheClient           : Fetching active rules from Rule Cache
2026-10-01T10:40:44.486+05:30  INFO 10832 --- [fraud-engine-service] [scheduling-1] c.s.f.f.client.RuleCacheClient           : Fetched 13 active rules from Rule Cache
2026-10-01T10:40:44.486+05:30  INFO 10832 --- [fraud-engine-service] [scheduling-1] c.s.f.fraudengine.cache.ActiveRuleCache  : Active rule cache refreshed ruleCount=13
2026-10-01T10:40:46.332+05:30  INFO 10832 --- [fraud-engine-service] [AsyncResolver-bootstrap-executor-%d] c.n.d.s.r.aws.ConfigClusterResolver      : Resolving eureka endpoints via configuration
2026-10-01T10:40:48.363+05:30  INFO 10832 --- [fraud-engine-service] [scheduling-1] c.s.f.f.client.BlacklistCacheClient      : Fetching active blacklist from Rule Cache
2026-10-01T10:40:48.373+05:30  INFO 10832 --- [fraud-engine-service] [scheduling-1] c.s.f.f.client.BlacklistCacheClient      : Fetched 8 active blacklist entries from Rule Cache
2026-10-01T10:40:48.373+05:30  INFO 10832 --- [fraud-engine-service] [scheduling-1] c.s.f.f.cache.ActiveBlacklistCache       : Active blacklist cache refreshed entryCount=8
2026-10-01T10:40:49.488+05:30  INFO 10832 --- [fraud-engine-service] [scheduling-1] c.s.f.f.client.RuleCacheClient           : Fetching active rules from Rule Cache
2026-10-01T10:40:49.495+05:30  INFO 10832 --- [fraud-engine-service] [scheduling-1] c.s.f.f.client.RuleCacheClient           : Fetched 13 active rules from Rule Cache
2026-10-01T10:40:49.495+05:30  INFO 10832 --- [fraud-engine-service] [scheduling-1] c.s.f.fraudengine.cache.ActiveRuleCache  : Active rule cache refreshed ruleCount=13
2026-10-01T10:40:53.376+05:30  INFO 10832 --- [fraud-engine-service] [scheduling-1] c.s.f.f.client.BlacklistCacheClient      : Fetching active blacklist from Rule Cache
2026-10-01T10:40:53.386+05:30  INFO 10832 --- [fraud-engine-service] [scheduling-1] c.s.f.f.client.BlacklistCacheClient      : Fetched 8 active blacklist entries from Rule Cache
2026-10-01T10:40:53.386+05:30  INFO 10832 --- [fraud-engine-service] [scheduling-1] c.s.f.f.cache.ActiveBlacklistCache       : Active blacklist cache refreshed entryCount=8
2026-10-01T10:40:54.513+05:30  INFO 10832 --- [fraud-engine-service] [scheduling-1] c.s.f.f.client.RuleCacheClient           : Fetching active rules from Rule Cache
2026-10-01T10:40:54.522+05:30  INFO 10832 --- [fraud-engine-service] [scheduling-1] c.s.f.f.client.RuleCacheClient           : Fetched 13 active rules from Rule Cache
2026-10-01T10:40:54.522+05:30  INFO 10832 --- [fraud-engine-service] [scheduling-1] c.s.f.fraudengine.cache.ActiveRuleCache  : Active rule cache refreshed ruleCount=13
2026-10-01T10:40:58.400+05:30  INFO 10832 --- [fraud-engine-service] [scheduling-1] c.s.f.f.client.BlacklistCacheClient      : Fetching active blacklist from Rule Cache
2026-10-01T10:40:58.411+05:30  INFO 10832 --- [fraud-engine-service] [scheduling-1] c.s.f.f.client.BlacklistCacheClient      : Fetched 8 active blacklist entries from Rule Cache
2026-10-01T10:40:58.411+05:30  INFO 10832 --- [fraud-engine-service] [scheduling-1] c.s.f.f.cache.ActiveBlacklistCache       : Active blacklist cache refreshed entryCount=8
2026-10-01T10:40:59.533+05:30  INFO 10832 --- [fraud-engine-service] [scheduling-1] c.s.f.f.client.RuleCacheClient           : Fetching active rules from Rule Cache
2026-10-01T10:40:59.574+05:30  INFO 10832 --- [fraud-engine-service] [scheduling-1] c.s.f.f.client.RuleCacheClient           : Fetched 13 active rules from Rule Cache
2026-10-01T10:40:59.574+05:30  INFO 10832 --- [fraud-engine-service] [scheduling-1] c.s.f.fraudengine.cache.ActiveRuleCache  : Active rule cache refreshed ruleCount=13
2026-10-01T10:41:03.425+05:30  INFO 10832 --- [fraud-engine-service] [scheduling-1] c.s.f.f.client.BlacklistCacheClient      : Fetching active blacklist from Rule Cache
2026-10-01T10:41:03.425+05:30  INFO 10832 --- [fraud-engine-service] [scheduling-1] c.s.f.f.client.BlacklistCacheClient      : Fetched 8 active blacklist entries from Rule Cache
2026-10-01T10:41:03.425+05:30  INFO 10832 --- [fraud-engine-service] [scheduling-1] c.s.f.f.cache.ActiveBlacklistCache       : Active blacklist cache refreshed entryCount=8
2026-10-01T10:41:04.590+05:30  INFO 10832 --- [fraud-engine-service] [scheduling-1] c.s.f.f.client.RuleCacheClient           : Fetching active rules from Rule Cache
2026-10-01T10:41:04.591+05:30  INFO 10832 --- [fraud-engine-service] [scheduling-1] c.s.f.f.client.RuleCacheClient           : Fetched 13 active rules from Rule Cache
2026-10-01T10:41:04.601+05:30  INFO 10832 --- [fraud-engine-service] [scheduling-1] c.s.f.fraudengine.cache.ActiveRuleCache  : Active rule cache refreshed ruleCount=13
2026-10-01T10:41:08.442+05:30  INFO 10832 --- [fraud-engine-service] [scheduling-1] c.s.f.f.client.BlacklistCacheClient      : Fetching active blacklist from Rule Cache
2026-10-01T10:41:08.448+05:30  INFO 10832 --- [fraud-engine-service] [scheduling-1] c.s.f.f.client.BlacklistCacheClient      : Fetched 8 active blacklist entries from Rule Cache
2026-10-01T10:41:08.448+05:30  INFO 10832 --- [fraud-engine-service] [scheduling-1] c.s.f.f.cache.ActiveBlacklistCache       : Active blacklist cache refreshed entryCount=8
2026-10-01T10:41:09.608+05:30  INFO 10832 --- [fraud-engine-service] [scheduling-1] c.s.f.f.client.RuleCacheClient           : Fetching active rules from Rule Cache
2026-10-01T10:41:09.608+05:30  INFO 10832 --- [fraud-engine-service] [scheduling-1] c.s.f.f.client.RuleCacheClient           : Fetched 13 active rules from Rule Cache
2026-10-01T10:41:09.608+05:30  INFO 10832 --- [fraud-engine-service] [scheduling-1] c.s.f.fraudengine.cache.ActiveRuleCache  : Active rule cache refreshed ruleCount=13
2026-10-01T10:41:13.453+05:30  INFO 10832 --- [fraud-engine-service] [scheduling-1] c.s.f.f.client.BlacklistCacheClient      : Fetching active blacklist from Rule Cache
2026-10-01T10:41:13.457+05:30  INFO 10832 --- [fraud-engine-service] [scheduling-1] c.s.f.f.client.BlacklistCacheClient      : Fetched 8 active blacklist entries from Rule Cache
2026-10-01T10:41:13.457+05:30  INFO 10832 --- [fraud-engine-service] [scheduling-1] c.s.f.f.cache.ActiveBlacklistCache       : Active blacklist cache refreshed entryCount=8
2026-10-01T10:41:14.623+05:30  INFO 10832 --- [fraud-engine-service] [scheduling-1] c.s.f.f.client.RuleCacheClient           : Fetching active rules from Rule Cache
2026-10-01T10:41:14.639+05:30  INFO 10832 --- [fraud-engine-service] [scheduling-1] c.s.f.f.client.RuleCacheClient           : Fetched 13 active rules from Rule Cache
2026-10-01T10:41:14.639+05:30  INFO 10832 --- [fraud-engine-service] [scheduling-1] c.s.f.fraudengine.cache.ActiveRuleCache  : Active rule cache refreshed ruleCount=13
2026-10-01T10:41:18.465+05:30  INFO 10832 --- [fraud-engine-service] [scheduling-1] c.s.f.f.client.BlacklistCacheClient      : Fetching active blacklist from Rule Cache
2026-10-01T10:41:18.468+05:30  INFO 10832 --- [fraud-engine-service] [scheduling-1] c.s.f.f.client.BlacklistCacheClient      : Fetched 8 active blacklist entries from Rule Cache
2026-10-01T10:41:18.468+05:30  INFO 10832 --- [fraud-engine-service] [scheduling-1] c.s.f.f.cache.ActiveBlacklistCache       : Active blacklist cache refreshed entryCount=8
2026-10-01T10:41:19.642+05:30  INFO 10832 --- [fraud-engine-service] [scheduling-1] c.s.f.f.client.RuleCacheClient           : Fetching active rules from Rule Cache
2026-10-01T10:41:19.652+05:30  INFO 10832 --- [fraud-engine-service] [scheduling-1] c.s.f.f.client.RuleCacheClient           : Fetched 13 active rules from Rule Cache
2026-10-01T10:41:19.652+05:30  INFO 10832 --- [fraud-engine-service] [scheduling-1] c.s.f.fraudengine.cache.ActiveRuleCache  : Active rule cache refreshed ruleCount=13
2026-10-01T10:41:23.491+05:30  INFO 10832 --- [fraud-engine-service] [scheduling-1] c.s.f.f.client.BlacklistCacheClient      : Fetching active blacklist from Rule Cache
2026-10-01T10:41:23.495+05:30  INFO 10832 --- [fraud-engine-service] [scheduling-1] c.s.f.f.client.BlacklistCacheClient      : Fetched 8 active blacklist entries from Rule Cache
2026-10-01T10:41:23.495+05:30  INFO 10832 --- [fraud-engine-service] [scheduling-1] c.s.f.f.cache.ActiveBlacklistCache       : Active blacklist cache refreshed entryCount=8
2026-10-01T10:41:24.655+05:30  INFO 10832 --- [fraud-engine-service] [scheduling-1] c.s.f.f.client.RuleCacheClient           : Fetching active rules from Rule Cache
2026-10-01T10:41:24.660+05:30  INFO 10832 --- [fraud-engine-service] [scheduling-1] c.s.f.f.client.RuleCacheClient           : Fetched 13 active rules from Rule Cache
2026-10-01T10:41:24.660+05:30  INFO 10832 --- [fraud-engine-service] [scheduling-1] c.s.f.fraudengine.cache.ActiveRuleCache  : Active rule cache refreshed ruleCount=13
2026-10-01T10:41:28.504+05:30  INFO 10832 --- [fraud-engine-service] [scheduling-1] c.s.f.f.client.BlacklistCacheClient      : Fetching active blacklist from Rule Cache
2026-10-01T10:41:28.509+05:30  INFO 10832 --- [fraud-engine-service] [scheduling-1] c.s.f.f.client.BlacklistCacheClient      : Fetched 8 active blacklist entries from Rule Cache
2026-10-01T10:41:28.509+05:30  INFO 10832 --- [fraud-engine-service] [scheduling-1] c.s.f.f.cache.ActiveBlacklistCache       : Active blacklist cache refreshed entryCount=8
2026-10-01T10:41:29.671+05:30  INFO 10832 --- [fraud-engine-service] [scheduling-1] c.s.f.f.client.RuleCacheClient           : Fetching active rules from Rule Cache
2026-10-01T10:41:29.696+05:30  INFO 10832 --- [fraud-engine-service] [scheduling-1] c.s.f.f.client.RuleCacheClient           : Fetched 13 active rules from Rule Cache
2026-10-01T10:41:29.696+05:30  INFO 10832 --- [fraud-engine-service] [scheduling-1] c.s.f.fraudengine.cache.ActiveRuleCache  : Active rule cache refreshed ruleCount=13
2026-10-01T10:41:33.523+05:30  INFO 10832 --- [fraud-engine-service] [scheduling-1] c.s.f.f.client.BlacklistCacheClient      : Fetching active blacklist from Rule Cache
2026-10-01T10:41:33.530+05:30  INFO 10832 --- [fraud-engine-service] [scheduling-1] c.s.f.f.client.BlacklistCacheClient      : Fetched 8 active blacklist entries from Rule Cache
2026-10-01T10:41:33.530+05:30  INFO 10832 --- [fraud-engine-service] [scheduling-1] c.s.f.f.cache.ActiveBlacklistCache       : Active blacklist cache refreshed entryCount=8
2026-10-01T10:41:34.701+05:30  INFO 10832 --- [fraud-engine-service] [scheduling-1] c.s.f.f.client.RuleCacheClient           : Fetching active rules from Rule Cache
2026-10-01T10:41:34.711+05:30  INFO 10832 --- [fraud-engine-service] [scheduling-1] c.s.f.f.client.RuleCacheClient           : Fetched 13 active rules from Rule Cache
2026-10-01T10:41:34.711+05:30  INFO 10832 --- [fraud-engine-service] [scheduling-1] c.s.f.fraudengine.cache.ActiveRuleCache  : Active rule cache refreshed ruleCount=13
2026-10-01T10:41:38.547+05:30  INFO 10832 --- [fraud-engine-service] [scheduling-1] c.s.f.f.client.BlacklistCacheClient      : Fetching active blacklist from Rule Cache
2026-10-01T10:41:38.557+05:30  INFO 10832 --- [fraud-engine-service] [scheduling-1] c.s.f.f.client.BlacklistCacheClient      : Fetched 8 active blacklist entries from Rule Cache
2026-10-01T10:41:38.557+05:30  INFO 10832 --- [fraud-engine-service] [scheduling-1] c.s.f.f.cache.ActiveBlacklistCache       : Active blacklist cache refreshed entryCount=8
2026-10-01T10:41:39.725+05:30  INFO 10832 --- [fraud-engine-service] [scheduling-1] c.s.f.f.client.RuleCacheClient           : Fetching active rules from Rule Cache
2026-10-01T10:41:39.734+05:30  INFO 10832 --- [fraud-engine-service] [scheduling-1] c.s.f.f.client.RuleCacheClient           : Fetched 13 active rules from Rule Cache
2026-10-01T10:41:39.734+05:30  INFO 10832 --- [fraud-engine-service] [scheduling-1] c.s.f.fraudengine.cache.ActiveRuleCache  : Active rule cache refreshed ruleCount=13
2026-10-01T10:41:43.573+05:30  INFO 10832 --- [fraud-engine-service] [scheduling-1] c.s.f.f.client.BlacklistCacheClient      : Fetching active blacklist from Rule Cache
2026-10-01T10:41:43.583+05:30  INFO 10832 --- [fraud-engine-service] [scheduling-1] c.s.f.f.client.BlacklistCacheClient      : Fetched 8 active blacklist entries from Rule Cache
2026-10-01T10:41:43.583+05:30  INFO 10832 --- [fraud-engine-service] [scheduling-1] c.s.f.f.cache.ActiveBlacklistCache       : Active blacklist cache refreshed entryCount=8
2026-10-01T10:41:44.738+05:30  INFO 10832 --- [fraud-engine-service] [scheduling-1] c.s.f.f.client.RuleCacheClient           : Fetching active rules from Rule Cache
2026-10-01T10:41:44.753+05:30  INFO 10832 --- [fraud-engine-service] [scheduling-1] c.s.f.f.client.RuleCacheClient           : Fetched 13 active rules from Rule Cache
2026-10-01T10:41:44.753+05:30  INFO 10832 --- [fraud-engine-service] [scheduling-1] c.s.f.fraudengine.cache.ActiveRuleCache  : Active rule cache refreshed ruleCount=13
2026-10-01T10:41:48.593+05:30  INFO 10832 --- [fraud-engine-service] [scheduling-1] c.s.f.f.client.BlacklistCacheClient      : Fetching active blacklist from Rule Cache
2026-10-01T10:41:48.595+05:30  INFO 10832 --- [fraud-engine-service] [scheduling-1] c.s.f.f.client.BlacklistCacheClient      : Fetched 8 active blacklist entries from Rule Cache
2026-10-01T10:41:48.595+05:30  INFO 10832 --- [fraud-engine-service] [scheduling-1] c.s.f.f.cache.ActiveBlacklistCache       : Active blacklist cache refreshed entryCount=8
2026-10-01T10:41:49.758+05:30  INFO 10832 --- [fraud-engine-service] [scheduling-1] c.s.f.f.client.RuleCacheClient           : Fetching active rules from Rule Cache
2026-10-01T10:41:49.758+05:30  INFO 10832 --- [fraud-engine-service] [scheduling-1] c.s.f.f.client.RuleCacheClient           : Fetched 13 active rules from Rule Cache
2026-10-01T10:41:49.758+05:30  INFO 10832 --- [fraud-engine-service] [scheduling-1] c.s.f.fraudengine.cache.ActiveRuleCache  : Active rule cache refreshed ruleCount=13
2026-10-01T10:41:53.620+05:30  INFO 10832 --- [fraud-engine-service] [scheduling-1] c.s.f.f.client.BlacklistCacheClient      : Fetching active blacklist from Rule Cache
2026-10-01T10:41:53.622+05:30  INFO 10832 --- [fraud-engine-service] [scheduling-1] c.s.f.f.client.BlacklistCacheClient      : Fetched 8 active blacklist entries from Rule Cache
2026-10-01T10:41:53.622+05:30  INFO 10832 --- [fraud-engine-service] [scheduling-1] c.s.f.f.cache.ActiveBlacklistCache       : Active blacklist cache refreshed entryCount=8
2026-10-01T10:41:54.770+05:30  INFO 10832 --- [fraud-engine-service] [scheduling-1] c.s.f.f.client.RuleCacheClient           : Fetching active rules from Rule Cache
2026-10-01T10:41:54.770+05:30  INFO 10832 --- [fraud-engine-service] [scheduling-1] c.s.f.f.client.RuleCacheClient           : Fetched 13 active rules from Rule Cache
2026-10-01T10:41:54.770+05:30  INFO 10832 --- [fraud-engine-service] [scheduling-1] c.s.f.fraudengine.cache.ActiveRuleCache  : Active rule cache refreshed ruleCount=13
2026-10-01T10:41:58.644+05:30  INFO 10832 --- [fraud-engine-service] [scheduling-1] c.s.f.f.client.BlacklistCacheClient      : Fetching active blacklist from Rule Cache
2026-10-01T10:41:58.644+05:30  INFO 10832 --- [fraud-engine-service] [scheduling-1] c.s.f.f.client.BlacklistCacheClient      : Fetched 8 active blacklist entries from Rule Cache
2026-10-01T10:41:58.644+05:30  INFO 10832 --- [fraud-engine-service] [scheduling-1] c.s.f.f.cache.ActiveBlacklistCache       : Active blacklist cache refreshed entryCount=8
2026-10-01T10:41:59.783+05:30  INFO 10832 --- [fraud-engine-service] [scheduling-1] c.s.f.f.client.RuleCacheClient           : Fetching active rules from Rule Cache
2026-10-01T10:41:59.799+05:30  INFO 10832 --- [fraud-engine-service] [scheduling-1] c.s.f.f.client.RuleCacheClient           : Fetched 13 active rules from Rule Cache
2026-10-01T10:41:59.799+05:30  INFO 10832 --- [fraud-engine-service] [scheduling-1] c.s.f.fraudengine.cache.ActiveRuleCache  : Active rule cache refreshed ruleCount=13
2026-10-01T10:42:03.672+05:30  INFO 10832 --- [fraud-engine-service] [scheduling-1] c.s.f.f.client.BlacklistCacheClient      : Fetching active blacklist from Rule Cache
2026-10-01T10:42:03.672+05:30  INFO 10832 --- [fraud-engine-service] [scheduling-1] c.s.f.f.client.BlacklistCacheClient      : Fetched 8 active blacklist entries from Rule Cache
2026-10-01T10:42:03.672+05:30  INFO 10832 --- [fraud-engine-service] [scheduling-1] c.s.f.f.cache.ActiveBlacklistCache       : Active blacklist cache refreshed entryCount=8
2026-10-01T10:42:04.816+05:30  INFO 10832 --- [fraud-engine-service] [scheduling-1] c.s.f.f.client.RuleCacheClient           : Fetching active rules from Rule Cache
2026-10-01T10:42:04.816+05:30  INFO 10832 --- [fraud-engine-service] [scheduling-1] c.s.f.f.client.RuleCacheClient           : Fetched 13 active rules from Rule Cache
2026-10-01T10:42:04.816+05:30  INFO 10832 --- [fraud-engine-service] [scheduling-1] c.s.f.fraudengine.cache.ActiveRuleCache  : Active rule cache refreshed ruleCount=13
2026-10-01T10:42:08.690+05:30  INFO 10832 --- [fraud-engine-service] [scheduling-1] c.s.f.f.client.BlacklistCacheClient      : Fetching active blacklist from Rule Cache
2026-10-01T10:42:08.692+05:30  INFO 10832 --- [fraud-engine-service] [scheduling-1] c.s.f.f.client.BlacklistCacheClient      : Fetched 8 active blacklist entries from Rule Cache
2026-10-01T10:42:08.692+05:30  INFO 10832 --- [fraud-engine-service] [scheduling-1] c.s.f.f.cache.ActiveBlacklistCache       : Active blacklist cache refreshed entryCount=8
2026-10-01T10:42:09.839+05:30  INFO 10832 --- [fraud-engine-service] [scheduling-1] c.s.f.f.client.RuleCacheClient           : Fetching active rules from Rule Cache
2026-10-01T10:42:09.841+05:30  INFO 10832 --- [fraud-engine-service] [scheduling-1] c.s.f.f.client.RuleCacheClient           : Fetched 13 active rules from Rule Cache
2026-10-01T10:42:09.841+05:30  INFO 10832 --- [fraud-engine-service] [scheduling-1] c.s.f.fraudengine.cache.ActiveRuleCache  : Active rule cache refreshed ruleCount=13
2026-10-01T10:42:13.706+05:30  INFO 10832 --- [fraud-engine-service] [scheduling-1] c.s.f.f.client.BlacklistCacheClient      : Fetching active blacklist from Rule Cache
2026-10-01T10:42:13.715+05:30  INFO 10832 --- [fraud-engine-service] [scheduling-1] c.s.f.f.client.BlacklistCacheClient      : Fetched 8 active blacklist entries from Rule Cache
2026-10-01T10:42:13.715+05:30  INFO 10832 --- [fraud-engine-service] [scheduling-1] c.s.f.f.cache.ActiveBlacklistCache       : Active blacklist cache refreshed entryCount=8
2026-10-01T10:42:14.861+05:30  INFO 10832 --- [fraud-engine-service] [scheduling-1] c.s.f.f.client.RuleCacheClient           : Fetching active rules from Rule Cache
2026-10-01T10:42:14.877+05:30  INFO 10832 --- [fraud-engine-service] [scheduling-1] c.s.f.f.client.RuleCacheClient           : Fetched 13 active rules from Rule Cache
2026-10-01T10:42:14.877+05:30  INFO 10832 --- [fraud-engine-service] [scheduling-1] c.s.f.fraudengine.cache.ActiveRuleCache  : Active rule cache refreshed ruleCount=13
2026-10-01T10:42:18.721+05:30  INFO 10832 --- [fraud-engine-service] [scheduling-1] c.s.f.f.client.BlacklistCacheClient      : Fetching active blacklist from Rule Cache
2026-10-01T10:42:18.729+05:30  INFO 10832 --- [fraud-engine-service] [scheduling-1] c.s.f.f.client.BlacklistCacheClient      : Fetched 8 active blacklist entries from Rule Cache
2026-10-01T10:42:18.741+05:30  INFO 10832 --- [fraud-engine-service] [scheduling-1] c.s.f.f.cache.ActiveBlacklistCache       : Active blacklist cache refreshed entryCount=8
2026-10-01T10:42:19.886+05:30  INFO 10832 --- [fraud-engine-service] [scheduling-1] c.s.f.f.client.RuleCacheClient           : Fetching active rules from Rule Cache
2026-10-01T10:42:19.886+05:30  INFO 10832 --- [fraud-engine-service] [scheduling-1] c.s.f.f.client.RuleCacheClient           : Fetched 13 active rules from Rule Cache
2026-10-01T10:42:19.886+05:30  INFO 10832 --- [fraud-engine-service] [scheduling-1] c.s.f.fraudengine.cache.ActiveRuleCache  : Active rule cache refreshed ruleCount=13
2026-10-01T10:42:23.758+05:30  INFO 10832 --- [fraud-engine-service] [scheduling-1] c.s.f.f.client.BlacklistCacheClient      : Fetching active blacklist from Rule Cache
2026-10-01T10:42:23.767+05:30  INFO 10832 --- [fraud-engine-service] [scheduling-1] c.s.f.f.client.BlacklistCacheClient      : Fetched 8 active blacklist entries from Rule Cache
2026-10-01T10:42:23.767+05:30  INFO 10832 --- [fraud-engine-service] [scheduling-1] c.s.f.f.cache.ActiveBlacklistCache       : Active blacklist cache refreshed entryCount=8
2026-10-01T10:42:24.898+05:30  INFO 10832 --- [fraud-engine-service] [scheduling-1] c.s.f.f.client.RuleCacheClient           : Fetching active rules from Rule Cache
2026-10-01T10:42:24.898+05:30  INFO 10832 --- [fraud-engine-service] [scheduling-1] c.s.f.f.client.RuleCacheClient           : Fetched 13 active rules from Rule Cache
2026-10-01T10:42:24.898+05:30  INFO 10832 --- [fraud-engine-service] [scheduling-1] c.s.f.fraudengine.cache.ActiveRuleCache  : Active rule cache refreshed ruleCount=13
2026-10-01T10:42:28.775+05:30  INFO 10832 --- [fraud-engine-service] [scheduling-1] c.s.f.f.client.BlacklistCacheClient      : Fetching active blacklist from Rule Cache
2026-10-01T10:42:28.779+05:30  INFO 10832 --- [fraud-engine-service] [scheduling-1] c.s.f.f.client.BlacklistCacheClient      : Fetched 8 active blacklist entries from Rule Cache
2026-10-01T10:42:28.779+05:30  INFO 10832 --- [fraud-engine-service] [scheduling-1] c.s.f.f.cache.ActiveBlacklistCache       : Active blacklist cache refreshed entryCount=8
2026-10-01T10:42:29.908+05:30  INFO 10832 --- [fraud-engine-service] [scheduling-1] c.s.f.f.client.RuleCacheClient           : Fetching active rules from Rule Cache
2026-10-01T10:42:29.921+05:30  INFO 10832 --- [fraud-engine-service] [scheduling-1] c.s.f.f.client.RuleCacheClient           : Fetched 13 active rules from Rule Cache
2026-10-01T10:42:29.921+05:30  INFO 10832 --- [fraud-engine-service] [scheduling-1] c.s.f.fraudengine.cache.ActiveRuleCache  : Active rule cache refreshed ruleCount=13
2026-10-01T10:42:33.801+05:30  INFO 10832 --- [fraud-engine-service] [scheduling-1] c.s.f.f.client.BlacklistCacheClient      : Fetching active blacklist from Rule Cache
2026-10-01T10:42:33.802+05:30  INFO 10832 --- [fraud-engine-service] [scheduling-1] c.s.f.f.client.BlacklistCacheClient      : Fetched 8 active blacklist entries from Rule Cache
2026-10-01T10:42:33.802+05:30  INFO 10832 --- [fraud-engine-service] [scheduling-1] c.s.f.f.cache.ActiveBlacklistCache       : Active blacklist cache refreshed entryCount=8
2026-10-01T10:42:34.936+05:30  INFO 10832 --- [fraud-engine-service] [scheduling-1] c.s.f.f.client.RuleCacheClient           : Fetching active rules from Rule Cache
2026-10-01T10:42:34.936+05:30  INFO 10832 --- [fraud-engine-service] [scheduling-1] c.s.f.f.client.RuleCacheClient           : Fetched 13 active rules from Rule Cache
2026-10-01T10:42:34.936+05:30  INFO 10832 --- [fraud-engine-service] [scheduling-1] c.s.f.fraudengine.cache.ActiveRuleCache  : Active rule cache refreshed ruleCount=13
2026-10-01T10:42:38.814+05:30  INFO 10832 --- [fraud-engine-service] [scheduling-1] c.s.f.f.client.BlacklistCacheClient      : Fetching active blacklist from Rule Cache
2026-10-01T10:42:38.818+05:30  INFO 10832 --- [fraud-engine-service] [scheduling-1] c.s.f.f.client.BlacklistCacheClient      : Fetched 8 active blacklist entries from Rule Cache
2026-10-01T10:42:38.818+05:30  INFO 10832 --- [fraud-engine-service] [scheduling-1] c.s.f.f.cache.ActiveBlacklistCache       : Active blacklist cache refreshed entryCount=8
2026-10-01T10:42:39.950+05:30  INFO 10832 --- [fraud-engine-service] [scheduling-1] c.s.f.f.client.RuleCacheClient           : Fetching active rules from Rule Cache
2026-10-01T10:42:39.950+05:30  INFO 10832 --- [fraud-engine-service] [scheduling-1] c.s.f.f.client.RuleCacheClient           : Fetched 13 active rules from Rule Cache
2026-10-01T10:42:39.950+05:30  INFO 10832 --- [fraud-engine-service] [scheduling-1] c.s.f.fraudengine.cache.ActiveRuleCache  : Active rule cache refreshed ruleCount=13
2026-10-01T10:42:43.832+05:30  INFO 10832 --- [fraud-engine-service] [scheduling-1] c.s.f.f.client.BlacklistCacheClient      : Fetching active blacklist from Rule Cache
2026-10-01T10:42:43.835+05:30  INFO 10832 --- [fraud-engine-service] [scheduling-1] c.s.f.f.client.BlacklistCacheClient      : Fetched 8 active blacklist entries from Rule Cache
2026-10-01T10:42:43.835+05:30  INFO 10832 --- [fraud-engine-service] [scheduling-1] c.s.f.f.cache.ActiveBlacklistCache       : Active blacklist cache refreshed entryCount=8
2026-10-01T10:42:44.964+05:30  INFO 10832 --- [fraud-engine-service] [scheduling-1] c.s.f.f.client.RuleCacheClient           : Fetching active rules from Rule Cache
2026-10-01T10:42:44.992+05:30  INFO 10832 --- [fraud-engine-service] [scheduling-1] c.s.f.f.client.RuleCacheClient           : Fetched 13 active rules from Rule Cache
2026-10-01T10:42:44.992+05:30  INFO 10832 --- [fraud-engine-service] [scheduling-1] c.s.f.fraudengine.cache.ActiveRuleCache  : Active rule cache refreshed ruleCount=13
2026-10-01T10:42:48.852+05:30  INFO 10832 --- [fraud-engine-service] [scheduling-1] c.s.f.f.client.BlacklistCacheClient      : Fetching active blacklist from Rule Cache
2026-10-01T10:42:48.852+05:30  INFO 10832 --- [fraud-engine-service] [scheduling-1] c.s.f.f.client.BlacklistCacheClient      : Fetched 8 active blacklist entries from Rule Cache
2026-10-01T10:42:48.852+05:30  INFO 10832 --- [fraud-engine-service] [scheduling-1] c.s.f.f.cache.ActiveBlacklistCache       : Active blacklist cache refreshed entryCount=8
2026-10-01T10:42:50.006+05:30  INFO 10832 --- [fraud-engine-service] [scheduling-1] c.s.f.f.client.RuleCacheClient           : Fetching active rules from Rule Cache
2026-10-01T10:42:50.008+05:30  INFO 10832 --- [fraud-engine-service] [scheduling-1] c.s.f.f.client.RuleCacheClient           : Fetched 13 active rules from Rule Cache
2026-10-01T10:42:50.008+05:30  INFO 10832 --- [fraud-engine-service] [scheduling-1] c.s.f.fraudengine.cache.ActiveRuleCache  : Active rule cache refreshed ruleCount=13
2026-10-01T10:42:53.869+05:30  INFO 10832 --- [fraud-engine-service] [scheduling-1] c.s.f.f.client.BlacklistCacheClient      : Fetching active blacklist from Rule Cache
2026-10-01T10:42:53.869+05:30  INFO 10832 --- [fraud-engine-service] [scheduling-1] c.s.f.f.client.BlacklistCacheClient      : Fetched 8 active blacklist entries from Rule Cache
2026-10-01T10:42:53.869+05:30  INFO 10832 --- [fraud-engine-service] [scheduling-1] c.s.f.f.cache.ActiveBlacklistCache       : Active blacklist cache refreshed entryCount=8
2026-10-01T10:42:55.022+05:30  INFO 10832 --- [fraud-engine-service] [scheduling-1] c.s.f.f.client.RuleCacheClient           : Fetching active rules from Rule Cache
2026-10-01T10:42:55.032+05:30  INFO 10832 --- [fraud-engine-service] [scheduling-1] c.s.f.f.client.RuleCacheClient           : Fetched 13 active rules from Rule Cache
2026-10-01T10:42:55.032+05:30  INFO 10832 --- [fraud-engine-service] [scheduling-1] c.s.f.fraudengine.cache.ActiveRuleCache  : Active rule cache refreshed ruleCount=13
2026-10-01T10:42:58.882+05:30  INFO 10832 --- [fraud-engine-service] [scheduling-1] c.s.f.f.client.BlacklistCacheClient      : Fetching active blacklist from Rule Cache
2026-10-01T10:42:58.891+05:30  INFO 10832 --- [fraud-engine-service] [scheduling-1] c.s.f.f.client.BlacklistCacheClient      : Fetched 8 active blacklist entries from Rule Cache
2026-10-01T10:42:58.891+05:30  INFO 10832 --- [fraud-engine-service] [scheduling-1] c.s.f.f.cache.ActiveBlacklistCache       : Active blacklist cache refreshed entryCount=8
2026-10-01T10:43:00.046+05:30  INFO 10832 --- [fraud-engine-service] [scheduling-1] c.s.f.f.client.RuleCacheClient           : Fetching active rules from Rule Cache
2026-10-01T10:43:00.112+05:30  INFO 10832 --- [fraud-engine-service] [scheduling-1] c.s.f.f.client.RuleCacheClient           : Fetched 13 active rules from Rule Cache
2026-10-01T10:43:00.114+05:30  INFO 10832 --- [fraud-engine-service] [scheduling-1] c.s.f.fraudengine.cache.ActiveRuleCache  : Active rule cache refreshed ruleCount=13
2026-10-01T10:43:03.897+05:30  INFO 10832 --- [fraud-engine-service] [scheduling-1] c.s.f.f.client.BlacklistCacheClient      : Fetching active blacklist from Rule Cache
2026-10-01T10:43:03.901+05:30  INFO 10832 --- [fraud-engine-service] [scheduling-1] c.s.f.f.client.BlacklistCacheClient      : Fetched 8 active blacklist entries from Rule Cache
2026-10-01T10:43:03.901+05:30  INFO 10832 --- [fraud-engine-service] [scheduling-1] c.s.f.f.cache.ActiveBlacklistCache       : Active blacklist cache refreshed entryCount=8
2026-10-01T10:43:05.128+05:30  INFO 10832 --- [fraud-engine-service] [scheduling-1] c.s.f.f.client.RuleCacheClient           : Fetching active rules from Rule Cache
2026-10-01T10:43:05.138+05:30  INFO 10832 --- [fraud-engine-service] [scheduling-1] c.s.f.f.client.RuleCacheClient           : Fetched 13 active rules from Rule Cache
2026-10-01T10:43:05.138+05:30  INFO 10832 --- [fraud-engine-service] [scheduling-1] c.s.f.fraudengine.cache.ActiveRuleCache  : Active rule cache refreshed ruleCount=13
2026-10-01T10:43:08.920+05:30  INFO 10832 --- [fraud-engine-service] [scheduling-1] c.s.f.f.client.BlacklistCacheClient      : Fetching active blacklist from Rule Cache
2026-10-01T10:43:08.920+05:30  INFO 10832 --- [fraud-engine-service] [scheduling-1] c.s.f.f.client.BlacklistCacheClient      : Fetched 8 active blacklist entries from Rule Cache
2026-10-01T10:43:08.920+05:30  INFO 10832 --- [fraud-engine-service] [scheduling-1] c.s.f.f.cache.ActiveBlacklistCache       : Active blacklist cache refreshed entryCount=8
2026-10-01T10:43:10.142+05:30  INFO 10832 --- [fraud-engine-service] [scheduling-1] c.s.f.f.client.RuleCacheClient           : Fetching active rules from Rule Cache
2026-10-01T10:43:10.142+05:30  INFO 10832 --- [fraud-engine-service] [scheduling-1] c.s.f.f.client.RuleCacheClient           : Fetched 13 active rules from Rule Cache
2026-10-01T10:43:10.142+05:30  INFO 10832 --- [fraud-engine-service] [scheduling-1] c.s.f.fraudengine.cache.ActiveRuleCache  : Active rule cache refreshed ruleCount=13
2026-10-01T10:43:13.939+05:30  INFO 10832 --- [fraud-engine-service] [scheduling-1] c.s.f.f.client.BlacklistCacheClient      : Fetching active blacklist from Rule Cache
2026-10-01T10:43:13.939+05:30  INFO 10832 --- [fraud-engine-service] [scheduling-1] c.s.f.f.client.BlacklistCacheClient      : Fetched 8 active blacklist entries from Rule Cache
2026-10-01T10:43:13.939+05:30  INFO 10832 --- [fraud-engine-service] [scheduling-1] c.s.f.f.cache.ActiveBlacklistCache       : Active blacklist cache refreshed entryCount=8
2026-10-01T10:43:15.155+05:30  INFO 10832 --- [fraud-engine-service] [scheduling-1] c.s.f.f.client.RuleCacheClient           : Fetching active rules from Rule Cache
2026-10-01T10:43:15.226+05:30  INFO 10832 --- [fraud-engine-service] [scheduling-1] c.s.f.f.client.RuleCacheClient           : Fetched 13 active rules from Rule Cache
2026-10-01T10:43:15.226+05:30  INFO 10832 --- [fraud-engine-service] [scheduling-1] c.s.f.fraudengine.cache.ActiveRuleCache  : Active rule cache refreshed ruleCount=13
2026-10-01T10:43:18.965+05:30  INFO 10832 --- [fraud-engine-service] [scheduling-1] c.s.f.f.client.BlacklistCacheClient      : Fetching active blacklist from Rule Cache
2026-10-01T10:43:18.973+05:30  INFO 10832 --- [fraud-engine-service] [scheduling-1] c.s.f.f.client.BlacklistCacheClient      : Fetched 8 active blacklist entries from Rule Cache
2026-10-01T10:43:18.973+05:30  INFO 10832 --- [fraud-engine-service] [scheduling-1] c.s.f.f.cache.ActiveBlacklistCache       : Active blacklist cache refreshed entryCount=8
2026-10-01T10:43:20.237+05:30  INFO 10832 --- [fraud-engine-service] [scheduling-1] c.s.f.f.client.RuleCacheClient           : Fetching active rules from Rule Cache
2026-10-01T10:43:20.253+05:30  INFO 10832 --- [fraud-engine-service] [scheduling-1] c.s.f.f.client.RuleCacheClient           : Fetched 13 active rules from Rule Cache
2026-10-01T10:43:20.253+05:30  INFO 10832 --- [fraud-engine-service] [scheduling-1] c.s.f.fraudengine.cache.ActiveRuleCache  : Active rule cache refreshed ruleCount=13
2026-10-01T10:43:23.979+05:30  INFO 10832 --- [fraud-engine-service] [scheduling-1] c.s.f.f.client.BlacklistCacheClient      : Fetching active blacklist from Rule Cache
2026-10-01T10:43:23.986+05:30  INFO 10832 --- [fraud-engine-service] [scheduling-1] c.s.f.f.client.BlacklistCacheClient      : Fetched 8 active blacklist entries from Rule Cache
2026-10-01T10:43:23.986+05:30  INFO 10832 --- [fraud-engine-service] [scheduling-1] c.s.f.f.cache.ActiveBlacklistCache       : Active blacklist cache refreshed entryCount=8
2026-10-01T10:43:25.264+05:30  INFO 10832 --- [fraud-engine-service] [scheduling-1] c.s.f.f.client.RuleCacheClient           : Fetching active rules from Rule Cache
2026-10-01T10:43:25.272+05:30  INFO 10832 --- [fraud-engine-service] [scheduling-1] c.s.f.f.client.RuleCacheClient           : Fetched 13 active rules from Rule Cache
2026-10-01T10:43:25.272+05:30  INFO 10832 --- [fraud-engine-service] [scheduling-1] c.s.f.fraudengine.cache.ActiveRuleCache  : Active rule cache refreshed ruleCount=13
2026-10-01T10:43:28.999+05:30  INFO 10832 --- [fraud-engine-service] [scheduling-1] c.s.f.f.client.BlacklistCacheClient      : Fetching active blacklist from Rule Cache
2026-10-01T10:43:28.999+05:30  INFO 10832 --- [fraud-engine-service] [scheduling-1] c.s.f.f.client.BlacklistCacheClient      : Fetched 8 active blacklist entries from Rule Cache
2026-10-01T10:43:28.999+05:30  INFO 10832 --- [fraud-engine-service] [scheduling-1] c.s.f.f.cache.ActiveBlacklistCache       : Active blacklist cache refreshed entryCount=8
2026-10-01T10:43:30.282+05:30  INFO 10832 --- [fraud-engine-service] [scheduling-1] c.s.f.f.client.RuleCacheClient           : Fetching active rules from Rule Cache
2026-10-01T10:43:30.298+05:30  INFO 10832 --- [fraud-engine-service] [scheduling-1] c.s.f.f.client.RuleCacheClient           : Fetched 13 active rules from Rule Cache
2026-10-01T10:43:30.298+05:30  INFO 10832 --- [fraud-engine-service] [scheduling-1] c.s.f.fraudengine.cache.ActiveRuleCache  : Active rule cache refreshed ruleCount=13
2026-10-01T10:43:34.021+05:30  INFO 10832 --- [fraud-engine-service] [scheduling-1] c.s.f.f.client.BlacklistCacheClient      : Fetching active blacklist from Rule Cache
2026-10-01T10:43:34.025+05:30  INFO 10832 --- [fraud-engine-service] [scheduling-1] c.s.f.f.client.BlacklistCacheClient      : Fetched 8 active blacklist entries from Rule Cache
2026-10-01T10:43:34.025+05:30  INFO 10832 --- [fraud-engine-service] [scheduling-1] c.s.f.f.cache.ActiveBlacklistCache       : Active blacklist cache refreshed entryCount=8
2026-10-01T10:43:35.305+05:30  INFO 10832 --- [fraud-engine-service] [scheduling-1] c.s.f.f.client.RuleCacheClient           : Fetching active rules from Rule Cache
2026-10-01T10:43:35.316+05:30  INFO 10832 --- [fraud-engine-service] [scheduling-1] c.s.f.f.client.RuleCacheClient           : Fetched 13 active rules from Rule Cache
2026-10-01T10:43:35.316+05:30  INFO 10832 --- [fraud-engine-service] [scheduling-1] c.s.f.fraudengine.cache.ActiveRuleCache  : Active rule cache refreshed ruleCount=13
2026-10-01T10:43:39.041+05:30  INFO 10832 --- [fraud-engine-service] [scheduling-1] c.s.f.f.client.BlacklistCacheClient      : Fetching active blacklist from Rule Cache
2026-10-01T10:43:39.041+05:30  INFO 10832 --- [fraud-engine-service] [scheduling-1] c.s.f.f.client.BlacklistCacheClient      : Fetched 8 active blacklist entries from Rule Cache
2026-10-01T10:43:39.041+05:30  INFO 10832 --- [fraud-engine-service] [scheduling-1] c.s.f.f.cache.ActiveBlacklistCache       : Active blacklist cache refreshed entryCount=8
2026-10-01T10:43:40.332+05:30  INFO 10832 --- [fraud-engine-service] [scheduling-1] c.s.f.f.client.RuleCacheClient           : Fetching active rules from Rule Cache
2026-10-01T10:43:40.339+05:30  INFO 10832 --- [fraud-engine-service] [scheduling-1] c.s.f.f.client.RuleCacheClient           : Fetched 13 active rules from Rule Cache
2026-10-01T10:43:40.339+05:30  INFO 10832 --- [fraud-engine-service] [scheduling-1] c.s.f.fraudengine.cache.ActiveRuleCache  : Active rule cache refreshed ruleCount=13
2026-10-01T10:43:44.059+05:30  INFO 10832 --- [fraud-engine-service] [scheduling-1] c.s.f.f.client.BlacklistCacheClient      : Fetching active blacklist from Rule Cache
2026-10-01T10:43:44.068+05:30  INFO 10832 --- [fraud-engine-service] [scheduling-1] c.s.f.f.client.BlacklistCacheClient      : Fetched 8 active blacklist entries from Rule Cache
2026-10-01T10:43:44.068+05:30  INFO 10832 --- [fraud-engine-service] [scheduling-1] c.s.f.f.cache.ActiveBlacklistCache       : Active blacklist cache refreshed entryCount=8
2026-10-01T10:43:45.348+05:30  INFO 10832 --- [fraud-engine-service] [scheduling-1] c.s.f.f.client.RuleCacheClient           : Fetching active rules from Rule Cache
2026-10-01T10:43:45.407+05:30  INFO 10832 --- [fraud-engine-service] [scheduling-1] c.s.f.f.client.RuleCacheClient           : Fetched 13 active rules from Rule Cache
2026-10-01T10:43:45.407+05:30  INFO 10832 --- [fraud-engine-service] [scheduling-1] c.s.f.fraudengine.cache.ActiveRuleCache  : Active rule cache refreshed ruleCount=13
2026-10-01T10:43:49.085+05:30  INFO 10832 --- [fraud-engine-service] [scheduling-1] c.s.f.f.client.BlacklistCacheClient      : Fetching active blacklist from Rule Cache
2026-10-01T10:43:49.091+05:30  INFO 10832 --- [fraud-engine-service] [scheduling-1] c.s.f.f.client.BlacklistCacheClient      : Fetched 8 active blacklist entries from Rule Cache
2026-10-01T10:43:49.091+05:30  INFO 10832 --- [fraud-engine-service] [scheduling-1] c.s.f.f.cache.ActiveBlacklistCache       : Active blacklist cache refreshed entryCount=8
2026-10-01T10:43:50.419+05:30  INFO 10832 --- [fraud-engine-service] [scheduling-1] c.s.f.f.client.RuleCacheClient           : Fetching active rules from Rule Cache
2026-10-01T10:43:50.425+05:30  INFO 10832 --- [fraud-engine-service] [scheduling-1] c.s.f.f.client.RuleCacheClient           : Fetched 13 active rules from Rule Cache
2026-10-01T10:43:50.425+05:30  INFO 10832 --- [fraud-engine-service] [scheduling-1] c.s.f.fraudengine.cache.ActiveRuleCache  : Active rule cache refreshed ruleCount=13
2026-10-01T10:43:54.102+05:30  INFO 10832 --- [fraud-engine-service] [scheduling-1] c.s.f.f.client.BlacklistCacheClient      : Fetching active blacklist from Rule Cache
2026-10-01T10:43:54.118+05:30  INFO 10832 --- [fraud-engine-service] [scheduling-1] c.s.f.f.client.BlacklistCacheClient      : Fetched 8 active blacklist entries from Rule Cache
2026-10-01T10:43:54.118+05:30  INFO 10832 --- [fraud-engine-service] [scheduling-1] c.s.f.f.cache.ActiveBlacklistCache       : Active blacklist cache refreshed entryCount=8
2026-10-01T10:43:55.447+05:30  INFO 10832 --- [fraud-engine-service] [scheduling-1] c.s.f.f.client.RuleCacheClient           : Fetching active rules from Rule Cache
2026-10-01T10:43:55.456+05:30  INFO 10832 --- [fraud-engine-service] [scheduling-1] c.s.f.f.client.RuleCacheClient           : Fetched 13 active rules from Rule Cache
2026-10-01T10:43:55.457+05:30  INFO 10832 --- [fraud-engine-service] [scheduling-1] c.s.f.fraudengine.cache.ActiveRuleCache  : Active rule cache refreshed ruleCount=13
2026-10-01T10:43:59.124+05:30  INFO 10832 --- [fraud-engine-service] [scheduling-1] c.s.f.f.client.BlacklistCacheClient      : Fetching active blacklist from Rule Cache
2026-10-01T10:43:59.133+05:30  INFO 10832 --- [fraud-engine-service] [scheduling-1] c.s.f.f.client.BlacklistCacheClient      : Fetched 8 active blacklist entries from Rule Cache
2026-10-01T10:43:59.136+05:30  INFO 10832 --- [fraud-engine-service] [scheduling-1] c.s.f.f.cache.ActiveBlacklistCache       : Active blacklist cache refreshed entryCount=8
2026-10-01T10:44:00.478+05:30  INFO 10832 --- [fraud-engine-service] [scheduling-1] c.s.f.f.client.RuleCacheClient           : Fetching active rules from Rule Cache
2026-10-01T10:44:00.492+05:30  INFO 10832 --- [fraud-engine-service] [scheduling-1] c.s.f.f.client.RuleCacheClient           : Fetched 13 active rules from Rule Cache
2026-10-01T10:44:00.492+05:30  INFO 10832 --- [fraud-engine-service] [scheduling-1] c.s.f.fraudengine.cache.ActiveRuleCache  : Active rule cache refreshed ruleCount=13
2026-10-01T10:44:04.143+05:30  INFO 10832 --- [fraud-engine-service] [scheduling-1] c.s.f.f.client.BlacklistCacheClient      : Fetching active blacklist from Rule Cache
2026-10-01T10:44:04.150+05:30  INFO 10832 --- [fraud-engine-service] [scheduling-1] c.s.f.f.client.BlacklistCacheClient      : Fetched 8 active blacklist entries from Rule Cache
2026-10-01T10:44:04.150+05:30  INFO 10832 --- [fraud-engine-service] [scheduling-1] c.s.f.f.cache.ActiveBlacklistCache       : Active blacklist cache refreshed entryCount=8
2026-10-01T10:44:05.499+05:30  INFO 10832 --- [fraud-engine-service] [scheduling-1] c.s.f.f.client.RuleCacheClient           : Fetching active rules from Rule Cache
2026-10-01T10:44:05.509+05:30  INFO 10832 --- [fraud-engine-service] [scheduling-1] c.s.f.f.client.RuleCacheClient           : Fetched 13 active rules from Rule Cache
2026-10-01T10:44:05.509+05:30  INFO 10832 --- [fraud-engine-service] [scheduling-1] c.s.f.fraudengine.cache.ActiveRuleCache  : Active rule cache refreshed ruleCount=13
2026-10-01T10:44:09.156+05:30  INFO 10832 --- [fraud-engine-service] [scheduling-1] c.s.f.f.client.BlacklistCacheClient      : Fetching active blacklist from Rule Cache
2026-10-01T10:44:09.163+05:30  INFO 10832 --- [fraud-engine-service] [scheduling-1] c.s.f.f.client.BlacklistCacheClient      : Fetched 8 active blacklist entries from Rule Cache
2026-10-01T10:44:09.163+05:30  INFO 10832 --- [fraud-engine-service] [scheduling-1] c.s.f.f.cache.ActiveBlacklistCache       : Active blacklist cache refreshed entryCount=8
2026-10-01T10:44:10.520+05:30  INFO 10832 --- [fraud-engine-service] [scheduling-1] c.s.f.f.client.RuleCacheClient           : Fetching active rules from Rule Cache
2026-10-01T10:44:10.520+05:30  INFO 10832 --- [fraud-engine-service] [scheduling-1] c.s.f.f.client.RuleCacheClient           : Fetched 13 active rules from Rule Cache
2026-10-01T10:44:10.520+05:30  INFO 10832 --- [fraud-engine-service] [scheduling-1] c.s.f.fraudengine.cache.ActiveRuleCache  : Active rule cache refreshed ruleCount=13
2026-10-01T10:44:14.174+05:30  INFO 10832 --- [fraud-engine-service] [scheduling-1] c.s.f.f.client.BlacklistCacheClient      : Fetching active blacklist from Rule Cache
2026-10-01T10:44:14.182+05:30  INFO 10832 --- [fraud-engine-service] [scheduling-1] c.s.f.f.client.BlacklistCacheClient      : Fetched 8 active blacklist entries from Rule Cache
2026-10-01T10:44:14.182+05:30  INFO 10832 --- [fraud-engine-service] [scheduling-1] c.s.f.f.cache.ActiveBlacklistCache       : Active blacklist cache refreshed entryCount=8
2026-10-01T10:44:15.561+05:30  INFO 10832 --- [fraud-engine-service] [scheduling-1] c.s.f.f.client.RuleCacheClient           : Fetching active rules from Rule Cache
2026-10-01T10:44:15.592+05:30  INFO 10832 --- [fraud-engine-service] [scheduling-1] c.s.f.f.client.RuleCacheClient           : Fetched 13 active rules from Rule Cache
2026-10-01T10:44:15.592+05:30  INFO 10832 --- [fraud-engine-service] [scheduling-1] c.s.f.fraudengine.cache.ActiveRuleCache  : Active rule cache refreshed ruleCount=13
2026-10-01T10:44:19.183+05:30  INFO 10832 --- [fraud-engine-service] [scheduling-1] c.s.f.f.client.BlacklistCacheClient      : Fetching active blacklist from Rule Cache
2026-10-01T10:44:19.194+05:30  INFO 10832 --- [fraud-engine-service] [scheduling-1] c.s.f.f.client.BlacklistCacheClient      : Fetched 8 active blacklist entries from Rule Cache
2026-10-01T10:44:19.194+05:30  INFO 10832 --- [fraud-engine-service] [scheduling-1] c.s.f.f.cache.ActiveBlacklistCache       : Active blacklist cache refreshed entryCount=8
2026-10-01T10:44:20.608+05:30  INFO 10832 --- [fraud-engine-service] [scheduling-1] c.s.f.f.client.RuleCacheClient           : Fetching active rules from Rule Cache
2026-10-01T10:44:20.608+05:30  INFO 10832 --- [fraud-engine-service] [scheduling-1] c.s.f.f.client.RuleCacheClient           : Fetched 13 active rules from Rule Cache
2026-10-01T10:44:20.608+05:30  INFO 10832 --- [fraud-engine-service] [scheduling-1] c.s.f.fraudengine.cache.ActiveRuleCache  : Active rule cache refreshed ruleCount=13
2026-10-01T10:44:24.203+05:30  INFO 10832 --- [fraud-engine-service] [scheduling-1] c.s.f.f.client.BlacklistCacheClient      : Fetching active blacklist from Rule Cache
2026-10-01T10:44:24.212+05:30  INFO 10832 --- [fraud-engine-service] [scheduling-1] c.s.f.f.client.BlacklistCacheClient      : Fetched 8 active blacklist entries from Rule Cache
2026-10-01T10:44:24.212+05:30  INFO 10832 --- [fraud-engine-service] [scheduling-1] c.s.f.f.cache.ActiveBlacklistCache       : Active blacklist cache refreshed entryCount=8
2026-10-01T10:44:25.632+05:30  INFO 10832 --- [fraud-engine-service] [scheduling-1] c.s.f.f.client.RuleCacheClient           : Fetching active rules from Rule Cache
2026-10-01T10:44:25.632+05:30  INFO 10832 --- [fraud-engine-service] [scheduling-1] c.s.f.f.client.RuleCacheClient           : Fetched 13 active rules from Rule Cache
2026-10-01T10:44:25.632+05:30  INFO 10832 --- [fraud-engine-service] [scheduling-1] c.s.f.fraudengine.cache.ActiveRuleCache  : Active rule cache refreshed ruleCount=13
2026-10-01T10:44:29.218+05:30  INFO 10832 --- [fraud-engine-service] [scheduling-1] c.s.f.f.client.BlacklistCacheClient      : Fetching active blacklist from Rule Cache
2026-10-01T10:44:29.226+05:30  INFO 10832 --- [fraud-engine-service] [scheduling-1] c.s.f.f.client.BlacklistCacheClient      : Fetched 8 active blacklist entries from Rule Cache
2026-10-01T10:44:29.226+05:30  INFO 10832 --- [fraud-engine-service] [scheduling-1] c.s.f.f.cache.ActiveBlacklistCache       : Active blacklist cache refreshed entryCount=8
2026-10-01T10:44:30.646+05:30  INFO 10832 --- [fraud-engine-service] [scheduling-1] c.s.f.f.client.RuleCacheClient           : Fetching active rules from Rule Cache
2026-10-01T10:44:30.659+05:30  INFO 10832 --- [fraud-engine-service] [scheduling-1] c.s.f.f.client.RuleCacheClient           : Fetched 13 active rules from Rule Cache
2026-10-01T10:44:30.659+05:30  INFO 10832 --- [fraud-engine-service] [scheduling-1] c.s.f.fraudengine.cache.ActiveRuleCache  : Active rule cache refreshed ruleCount=13
2026-10-01T10:44:34.236+05:30  INFO 10832 --- [fraud-engine-service] [scheduling-1] c.s.f.f.client.BlacklistCacheClient      : Fetching active blacklist from Rule Cache
2026-10-01T10:44:34.244+05:30  INFO 10832 --- [fraud-engine-service] [scheduling-1] c.s.f.f.client.BlacklistCacheClient      : Fetched 8 active blacklist entries from Rule Cache
2026-10-01T10:44:34.244+05:30  INFO 10832 --- [fraud-engine-service] [scheduling-1] c.s.f.f.cache.ActiveBlacklistCache       : Active blacklist cache refreshed entryCount=8
2026-10-01T10:44:35.675+05:30  INFO 10832 --- [fraud-engine-service] [scheduling-1] c.s.f.f.client.RuleCacheClient           : Fetching active rules from Rule Cache
2026-10-01T10:44:35.685+05:30  INFO 10832 --- [fraud-engine-service] [scheduling-1] c.s.f.f.client.RuleCacheClient           : Fetched 13 active rules from Rule Cache
2026-10-01T10:44:35.685+05:30  INFO 10832 --- [fraud-engine-service] [scheduling-1] c.s.f.fraudengine.cache.ActiveRuleCache  : Active rule cache refreshed ruleCount=13
2026-10-01T10:44:39.260+05:30  INFO 10832 --- [fraud-engine-service] [scheduling-1] c.s.f.f.client.BlacklistCacheClient      : Fetching active blacklist from Rule Cache
2026-10-01T10:44:39.269+05:30  INFO 10832 --- [fraud-engine-service] [scheduling-1] c.s.f.f.client.BlacklistCacheClient      : Fetched 8 active blacklist entries from Rule Cache
2026-10-01T10:44:39.269+05:30  INFO 10832 --- [fraud-engine-service] [scheduling-1] c.s.f.f.cache.ActiveBlacklistCache       : Active blacklist cache refreshed entryCount=8
2026-10-01T10:44:40.698+05:30  INFO 10832 --- [fraud-engine-service] [scheduling-1] c.s.f.f.client.RuleCacheClient           : Fetching active rules from Rule Cache
2026-10-01T10:44:40.702+05:30  INFO 10832 --- [fraud-engine-service] [scheduling-1] c.s.f.f.client.RuleCacheClient           : Fetched 13 active rules from Rule Cache
2026-10-01T10:44:40.702+05:30  INFO 10832 --- [fraud-engine-service] [scheduling-1] c.s.f.fraudengine.cache.ActiveRuleCache  : Active rule cache refreshed ruleCount=13
2026-10-01T10:44:44.271+05:30  INFO 10832 --- [fraud-engine-service] [scheduling-1] c.s.f.f.client.BlacklistCacheClient      : Fetching active blacklist from Rule Cache
2026-10-01T10:44:44.280+05:30  INFO 10832 --- [fraud-engine-service] [scheduling-1] c.s.f.f.client.BlacklistCacheClient      : Fetched 8 active blacklist entries from Rule Cache
2026-10-01T10:44:44.280+05:30  INFO 10832 --- [fraud-engine-service] [scheduling-1] c.s.f.f.cache.ActiveBlacklistCache       : Active blacklist cache refreshed entryCount=8
2026-10-01T10:44:45.727+05:30  INFO 10832 --- [fraud-engine-service] [scheduling-1] c.s.f.f.client.RuleCacheClient           : Fetching active rules from Rule Cache
2026-10-01T10:44:45.743+05:30  INFO 10832 --- [fraud-engine-service] [scheduling-1] c.s.f.f.client.RuleCacheClient           : Fetched 13 active rules from Rule Cache
2026-10-01T10:44:45.743+05:30  INFO 10832 --- [fraud-engine-service] [scheduling-1] c.s.f.fraudengine.cache.ActiveRuleCache  : Active rule cache refreshed ruleCount=13
2026-10-01T10:44:49.283+05:30  INFO 10832 --- [fraud-engine-service] [scheduling-1] c.s.f.f.client.BlacklistCacheClient      : Fetching active blacklist from Rule Cache
2026-10-01T10:44:49.291+05:30  INFO 10832 --- [fraud-engine-service] [scheduling-1] c.s.f.f.client.BlacklistCacheClient      : Fetched 8 active blacklist entries from Rule Cache
2026-10-01T10:44:49.291+05:30  INFO 10832 --- [fraud-engine-service] [scheduling-1] c.s.f.f.cache.ActiveBlacklistCache       : Active blacklist cache refreshed entryCount=8
2026-10-01T10:44:50.759+05:30  INFO 10832 --- [fraud-engine-service] [scheduling-1] c.s.f.f.client.RuleCacheClient           : Fetching active rules from Rule Cache
2026-10-01T10:44:50.769+05:30  INFO 10832 --- [fraud-engine-service] [scheduling-1] c.s.f.f.client.RuleCacheClient           : Fetched 13 active rules from Rule Cache
2026-10-01T10:44:50.769+05:30  INFO 10832 --- [fraud-engine-service] [scheduling-1] c.s.f.fraudengine.cache.ActiveRuleCache  : Active rule cache refreshed ruleCount=13
2026-10-01T10:44:54.306+05:30  INFO 10832 --- [fraud-engine-service] [scheduling-1] c.s.f.f.client.BlacklistCacheClient      : Fetching active blacklist from Rule Cache
2026-10-01T10:44:54.314+05:30  INFO 10832 --- [fraud-engine-service] [scheduling-1] c.s.f.f.client.BlacklistCacheClient      : Fetched 8 active blacklist entries from Rule Cache
2026-10-01T10:44:54.314+05:30  INFO 10832 --- [fraud-engine-service] [scheduling-1] c.s.f.f.cache.ActiveBlacklistCache       : Active blacklist cache refreshed entryCount=8
2026-10-01T10:44:55.785+05:30  INFO 10832 --- [fraud-engine-service] [scheduling-1] c.s.f.f.client.RuleCacheClient           : Fetching active rules from Rule Cache
2026-10-01T10:44:55.793+05:30  INFO 10832 --- [fraud-engine-service] [scheduling-1] c.s.f.f.client.RuleCacheClient           : Fetched 13 active rules from Rule Cache
2026-10-01T10:44:55.793+05:30  INFO 10832 --- [fraud-engine-service] [scheduling-1] c.s.f.fraudengine.cache.ActiveRuleCache  : Active rule cache refreshed ruleCount=13
2026-10-01T10:44:59.323+05:30  INFO 10832 --- [fraud-engine-service] [scheduling-1] c.s.f.f.client.BlacklistCacheClient      : Fetching active blacklist from Rule Cache
2026-10-01T10:44:59.331+05:30  INFO 10832 --- [fraud-engine-service] [scheduling-1] c.s.f.f.client.BlacklistCacheClient      : Fetched 8 active blacklist entries from Rule Cache
2026-10-01T10:44:59.331+05:30  INFO 10832 --- [fraud-engine-service] [scheduling-1] c.s.f.f.cache.ActiveBlacklistCache       : Active blacklist cache refreshed entryCount=8
2026-10-01T10:45:00.801+05:30  INFO 10832 --- [fraud-engine-service] [scheduling-1] c.s.f.f.client.RuleCacheClient           : Fetching active rules from Rule Cache
2026-10-01T10:45:00.815+05:30  INFO 10832 --- [fraud-engine-service] [scheduling-1] c.s.f.f.client.RuleCacheClient           : Fetched 13 active rules from Rule Cache
2026-10-01T10:45:00.815+05:30  INFO 10832 --- [fraud-engine-service] [scheduling-1] c.s.f.fraudengine.cache.ActiveRuleCache  : Active rule cache refreshed ruleCount=13
2026-10-01T10:45:04.334+05:30  INFO 10832 --- [fraud-engine-service] [scheduling-1] c.s.f.f.client.BlacklistCacheClient      : Fetching active blacklist from Rule Cache
2026-10-01T10:45:04.342+05:30  INFO 10832 --- [fraud-engine-service] [scheduling-1] c.s.f.f.client.BlacklistCacheClient      : Fetched 8 active blacklist entries from Rule Cache
2026-10-01T10:45:04.342+05:30  INFO 10832 --- [fraud-engine-service] [scheduling-1] c.s.f.f.cache.ActiveBlacklistCache       : Active blacklist cache refreshed entryCount=8
2026-10-01T10:45:05.816+05:30  INFO 10832 --- [fraud-engine-service] [scheduling-1] c.s.f.f.client.RuleCacheClient           : Fetching active rules from Rule Cache
2026-10-01T10:45:05.824+05:30  INFO 10832 --- [fraud-engine-service] [scheduling-1] c.s.f.f.client.RuleCacheClient           : Fetched 13 active rules from Rule Cache
2026-10-01T10:45:05.824+05:30  INFO 10832 --- [fraud-engine-service] [scheduling-1] c.s.f.fraudengine.cache.ActiveRuleCache  : Active rule cache refreshed ruleCount=13
2026-10-01T10:45:09.346+05:30  INFO 10832 --- [fraud-engine-service] [scheduling-1] c.s.f.f.client.BlacklistCacheClient      : Fetching active blacklist from Rule Cache
2026-10-01T10:45:09.355+05:30  INFO 10832 --- [fraud-engine-service] [scheduling-1] c.s.f.f.client.BlacklistCacheClient      : Fetched 8 active blacklist entries from Rule Cache
2026-10-01T10:45:09.355+05:30  INFO 10832 --- [fraud-engine-service] [scheduling-1] c.s.f.f.cache.ActiveBlacklistCache       : Active blacklist cache refreshed entryCount=8
2026-10-01T10:45:10.833+05:30  INFO 10832 --- [fraud-engine-service] [scheduling-1] c.s.f.f.client.RuleCacheClient           : Fetching active rules from Rule Cache
2026-10-01T10:45:10.835+05:30  INFO 10832 --- [fraud-engine-service] [scheduling-1] c.s.f.f.client.RuleCacheClient           : Fetched 13 active rules from Rule Cache
2026-10-01T10:45:10.835+05:30  INFO 10832 --- [fraud-engine-service] [scheduling-1] c.s.f.fraudengine.cache.ActiveRuleCache  : Active rule cache refreshed ruleCount=13
2026-10-01T10:45:14.359+05:30  INFO 10832 --- [fraud-engine-service] [scheduling-1] c.s.f.f.client.BlacklistCacheClient      : Fetching active blacklist from Rule Cache
2026-10-01T10:45:14.362+05:30  INFO 10832 --- [fraud-engine-service] [scheduling-1] c.s.f.f.client.BlacklistCacheClient      : Fetched 8 active blacklist entries from Rule Cache
2026-10-01T10:45:14.362+05:30  INFO 10832 --- [fraud-engine-service] [scheduling-1] c.s.f.f.cache.ActiveBlacklistCache       : Active blacklist cache refreshed entryCount=8
2026-10-01T10:45:15.850+05:30  INFO 10832 --- [fraud-engine-service] [scheduling-1] c.s.f.f.client.RuleCacheClient           : Fetching active rules from Rule Cache
2026-10-01T10:45:15.867+05:30  INFO 10832 --- [fraud-engine-service] [scheduling-1] c.s.f.f.client.RuleCacheClient           : Fetched 13 active rules from Rule Cache
2026-10-01T10:45:15.867+05:30  INFO 10832 --- [fraud-engine-service] [scheduling-1] c.s.f.fraudengine.cache.ActiveRuleCache  : Active rule cache refreshed ruleCount=13
2026-10-01T10:45:19.377+05:30  INFO 10832 --- [fraud-engine-service] [scheduling-1] c.s.f.f.client.BlacklistCacheClient      : Fetching active blacklist from Rule Cache
2026-10-01T10:45:19.390+05:30  INFO 10832 --- [fraud-engine-service] [scheduling-1] c.s.f.f.client.BlacklistCacheClient      : Fetched 8 active blacklist entries from Rule Cache
2026-10-01T10:45:19.390+05:30  INFO 10832 --- [fraud-engine-service] [scheduling-1] c.s.f.f.cache.ActiveBlacklistCache       : Active blacklist cache refreshed entryCount=8
2026-10-01T10:45:20.869+05:30  INFO 10832 --- [fraud-engine-service] [scheduling-1] c.s.f.f.client.RuleCacheClient           : Fetching active rules from Rule Cache
2026-10-01T10:45:20.878+05:30  INFO 10832 --- [fraud-engine-service] [scheduling-1] c.s.f.f.client.RuleCacheClient           : Fetched 13 active rules from Rule Cache
2026-10-01T10:45:20.878+05:30  INFO 10832 --- [fraud-engine-service] [scheduling-1] c.s.f.fraudengine.cache.ActiveRuleCache  : Active rule cache refreshed ruleCount=13
2026-10-01T10:45:24.398+05:30  INFO 10832 --- [fraud-engine-service] [scheduling-1] c.s.f.f.client.BlacklistCacheClient      : Fetching active blacklist from Rule Cache
2026-10-01T10:45:24.406+05:30  INFO 10832 --- [fraud-engine-service] [scheduling-1] c.s.f.f.client.BlacklistCacheClient      : Fetched 8 active blacklist entries from Rule Cache
2026-10-01T10:45:24.406+05:30  INFO 10832 --- [fraud-engine-service] [scheduling-1] c.s.f.f.cache.ActiveBlacklistCache       : Active blacklist cache refreshed entryCount=8
2026-10-01T10:45:25.883+05:30  INFO 10832 --- [fraud-engine-service] [scheduling-1] c.s.f.f.client.RuleCacheClient           : Fetching active rules from Rule Cache
2026-10-01T10:45:25.892+05:30  INFO 10832 --- [fraud-engine-service] [scheduling-1] c.s.f.f.client.RuleCacheClient           : Fetched 13 active rules from Rule Cache
2026-10-01T10:45:25.892+05:30  INFO 10832 --- [fraud-engine-service] [scheduling-1] c.s.f.fraudengine.cache.ActiveRuleCache  : Active rule cache refreshed ruleCount=13
2026-10-01T10:45:29.409+05:30  INFO 10832 --- [fraud-engine-service] [scheduling-1] c.s.f.f.client.BlacklistCacheClient      : Fetching active blacklist from Rule Cache
2026-10-01T10:45:29.419+05:30  INFO 10832 --- [fraud-engine-service] [scheduling-1] c.s.f.f.client.BlacklistCacheClient      : Fetched 8 active blacklist entries from Rule Cache
2026-10-01T10:45:29.419+05:30  INFO 10832 --- [fraud-engine-service] [scheduling-1] c.s.f.f.cache.ActiveBlacklistCache       : Active blacklist cache refreshed entryCount=8
2026-10-01T10:45:30.898+05:30  INFO 10832 --- [fraud-engine-service] [scheduling-1] c.s.f.f.client.RuleCacheClient           : Fetching active rules from Rule Cache
2026-10-01T10:45:30.919+05:30  INFO 10832 --- [fraud-engine-service] [scheduling-1] c.s.f.f.client.RuleCacheClient           : Fetched 13 active rules from Rule Cache
2026-10-01T10:45:30.919+05:30  INFO 10832 --- [fraud-engine-service] [scheduling-1] c.s.f.fraudengine.cache.ActiveRuleCache  : Active rule cache refreshed ruleCount=13
2026-10-01T10:45:34.422+05:30  INFO 10832 --- [fraud-engine-service] [scheduling-1] c.s.f.f.client.BlacklistCacheClient      : Fetching active blacklist from Rule Cache
2026-10-01T10:45:34.442+05:30  INFO 10832 --- [fraud-engine-service] [scheduling-1] c.s.f.f.client.BlacklistCacheClient      : Fetched 8 active blacklist entries from Rule Cache
2026-10-01T10:45:34.442+05:30  INFO 10832 --- [fraud-engine-service] [scheduling-1] c.s.f.f.cache.ActiveBlacklistCache       : Active blacklist cache refreshed entryCount=8
2026-10-01T10:45:35.933+05:30  INFO 10832 --- [fraud-engine-service] [scheduling-1] c.s.f.f.client.RuleCacheClient           : Fetching active rules from Rule Cache
2026-10-01T10:45:35.946+05:30  INFO 10832 --- [fraud-engine-service] [scheduling-1] c.s.f.f.client.RuleCacheClient           : Fetched 13 active rules from Rule Cache
2026-10-01T10:45:35.946+05:30  INFO 10832 --- [fraud-engine-service] [scheduling-1] c.s.f.fraudengine.cache.ActiveRuleCache  : Active rule cache refreshed ruleCount=13
2026-10-01T10:45:39.448+05:30  INFO 10832 --- [fraud-engine-service] [scheduling-1] c.s.f.f.client.BlacklistCacheClient      : Fetching active blacklist from Rule Cache
2026-10-01T10:45:39.456+05:30  INFO 10832 --- [fraud-engine-service] [scheduling-1] c.s.f.f.client.BlacklistCacheClient      : Fetched 8 active blacklist entries from Rule Cache
2026-10-01T10:45:39.456+05:30  INFO 10832 --- [fraud-engine-service] [scheduling-1] c.s.f.f.cache.ActiveBlacklistCache       : Active blacklist cache refreshed entryCount=8
2026-10-01T10:45:40.951+05:30  INFO 10832 --- [fraud-engine-service] [scheduling-1] c.s.f.f.client.RuleCacheClient           : Fetching active rules from Rule Cache
2026-10-01T10:45:40.957+05:30  INFO 10832 --- [fraud-engine-service] [scheduling-1] c.s.f.f.client.RuleCacheClient           : Fetched 13 active rules from Rule Cache
2026-10-01T10:45:40.957+05:30  INFO 10832 --- [fraud-engine-service] [scheduling-1] c.s.f.fraudengine.cache.ActiveRuleCache  : Active rule cache refreshed ruleCount=13
2026-10-01T10:45:44.462+05:30  INFO 10832 --- [fraud-engine-service] [scheduling-1] c.s.f.f.client.BlacklistCacheClient      : Fetching active blacklist from Rule Cache
2026-10-01T10:45:44.471+05:30  INFO 10832 --- [fraud-engine-service] [scheduling-1] c.s.f.f.client.BlacklistCacheClient      : Fetched 8 active blacklist entries from Rule Cache
2026-10-01T10:45:44.471+05:30  INFO 10832 --- [fraud-engine-service] [scheduling-1] c.s.f.f.cache.ActiveBlacklistCache       : Active blacklist cache refreshed entryCount=8
2026-10-01T10:45:45.970+05:30  INFO 10832 --- [fraud-engine-service] [scheduling-1] c.s.f.f.client.RuleCacheClient           : Fetching active rules from Rule Cache
2026-10-01T10:45:45.995+05:30  INFO 10832 --- [fraud-engine-service] [scheduling-1] c.s.f.f.client.RuleCacheClient           : Fetched 13 active rules from Rule Cache
2026-10-01T10:45:45.995+05:30  INFO 10832 --- [fraud-engine-service] [scheduling-1] c.s.f.fraudengine.cache.ActiveRuleCache  : Active rule cache refreshed ruleCount=13
2026-10-01T10:45:46.346+05:30  INFO 10832 --- [fraud-engine-service] [AsyncResolver-bootstrap-executor-%d] c.n.d.s.r.aws.ConfigClusterResolver      : Resolving eureka endpoints via configuration
2026-10-01T10:45:49.474+05:30  INFO 10832 --- [fraud-engine-service] [scheduling-1] c.s.f.f.client.BlacklistCacheClient      : Fetching active blacklist from Rule Cache
2026-10-01T10:45:49.481+05:30  INFO 10832 --- [fraud-engine-service] [scheduling-1] c.s.f.f.client.BlacklistCacheClient      : Fetched 8 active blacklist entries from Rule Cache
2026-10-01T10:45:49.481+05:30  INFO 10832 --- [fraud-engine-service] [scheduling-1] c.s.f.f.cache.ActiveBlacklistCache       : Active blacklist cache refreshed entryCount=8
2026-10-01T10:45:51.000+05:30  INFO 10832 --- [fraud-engine-service] [scheduling-1] c.s.f.f.client.RuleCacheClient           : Fetching active rules from Rule Cache
2026-10-01T10:45:51.008+05:30  INFO 10832 --- [fraud-engine-service] [scheduling-1] c.s.f.f.client.RuleCacheClient           : Fetched 13 active rules from Rule Cache
2026-10-01T10:45:51.008+05:30  INFO 10832 --- [fraud-engine-service] [scheduling-1] c.s.f.fraudengine.cache.ActiveRuleCache  : Active rule cache refreshed ruleCount=13
2026-10-01T10:45:54.487+05:30  INFO 10832 --- [fraud-engine-service] [scheduling-1] c.s.f.f.client.BlacklistCacheClient      : Fetching active blacklist from Rule Cache
2026-10-01T10:45:54.497+05:30  INFO 10832 --- [fraud-engine-service] [scheduling-1] c.s.f.f.client.BlacklistCacheClient      : Fetched 8 active blacklist entries from Rule Cache
2026-10-01T10:45:54.497+05:30  INFO 10832 --- [fraud-engine-service] [scheduling-1] c.s.f.f.cache.ActiveBlacklistCache       : Active blacklist cache refreshed entryCount=8
2026-10-01T10:45:56.022+05:30  INFO 10832 --- [fraud-engine-service] [scheduling-1] c.s.f.f.client.RuleCacheClient           : Fetching active rules from Rule Cache
2026-10-01T10:45:56.032+05:30  INFO 10832 --- [fraud-engine-service] [scheduling-1] c.s.f.f.client.RuleCacheClient           : Fetched 13 active rules from Rule Cache
2026-10-01T10:45:56.032+05:30  INFO 10832 --- [fraud-engine-service] [scheduling-1] c.s.f.fraudengine.cache.ActiveRuleCache  : Active rule cache refreshed ruleCount=13
2026-10-01T10:45:59.503+05:30  INFO 10832 --- [fraud-engine-service] [scheduling-1] c.s.f.f.client.BlacklistCacheClient      : Fetching active blacklist from Rule Cache
2026-10-01T10:45:59.515+05:30  INFO 10832 --- [fraud-engine-service] [scheduling-1] c.s.f.f.client.BlacklistCacheClient      : Fetched 8 active blacklist entries from Rule Cache
2026-10-01T10:45:59.515+05:30  INFO 10832 --- [fraud-engine-service] [scheduling-1] c.s.f.f.cache.ActiveBlacklistCache       : Active blacklist cache refreshed entryCount=8
2026-10-01T10:46:01.037+05:30  INFO 10832 --- [fraud-engine-service] [scheduling-1] c.s.f.f.client.RuleCacheClient           : Fetching active rules from Rule Cache
2026-10-01T10:46:01.060+05:30  INFO 10832 --- [fraud-engine-service] [scheduling-1] c.s.f.f.client.RuleCacheClient           : Fetched 13 active rules from Rule Cache
2026-10-01T10:46:01.060+05:30  INFO 10832 --- [fraud-engine-service] [scheduling-1] c.s.f.fraudengine.cache.ActiveRuleCache  : Active rule cache refreshed ruleCount=13
2026-10-01T10:46:04.526+05:30  INFO 10832 --- [fraud-engine-service] [scheduling-1] c.s.f.f.client.BlacklistCacheClient      : Fetching active blacklist from Rule Cache
2026-10-01T10:46:04.534+05:30  INFO 10832 --- [fraud-engine-service] [scheduling-1] c.s.f.f.client.BlacklistCacheClient      : Fetched 8 active blacklist entries from Rule Cache
2026-10-01T10:46:04.534+05:30  INFO 10832 --- [fraud-engine-service] [scheduling-1] c.s.f.f.cache.ActiveBlacklistCache       : Active blacklist cache refreshed entryCount=8
2026-10-01T10:46:06.064+05:30  INFO 10832 --- [fraud-engine-service] [scheduling-1] c.s.f.f.client.RuleCacheClient           : Fetching active rules from Rule Cache
2026-10-01T10:46:06.074+05:30  INFO 10832 --- [fraud-engine-service] [scheduling-1] c.s.f.f.client.RuleCacheClient           : Fetched 13 active rules from Rule Cache
2026-10-01T10:46:06.074+05:30  INFO 10832 --- [fraud-engine-service] [scheduling-1] c.s.f.fraudengine.cache.ActiveRuleCache  : Active rule cache refreshed ruleCount=13
2026-10-01T10:46:09.544+05:30  INFO 10832 --- [fraud-engine-service] [scheduling-1] c.s.f.f.client.BlacklistCacheClient      : Fetching active blacklist from Rule Cache
2026-10-01T10:46:09.554+05:30  INFO 10832 --- [fraud-engine-service] [scheduling-1] c.s.f.f.client.BlacklistCacheClient      : Fetched 8 active blacklist entries from Rule Cache
2026-10-01T10:46:09.554+05:30  INFO 10832 --- [fraud-engine-service] [scheduling-1] c.s.f.f.cache.ActiveBlacklistCache       : Active blacklist cache refreshed entryCount=8
2026-10-01T10:46:11.076+05:30  INFO 10832 --- [fraud-engine-service] [scheduling-1] c.s.f.f.client.RuleCacheClient           : Fetching active rules from Rule Cache
2026-10-01T10:46:11.088+05:30  INFO 10832 --- [fraud-engine-service] [scheduling-1] c.s.f.f.client.RuleCacheClient           : Fetched 13 active rules from Rule Cache
2026-10-01T10:46:11.088+05:30  INFO 10832 --- [fraud-engine-service] [scheduling-1] c.s.f.fraudengine.cache.ActiveRuleCache  : Active rule cache refreshed ruleCount=13
2026-10-01T10:46:14.564+05:30  INFO 10832 --- [fraud-engine-service] [scheduling-1] c.s.f.f.client.BlacklistCacheClient      : Fetching active blacklist from Rule Cache
2026-10-01T10:46:14.574+05:30  INFO 10832 --- [fraud-engine-service] [scheduling-1] c.s.f.f.client.BlacklistCacheClient      : Fetched 8 active blacklist entries from Rule Cache
2026-10-01T10:46:14.574+05:30  INFO 10832 --- [fraud-engine-service] [scheduling-1] c.s.f.f.cache.ActiveBlacklistCache       : Active blacklist cache refreshed entryCount=8
2026-10-01T10:46:16.096+05:30  INFO 10832 --- [fraud-engine-service] [scheduling-1] c.s.f.f.client.RuleCacheClient           : Fetching active rules from Rule Cache
2026-10-01T10:46:16.115+05:30  INFO 10832 --- [fraud-engine-service] [scheduling-1] c.s.f.f.client.RuleCacheClient           : Fetched 13 active rules from Rule Cache
2026-10-01T10:46:16.117+05:30  INFO 10832 --- [fraud-engine-service] [scheduling-1] c.s.f.fraudengine.cache.ActiveRuleCache  : Active rule cache refreshed ruleCount=13
2026-10-01T10:46:19.581+05:30  INFO 10832 --- [fraud-engine-service] [scheduling-1] c.s.f.f.client.BlacklistCacheClient      : Fetching active blacklist from Rule Cache
2026-10-01T10:46:19.591+05:30  INFO 10832 --- [fraud-engine-service] [scheduling-1] c.s.f.f.client.BlacklistCacheClient      : Fetched 8 active blacklist entries from Rule Cache
2026-10-01T10:46:19.591+05:30  INFO 10832 --- [fraud-engine-service] [scheduling-1] c.s.f.f.cache.ActiveBlacklistCache       : Active blacklist cache refreshed entryCount=8
2026-10-01T10:46:21.131+05:30  INFO 10832 --- [fraud-engine-service] [scheduling-1] c.s.f.f.client.RuleCacheClient           : Fetching active rules from Rule Cache
2026-10-01T10:46:21.133+05:30  INFO 10832 --- [fraud-engine-service] [scheduling-1] c.s.f.f.client.RuleCacheClient           : Fetched 13 active rules from Rule Cache
2026-10-01T10:46:21.133+05:30  INFO 10832 --- [fraud-engine-service] [scheduling-1] c.s.f.fraudengine.cache.ActiveRuleCache  : Active rule cache refreshed ruleCount=13
2026-10-01T10:46:24.608+05:30  INFO 10832 --- [fraud-engine-service] [scheduling-1] c.s.f.f.client.BlacklistCacheClient      : Fetching active blacklist from Rule Cache
2026-10-01T10:46:24.611+05:30  INFO 10832 --- [fraud-engine-service] [scheduling-1] c.s.f.f.client.BlacklistCacheClient      : Fetched 8 active blacklist entries from Rule Cache
2026-10-01T10:46:24.611+05:30  INFO 10832 --- [fraud-engine-service] [scheduling-1] c.s.f.f.cache.ActiveBlacklistCache       : Active blacklist cache refreshed entryCount=8
2026-10-01T10:46:26.145+05:30  INFO 10832 --- [fraud-engine-service] [scheduling-1] c.s.f.f.client.RuleCacheClient           : Fetching active rules from Rule Cache
2026-10-01T10:46:26.154+05:30  INFO 10832 --- [fraud-engine-service] [scheduling-1] c.s.f.f.client.RuleCacheClient           : Fetched 13 active rules from Rule Cache
2026-10-01T10:46:26.154+05:30  INFO 10832 --- [fraud-engine-service] [scheduling-1] c.s.f.fraudengine.cache.ActiveRuleCache  : Active rule cache refreshed ruleCount=13
2026-10-01T10:46:29.626+05:30  INFO 10832 --- [fraud-engine-service] [scheduling-1] c.s.f.f.client.BlacklistCacheClient      : Fetching active blacklist from Rule Cache
2026-10-01T10:46:29.635+05:30  INFO 10832 --- [fraud-engine-service] [scheduling-1] c.s.f.f.client.BlacklistCacheClient      : Fetched 8 active blacklist entries from Rule Cache
2026-10-01T10:46:29.635+05:30  INFO 10832 --- [fraud-engine-service] [scheduling-1] c.s.f.f.cache.ActiveBlacklistCache       : Active blacklist cache refreshed entryCount=8
2026-10-01T10:46:31.163+05:30  INFO 10832 --- [fraud-engine-service] [scheduling-1] c.s.f.f.client.RuleCacheClient           : Fetching active rules from Rule Cache
2026-10-01T10:46:31.202+05:30  INFO 10832 --- [fraud-engine-service] [scheduling-1] c.s.f.f.client.RuleCacheClient           : Fetched 13 active rules from Rule Cache
2026-10-01T10:46:31.202+05:30  INFO 10832 --- [fraud-engine-service] [scheduling-1] c.s.f.fraudengine.cache.ActiveRuleCache  : Active rule cache refreshed ruleCount=13
2026-10-01T10:46:34.640+05:30  INFO 10832 --- [fraud-engine-service] [scheduling-1] c.s.f.f.client.BlacklistCacheClient      : Fetching active blacklist from Rule Cache
2026-10-01T10:46:34.649+05:30  INFO 10832 --- [fraud-engine-service] [scheduling-1] c.s.f.f.client.BlacklistCacheClient      : Fetched 8 active blacklist entries from Rule Cache
2026-10-01T10:46:34.649+05:30  INFO 10832 --- [fraud-engine-service] [scheduling-1] c.s.f.f.cache.ActiveBlacklistCache       : Active blacklist cache refreshed entryCount=8
2026-10-01T10:46:36.205+05:30  INFO 10832 --- [fraud-engine-service] [scheduling-1] c.s.f.f.client.RuleCacheClient           : Fetching active rules from Rule Cache
2026-10-01T10:46:36.214+05:30  INFO 10832 --- [fraud-engine-service] [scheduling-1] c.s.f.f.client.RuleCacheClient           : Fetched 13 active rules from Rule Cache
2026-10-01T10:46:36.214+05:30  INFO 10832 --- [fraud-engine-service] [scheduling-1] c.s.f.fraudengine.cache.ActiveRuleCache  : Active rule cache refreshed ruleCount=13
2026-10-01T10:46:39.654+05:30  INFO 10832 --- [fraud-engine-service] [scheduling-1] c.s.f.f.client.BlacklistCacheClient      : Fetching active blacklist from Rule Cache
2026-10-01T10:46:39.663+05:30  INFO 10832 --- [fraud-engine-service] [scheduling-1] c.s.f.f.client.BlacklistCacheClient      : Fetched 8 active blacklist entries from Rule Cache
2026-10-01T10:46:39.663+05:30  INFO 10832 --- [fraud-engine-service] [scheduling-1] c.s.f.f.cache.ActiveBlacklistCache       : Active blacklist cache refreshed entryCount=8
2026-10-01T10:46:41.221+05:30  INFO 10832 --- [fraud-engine-service] [scheduling-1] c.s.f.f.client.RuleCacheClient           : Fetching active rules from Rule Cache
2026-10-01T10:46:41.232+05:30  INFO 10832 --- [fraud-engine-service] [scheduling-1] c.s.f.f.client.RuleCacheClient           : Fetched 13 active rules from Rule Cache
2026-10-01T10:46:41.232+05:30  INFO 10832 --- [fraud-engine-service] [scheduling-1] c.s.f.fraudengine.cache.ActiveRuleCache  : Active rule cache refreshed ruleCount=13
2026-10-01T10:46:44.674+05:30  INFO 10832 --- [fraud-engine-service] [scheduling-1] c.s.f.f.client.BlacklistCacheClient      : Fetching active blacklist from Rule Cache
2026-10-01T10:46:44.682+05:30  INFO 10832 --- [fraud-engine-service] [scheduling-1] c.s.f.f.client.BlacklistCacheClient      : Fetched 8 active blacklist entries from Rule Cache
2026-10-01T10:46:44.682+05:30  INFO 10832 --- [fraud-engine-service] [scheduling-1] c.s.f.f.cache.ActiveBlacklistCache       : Active blacklist cache refreshed entryCount=8
2026-10-01T10:46:46.234+05:30  INFO 10832 --- [fraud-engine-service] [scheduling-1] c.s.f.f.client.RuleCacheClient           : Fetching active rules from Rule Cache
2026-10-01T10:46:46.247+05:30  INFO 10832 --- [fraud-engine-service] [scheduling-1] c.s.f.f.client.RuleCacheClient           : Fetched 13 active rules from Rule Cache
2026-10-01T10:46:46.247+05:30  INFO 10832 --- [fraud-engine-service] [scheduling-1] c.s.f.fraudengine.cache.ActiveRuleCache  : Active rule cache refreshed ruleCount=13
2026-10-01T10:46:49.690+05:30  INFO 10832 --- [fraud-engine-service] [scheduling-1] c.s.f.f.client.BlacklistCacheClient      : Fetching active blacklist from Rule Cache
2026-10-01T10:46:49.699+05:30  INFO 10832 --- [fraud-engine-service] [scheduling-1] c.s.f.f.client.BlacklistCacheClient      : Fetched 8 active blacklist entries from Rule Cache
2026-10-01T10:46:49.699+05:30  INFO 10832 --- [fraud-engine-service] [scheduling-1] c.s.f.f.cache.ActiveBlacklistCache       : Active blacklist cache refreshed entryCount=8
2026-10-01T10:46:51.251+05:30  INFO 10832 --- [fraud-engine-service] [scheduling-1] c.s.f.f.client.RuleCacheClient           : Fetching active rules from Rule Cache
2026-10-01T10:46:51.255+05:30  INFO 10832 --- [fraud-engine-service] [scheduling-1] c.s.f.f.client.RuleCacheClient           : Fetched 13 active rules from Rule Cache
2026-10-01T10:46:51.255+05:30  INFO 10832 --- [fraud-engine-service] [scheduling-1] c.s.f.fraudengine.cache.ActiveRuleCache  : Active rule cache refreshed ruleCount=13
2026-10-01T10:46:54.706+05:30  INFO 10832 --- [fraud-engine-service] [scheduling-1] c.s.f.f.client.BlacklistCacheClient      : Fetching active blacklist from Rule Cache
2026-10-01T10:46:54.715+05:30  INFO 10832 --- [fraud-engine-service] [scheduling-1] c.s.f.f.client.BlacklistCacheClient      : Fetched 8 active blacklist entries from Rule Cache
2026-10-01T10:46:54.715+05:30  INFO 10832 --- [fraud-engine-service] [scheduling-1] c.s.f.f.cache.ActiveBlacklistCache       : Active blacklist cache refreshed entryCount=8
2026-10-01T10:46:56.262+05:30  INFO 10832 --- [fraud-engine-service] [scheduling-1] c.s.f.f.client.RuleCacheClient           : Fetching active rules from Rule Cache
2026-10-01T10:46:56.268+05:30  INFO 10832 --- [fraud-engine-service] [scheduling-1] c.s.f.f.client.RuleCacheClient           : Fetched 13 active rules from Rule Cache
2026-10-01T10:46:56.268+05:30  INFO 10832 --- [fraud-engine-service] [scheduling-1] c.s.f.fraudengine.cache.ActiveRuleCache  : Active rule cache refreshed ruleCount=13
2026-10-01T10:46:59.727+05:30  INFO 10832 --- [fraud-engine-service] [scheduling-1] c.s.f.f.client.BlacklistCacheClient      : Fetching active blacklist from Rule Cache
2026-10-01T10:46:59.733+05:30  INFO 10832 --- [fraud-engine-service] [scheduling-1] c.s.f.f.client.BlacklistCacheClient      : Fetched 8 active blacklist entries from Rule Cache
2026-10-01T10:46:59.733+05:30  INFO 10832 --- [fraud-engine-service] [scheduling-1] c.s.f.f.cache.ActiveBlacklistCache       : Active blacklist cache refreshed entryCount=8
2026-10-01T10:47:01.278+05:30  INFO 10832 --- [fraud-engine-service] [scheduling-1] c.s.f.f.client.RuleCacheClient           : Fetching active rules from Rule Cache
2026-10-01T10:47:01.300+05:30  INFO 10832 --- [fraud-engine-service] [scheduling-1] c.s.f.f.client.RuleCacheClient           : Fetched 13 active rules from Rule Cache
2026-10-01T10:47:01.302+05:30  INFO 10832 --- [fraud-engine-service] [scheduling-1] c.s.f.fraudengine.cache.ActiveRuleCache  : Active rule cache refreshed ruleCount=13
2026-10-01T10:47:04.749+05:30  INFO 10832 --- [fraud-engine-service] [scheduling-1] c.s.f.f.client.BlacklistCacheClient      : Fetching active blacklist from Rule Cache
2026-10-01T10:47:04.757+05:30  INFO 10832 --- [fraud-engine-service] [scheduling-1] c.s.f.f.client.BlacklistCacheClient      : Fetched 8 active blacklist entries from Rule Cache
2026-10-01T10:47:04.757+05:30  INFO 10832 --- [fraud-engine-service] [scheduling-1] c.s.f.f.cache.ActiveBlacklistCache       : Active blacklist cache refreshed entryCount=8
2026-10-01T10:47:06.317+05:30  INFO 10832 --- [fraud-engine-service] [scheduling-1] c.s.f.f.client.RuleCacheClient           : Fetching active rules from Rule Cache
2026-10-01T10:47:06.324+05:30  INFO 10832 --- [fraud-engine-service] [scheduling-1] c.s.f.f.client.RuleCacheClient           : Fetched 13 active rules from Rule Cache
2026-10-01T10:47:06.324+05:30  INFO 10832 --- [fraud-engine-service] [scheduling-1] c.s.f.fraudengine.cache.ActiveRuleCache  : Active rule cache refreshed ruleCount=13
2026-10-01T10:47:09.766+05:30  INFO 10832 --- [fraud-engine-service] [scheduling-1] c.s.f.f.client.BlacklistCacheClient      : Fetching active blacklist from Rule Cache
2026-10-01T10:47:09.778+05:30  INFO 10832 --- [fraud-engine-service] [scheduling-1] c.s.f.f.client.BlacklistCacheClient      : Fetched 8 active blacklist entries from Rule Cache
2026-10-01T10:47:09.778+05:30  INFO 10832 --- [fraud-engine-service] [scheduling-1] c.s.f.f.cache.ActiveBlacklistCache       : Active blacklist cache refreshed entryCount=8
2026-10-01T10:47:11.338+05:30  INFO 10832 --- [fraud-engine-service] [scheduling-1] c.s.f.f.client.RuleCacheClient           : Fetching active rules from Rule Cache
2026-10-01T10:47:11.365+05:30  INFO 10832 --- [fraud-engine-service] [scheduling-1] c.s.f.f.client.RuleCacheClient           : Fetched 13 active rules from Rule Cache
2026-10-01T10:47:11.365+05:30  INFO 10832 --- [fraud-engine-service] [scheduling-1] c.s.f.fraudengine.cache.ActiveRuleCache  : Active rule cache refreshed ruleCount=13
2026-10-01T10:47:14.782+05:30  INFO 10832 --- [fraud-engine-service] [scheduling-1] c.s.f.f.client.BlacklistCacheClient      : Fetching active blacklist from Rule Cache
2026-10-01T10:47:14.793+05:30  INFO 10832 --- [fraud-engine-service] [scheduling-1] c.s.f.f.client.BlacklistCacheClient      : Fetched 8 active blacklist entries from Rule Cache
2026-10-01T10:47:14.793+05:30  INFO 10832 --- [fraud-engine-service] [scheduling-1] c.s.f.f.cache.ActiveBlacklistCache       : Active blacklist cache refreshed entryCount=8
2026-10-01T10:47:16.377+05:30  INFO 10832 --- [fraud-engine-service] [scheduling-1] c.s.f.f.client.RuleCacheClient           : Fetching active rules from Rule Cache
2026-10-01T10:47:16.415+05:30  INFO 10832 --- [fraud-engine-service] [scheduling-1] c.s.f.f.client.RuleCacheClient           : Fetched 13 active rules from Rule Cache
2026-10-01T10:47:16.415+05:30  INFO 10832 --- [fraud-engine-service] [scheduling-1] c.s.f.fraudengine.cache.ActiveRuleCache  : Active rule cache refreshed ruleCount=13
2026-10-01T10:47:19.803+05:30  INFO 10832 --- [fraud-engine-service] [scheduling-1] c.s.f.f.client.BlacklistCacheClient      : Fetching active blacklist from Rule Cache
2026-10-01T10:47:19.819+05:30  INFO 10832 --- [fraud-engine-service] [scheduling-1] c.s.f.f.client.BlacklistCacheClient      : Fetched 8 active blacklist entries from Rule Cache
2026-10-01T10:47:19.819+05:30  INFO 10832 --- [fraud-engine-service] [scheduling-1] c.s.f.f.cache.ActiveBlacklistCache       : Active blacklist cache refreshed entryCount=8
2026-10-01T10:47:21.429+05:30  INFO 10832 --- [fraud-engine-service] [scheduling-1] c.s.f.f.client.RuleCacheClient           : Fetching active rules from Rule Cache
2026-10-01T10:47:21.429+05:30  INFO 10832 --- [fraud-engine-service] [scheduling-1] c.s.f.f.client.RuleCacheClient           : Fetched 13 active rules from Rule Cache
2026-10-01T10:47:21.429+05:30  INFO 10832 --- [fraud-engine-service] [scheduling-1] c.s.f.fraudengine.cache.ActiveRuleCache  : Active rule cache refreshed ruleCount=13
2026-10-01T10:47:24.820+05:30  INFO 10832 --- [fraud-engine-service] [scheduling-1] c.s.f.f.client.BlacklistCacheClient      : Fetching active blacklist from Rule Cache
2026-10-01T10:47:24.830+05:30  INFO 10832 --- [fraud-engine-service] [scheduling-1] c.s.f.f.client.BlacklistCacheClient      : Fetched 8 active blacklist entries from Rule Cache
2026-10-01T10:47:24.831+05:30  INFO 10832 --- [fraud-engine-service] [scheduling-1] c.s.f.f.cache.ActiveBlacklistCache       : Active blacklist cache refreshed entryCount=8
2026-10-01T10:47:26.452+05:30  INFO 10832 --- [fraud-engine-service] [scheduling-1] c.s.f.f.client.RuleCacheClient           : Fetching active rules from Rule Cache
2026-10-01T10:47:26.452+05:30  INFO 10832 --- [fraud-engine-service] [scheduling-1] c.s.f.f.client.RuleCacheClient           : Fetched 13 active rules from Rule Cache
2026-10-01T10:47:26.452+05:30  INFO 10832 --- [fraud-engine-service] [scheduling-1] c.s.f.fraudengine.cache.ActiveRuleCache  : Active rule cache refreshed ruleCount=13
2026-10-01T10:47:29.844+05:30  INFO 10832 --- [fraud-engine-service] [scheduling-1] c.s.f.f.client.BlacklistCacheClient      : Fetching active blacklist from Rule Cache
2026-10-01T10:47:29.853+05:30  INFO 10832 --- [fraud-engine-service] [scheduling-1] c.s.f.f.client.BlacklistCacheClient      : Fetched 8 active blacklist entries from Rule Cache
2026-10-01T10:47:29.853+05:30  INFO 10832 --- [fraud-engine-service] [scheduling-1] c.s.f.f.cache.ActiveBlacklistCache       : Active blacklist cache refreshed entryCount=8
2026-10-01T10:47:31.465+05:30  INFO 10832 --- [fraud-engine-service] [scheduling-1] c.s.f.f.client.RuleCacheClient           : Fetching active rules from Rule Cache
2026-10-01T10:47:31.482+05:30  INFO 10832 --- [fraud-engine-service] [scheduling-1] c.s.f.f.client.RuleCacheClient           : Fetched 13 active rules from Rule Cache
2026-10-01T10:47:31.482+05:30  INFO 10832 --- [fraud-engine-service] [scheduling-1] c.s.f.fraudengine.cache.ActiveRuleCache  : Active rule cache refreshed ruleCount=13
2026-10-01T10:47:34.869+05:30  INFO 10832 --- [fraud-engine-service] [scheduling-1] c.s.f.f.client.BlacklistCacheClient      : Fetching active blacklist from Rule Cache
2026-10-01T10:47:34.878+05:30  INFO 10832 --- [fraud-engine-service] [scheduling-1] c.s.f.f.client.BlacklistCacheClient      : Fetched 8 active blacklist entries from Rule Cache
2026-10-01T10:47:34.879+05:30  INFO 10832 --- [fraud-engine-service] [scheduling-1] c.s.f.f.cache.ActiveBlacklistCache       : Active blacklist cache refreshed entryCount=8
2026-10-01T10:47:36.486+05:30  INFO 10832 --- [fraud-engine-service] [scheduling-1] c.s.f.f.client.RuleCacheClient           : Fetching active rules from Rule Cache
2026-10-01T10:47:36.562+05:30  INFO 10832 --- [fraud-engine-service] [scheduling-1] c.s.f.f.client.RuleCacheClient           : Fetched 13 active rules from Rule Cache
2026-10-01T10:47:36.562+05:30  INFO 10832 --- [fraud-engine-service] [scheduling-1] c.s.f.fraudengine.cache.ActiveRuleCache  : Active rule cache refreshed ruleCount=13
2026-10-01T10:47:39.880+05:30  INFO 10832 --- [fraud-engine-service] [scheduling-1] c.s.f.f.client.BlacklistCacheClient      : Fetching active blacklist from Rule Cache
2026-10-01T10:47:39.887+05:30  INFO 10832 --- [fraud-engine-service] [scheduling-1] c.s.f.f.client.BlacklistCacheClient      : Fetched 8 active blacklist entries from Rule Cache
2026-10-01T10:47:39.887+05:30  INFO 10832 --- [fraud-engine-service] [scheduling-1] c.s.f.f.cache.ActiveBlacklistCache       : Active blacklist cache refreshed entryCount=8
2026-10-01T10:47:41.572+05:30  INFO 10832 --- [fraud-engine-service] [scheduling-1] c.s.f.f.client.RuleCacheClient           : Fetching active rules from Rule Cache
2026-10-01T10:47:41.577+05:30  INFO 10832 --- [fraud-engine-service] [scheduling-1] c.s.f.f.client.RuleCacheClient           : Fetched 13 active rules from Rule Cache
2026-10-01T10:47:41.577+05:30  INFO 10832 --- [fraud-engine-service] [scheduling-1] c.s.f.fraudengine.cache.ActiveRuleCache  : Active rule cache refreshed ruleCount=13
2026-10-01T10:47:44.891+05:30  INFO 10832 --- [fraud-engine-service] [scheduling-1] c.s.f.f.client.BlacklistCacheClient      : Fetching active blacklist from Rule Cache
2026-10-01T10:47:44.895+05:30  INFO 10832 --- [fraud-engine-service] [scheduling-1] c.s.f.f.client.BlacklistCacheClient      : Fetched 8 active blacklist entries from Rule Cache
2026-10-01T10:47:44.895+05:30  INFO 10832 --- [fraud-engine-service] [scheduling-1] c.s.f.f.cache.ActiveBlacklistCache       : Active blacklist cache refreshed entryCount=8
2026-10-01T10:47:46.589+05:30  INFO 10832 --- [fraud-engine-service] [scheduling-1] c.s.f.f.client.RuleCacheClient           : Fetching active rules from Rule Cache
2026-10-01T10:47:46.608+05:30  INFO 10832 --- [fraud-engine-service] [scheduling-1] c.s.f.f.client.RuleCacheClient           : Fetched 13 active rules from Rule Cache
2026-10-01T10:47:46.608+05:30  INFO 10832 --- [fraud-engine-service] [scheduling-1] c.s.f.fraudengine.cache.ActiveRuleCache  : Active rule cache refreshed ruleCount=13
2026-10-01T10:47:49.902+05:30  INFO 10832 --- [fraud-engine-service] [scheduling-1] c.s.f.f.client.BlacklistCacheClient      : Fetching active blacklist from Rule Cache
2026-10-01T10:47:49.910+05:30  INFO 10832 --- [fraud-engine-service] [scheduling-1] c.s.f.f.client.BlacklistCacheClient      : Fetched 8 active blacklist entries from Rule Cache
2026-10-01T10:47:49.910+05:30  INFO 10832 --- [fraud-engine-service] [scheduling-1] c.s.f.f.cache.ActiveBlacklistCache       : Active blacklist cache refreshed entryCount=8
2026-10-01T10:47:51.614+05:30  INFO 10832 --- [fraud-engine-service] [scheduling-1] c.s.f.f.client.RuleCacheClient           : Fetching active rules from Rule Cache
2026-10-01T10:47:51.622+05:30  INFO 10832 --- [fraud-engine-service] [scheduling-1] c.s.f.f.client.RuleCacheClient           : Fetched 13 active rules from Rule Cache
2026-10-01T10:47:51.622+05:30  INFO 10832 --- [fraud-engine-service] [scheduling-1] c.s.f.fraudengine.cache.ActiveRuleCache  : Active rule cache refreshed ruleCount=13
2026-10-01T10:47:54.929+05:30  INFO 10832 --- [fraud-engine-service] [scheduling-1] c.s.f.f.client.BlacklistCacheClient      : Fetching active blacklist from Rule Cache
2026-10-01T10:47:54.935+05:30  INFO 10832 --- [fraud-engine-service] [scheduling-1] c.s.f.f.client.BlacklistCacheClient      : Fetched 8 active blacklist entries from Rule Cache
2026-10-01T10:47:54.935+05:30  INFO 10832 --- [fraud-engine-service] [scheduling-1] c.s.f.f.cache.ActiveBlacklistCache       : Active blacklist cache refreshed entryCount=8
2026-10-01T10:47:56.633+05:30  INFO 10832 --- [fraud-engine-service] [scheduling-1] c.s.f.f.client.RuleCacheClient           : Fetching active rules from Rule Cache
2026-10-01T10:47:56.633+05:30  INFO 10832 --- [fraud-engine-service] [scheduling-1] c.s.f.f.client.RuleCacheClient           : Fetched 13 active rules from Rule Cache
2026-10-01T10:47:56.633+05:30  INFO 10832 --- [fraud-engine-service] [scheduling-1] c.s.f.fraudengine.cache.ActiveRuleCache  : Active rule cache refreshed ruleCount=13
2026-10-01T10:47:59.947+05:30  INFO 10832 --- [fraud-engine-service] [scheduling-1] c.s.f.f.client.BlacklistCacheClient      : Fetching active blacklist from Rule Cache
2026-10-01T10:47:59.958+05:30  INFO 10832 --- [fraud-engine-service] [scheduling-1] c.s.f.f.client.BlacklistCacheClient      : Fetched 8 active blacklist entries from Rule Cache
2026-10-01T10:47:59.958+05:30  INFO 10832 --- [fraud-engine-service] [scheduling-1] c.s.f.f.cache.ActiveBlacklistCache       : Active blacklist cache refreshed entryCount=8
2026-10-01T10:48:01.663+05:30  INFO 10832 --- [fraud-engine-service] [scheduling-1] c.s.f.f.client.RuleCacheClient           : Fetching active rules from Rule Cache
2026-10-01T10:48:01.689+05:30  INFO 10832 --- [fraud-engine-service] [scheduling-1] c.s.f.f.client.RuleCacheClient           : Fetched 13 active rules from Rule Cache
2026-10-01T10:48:01.689+05:30  INFO 10832 --- [fraud-engine-service] [scheduling-1] c.s.f.fraudengine.cache.ActiveRuleCache  : Active rule cache refreshed ruleCount=13
2026-10-01T10:48:04.972+05:30  INFO 10832 --- [fraud-engine-service] [scheduling-1] c.s.f.f.client.BlacklistCacheClient      : Fetching active blacklist from Rule Cache
2026-10-01T10:48:04.983+05:30  INFO 10832 --- [fraud-engine-service] [scheduling-1] c.s.f.f.client.BlacklistCacheClient      : Fetched 8 active blacklist entries from Rule Cache
2026-10-01T10:48:04.983+05:30  INFO 10832 --- [fraud-engine-service] [scheduling-1] c.s.f.f.cache.ActiveBlacklistCache       : Active blacklist cache refreshed entryCount=8
2026-10-01T10:48:06.701+05:30  INFO 10832 --- [fraud-engine-service] [scheduling-1] c.s.f.f.client.RuleCacheClient           : Fetching active rules from Rule Cache
2026-10-01T10:48:06.721+05:30  INFO 10832 --- [fraud-engine-service] [scheduling-1] c.s.f.f.client.RuleCacheClient           : Fetched 13 active rules from Rule Cache
2026-10-01T10:48:06.721+05:30  INFO 10832 --- [fraud-engine-service] [scheduling-1] c.s.f.fraudengine.cache.ActiveRuleCache  : Active rule cache refreshed ruleCount=13
2026-10-01T10:48:09.986+05:30  INFO 10832 --- [fraud-engine-service] [scheduling-1] c.s.f.f.client.BlacklistCacheClient      : Fetching active blacklist from Rule Cache
2026-10-01T10:48:09.994+05:30  INFO 10832 --- [fraud-engine-service] [scheduling-1] c.s.f.f.client.BlacklistCacheClient      : Fetched 8 active blacklist entries from Rule Cache
2026-10-01T10:48:09.994+05:30  INFO 10832 --- [fraud-engine-service] [scheduling-1] c.s.f.f.cache.ActiveBlacklistCache       : Active blacklist cache refreshed entryCount=8
2026-10-01T10:48:11.728+05:30  INFO 10832 --- [fraud-engine-service] [scheduling-1] c.s.f.f.client.RuleCacheClient           : Fetching active rules from Rule Cache
2026-10-01T10:48:11.734+05:30  INFO 10832 --- [fraud-engine-service] [scheduling-1] c.s.f.f.client.RuleCacheClient           : Fetched 13 active rules from Rule Cache
2026-10-01T10:48:11.734+05:30  INFO 10832 --- [fraud-engine-service] [scheduling-1] c.s.f.fraudengine.cache.ActiveRuleCache  : Active rule cache refreshed ruleCount=13
2026-10-01T10:48:15.004+05:30  INFO 10832 --- [fraud-engine-service] [scheduling-1] c.s.f.f.client.BlacklistCacheClient      : Fetching active blacklist from Rule Cache
2026-10-01T10:48:15.004+05:30  INFO 10832 --- [fraud-engine-service] [scheduling-1] c.s.f.f.client.BlacklistCacheClient      : Fetched 8 active blacklist entries from Rule Cache
2026-10-01T10:48:15.004+05:30  INFO 10832 --- [fraud-engine-service] [scheduling-1] c.s.f.f.cache.ActiveBlacklistCache       : Active blacklist cache refreshed entryCount=8
2026-10-01T10:48:16.755+05:30  INFO 10832 --- [fraud-engine-service] [scheduling-1] c.s.f.f.client.RuleCacheClient           : Fetching active rules from Rule Cache
2026-10-01T10:48:16.773+05:30  INFO 10832 --- [fraud-engine-service] [scheduling-1] c.s.f.f.client.RuleCacheClient           : Fetched 13 active rules from Rule Cache
2026-10-01T10:48:16.773+05:30  INFO 10832 --- [fraud-engine-service] [scheduling-1] c.s.f.fraudengine.cache.ActiveRuleCache  : Active rule cache refreshed ruleCount=13
2026-10-01T10:48:20.024+05:30  INFO 10832 --- [fraud-engine-service] [scheduling-1] c.s.f.f.client.BlacklistCacheClient      : Fetching active blacklist from Rule Cache
2026-10-01T10:48:20.040+05:30  INFO 10832 --- [fraud-engine-service] [scheduling-1] c.s.f.f.client.BlacklistCacheClient      : Fetched 8 active blacklist entries from Rule Cache
2026-10-01T10:48:20.040+05:30  INFO 10832 --- [fraud-engine-service] [scheduling-1] c.s.f.f.cache.ActiveBlacklistCache       : Active blacklist cache refreshed entryCount=8
2026-10-01T10:48:21.777+05:30  INFO 10832 --- [fraud-engine-service] [scheduling-1] c.s.f.f.client.RuleCacheClient           : Fetching active rules from Rule Cache
2026-10-01T10:48:21.792+05:30  INFO 10832 --- [fraud-engine-service] [scheduling-1] c.s.f.f.client.RuleCacheClient           : Fetched 13 active rules from Rule Cache
2026-10-01T10:48:21.792+05:30  INFO 10832 --- [fraud-engine-service] [scheduling-1] c.s.f.fraudengine.cache.ActiveRuleCache  : Active rule cache refreshed ruleCount=13
2026-10-01T10:48:25.051+05:30  INFO 10832 --- [fraud-engine-service] [scheduling-1] c.s.f.f.client.BlacklistCacheClient      : Fetching active blacklist from Rule Cache
2026-10-01T10:48:25.061+05:30  INFO 10832 --- [fraud-engine-service] [scheduling-1] c.s.f.f.client.BlacklistCacheClient      : Fetched 8 active blacklist entries from Rule Cache
2026-10-01T10:48:25.061+05:30  INFO 10832 --- [fraud-engine-service] [scheduling-1] c.s.f.f.cache.ActiveBlacklistCache       : Active blacklist cache refreshed entryCount=8
2026-10-01T10:48:26.804+05:30  INFO 10832 --- [fraud-engine-service] [scheduling-1] c.s.f.f.client.RuleCacheClient           : Fetching active rules from Rule Cache
2026-10-01T10:48:26.815+05:30  INFO 10832 --- [fraud-engine-service] [scheduling-1] c.s.f.f.client.RuleCacheClient           : Fetched 13 active rules from Rule Cache
2026-10-01T10:48:26.815+05:30  INFO 10832 --- [fraud-engine-service] [scheduling-1] c.s.f.fraudengine.cache.ActiveRuleCache  : Active rule cache refreshed ruleCount=13
2026-10-01T10:48:30.063+05:30  INFO 10832 --- [fraud-engine-service] [scheduling-1] c.s.f.f.client.BlacklistCacheClient      : Fetching active blacklist from Rule Cache
2026-10-01T10:48:30.079+05:30  INFO 10832 --- [fraud-engine-service] [scheduling-1] c.s.f.f.client.BlacklistCacheClient      : Fetched 8 active blacklist entries from Rule Cache
2026-10-01T10:48:30.079+05:30  INFO 10832 --- [fraud-engine-service] [scheduling-1] c.s.f.f.cache.ActiveBlacklistCache       : Active blacklist cache refreshed entryCount=8
2026-10-01T10:48:31.823+05:30  INFO 10832 --- [fraud-engine-service] [scheduling-1] c.s.f.f.client.RuleCacheClient           : Fetching active rules from Rule Cache
2026-10-01T10:48:31.836+05:30  INFO 10832 --- [fraud-engine-service] [scheduling-1] c.s.f.f.client.RuleCacheClient           : Fetched 13 active rules from Rule Cache
2026-10-01T10:48:31.836+05:30  INFO 10832 --- [fraud-engine-service] [scheduling-1] c.s.f.fraudengine.cache.ActiveRuleCache  : Active rule cache refreshed ruleCount=13
2026-10-01T10:48:35.085+05:30  INFO 10832 --- [fraud-engine-service] [scheduling-1] c.s.f.f.client.BlacklistCacheClient      : Fetching active blacklist from Rule Cache
2026-10-01T10:48:35.123+05:30  INFO 10832 --- [fraud-engine-service] [scheduling-1] c.s.f.f.client.BlacklistCacheClient      : Fetched 8 active blacklist entries from Rule Cache
2026-10-01T10:48:35.123+05:30  INFO 10832 --- [fraud-engine-service] [scheduling-1] c.s.f.f.cache.ActiveBlacklistCache       : Active blacklist cache refreshed entryCount=8
2026-10-01T10:48:36.839+05:30  INFO 10832 --- [fraud-engine-service] [scheduling-1] c.s.f.f.client.RuleCacheClient           : Fetching active rules from Rule Cache
2026-10-01T10:48:36.873+05:30  INFO 10832 --- [fraud-engine-service] [scheduling-1] c.s.f.f.client.RuleCacheClient           : Fetched 13 active rules from Rule Cache
2026-10-01T10:48:36.873+05:30  INFO 10832 --- [fraud-engine-service] [scheduling-1] c.s.f.fraudengine.cache.ActiveRuleCache  : Active rule cache refreshed ruleCount=13
2026-10-01T10:48:40.137+05:30  INFO 10832 --- [fraud-engine-service] [scheduling-1] c.s.f.f.client.BlacklistCacheClient      : Fetching active blacklist from Rule Cache
2026-10-01T10:48:40.155+05:30  INFO 10832 --- [fraud-engine-service] [scheduling-1] c.s.f.f.client.BlacklistCacheClient      : Fetched 8 active blacklist entries from Rule Cache
2026-10-01T10:48:40.155+05:30  INFO 10832 --- [fraud-engine-service] [scheduling-1] c.s.f.f.cache.ActiveBlacklistCache       : Active blacklist cache refreshed entryCount=8
2026-10-01T10:48:41.880+05:30  INFO 10832 --- [fraud-engine-service] [scheduling-1] c.s.f.f.client.RuleCacheClient           : Fetching active rules from Rule Cache
2026-10-01T10:48:41.888+05:30  INFO 10832 --- [fraud-engine-service] [scheduling-1] c.s.f.f.client.RuleCacheClient           : Fetched 13 active rules from Rule Cache
2026-10-01T10:48:41.888+05:30  INFO 10832 --- [fraud-engine-service] [scheduling-1] c.s.f.fraudengine.cache.ActiveRuleCache  : Active rule cache refreshed ruleCount=13
2026-10-01T10:48:45.165+05:30  INFO 10832 --- [fraud-engine-service] [scheduling-1] c.s.f.f.client.BlacklistCacheClient      : Fetching active blacklist from Rule Cache
2026-10-01T10:48:45.176+05:30  INFO 10832 --- [fraud-engine-service] [scheduling-1] c.s.f.f.client.BlacklistCacheClient      : Fetched 8 active blacklist entries from Rule Cache
2026-10-01T10:48:45.177+05:30  INFO 10832 --- [fraud-engine-service] [scheduling-1] c.s.f.f.cache.ActiveBlacklistCache       : Active blacklist cache refreshed entryCount=8
2026-10-01T10:48:46.899+05:30  INFO 10832 --- [fraud-engine-service] [scheduling-1] c.s.f.f.client.RuleCacheClient           : Fetching active rules from Rule Cache
2026-10-01T10:48:46.911+05:30  INFO 10832 --- [fraud-engine-service] [scheduling-1] c.s.f.f.client.RuleCacheClient           : Fetched 13 active rules from Rule Cache
2026-10-01T10:48:46.911+05:30  INFO 10832 --- [fraud-engine-service] [scheduling-1] c.s.f.fraudengine.cache.ActiveRuleCache  : Active rule cache refreshed ruleCount=13
2026-10-01T10:48:50.179+05:30  INFO 10832 --- [fraud-engine-service] [scheduling-1] c.s.f.f.client.BlacklistCacheClient      : Fetching active blacklist from Rule Cache
2026-10-01T10:48:50.193+05:30  INFO 10832 --- [fraud-engine-service] [scheduling-1] c.s.f.f.client.BlacklistCacheClient      : Fetched 8 active blacklist entries from Rule Cache
2026-10-01T10:48:50.193+05:30  INFO 10832 --- [fraud-engine-service] [scheduling-1] c.s.f.f.cache.ActiveBlacklistCache       : Active blacklist cache refreshed entryCount=8
2026-10-01T10:48:51.927+05:30  INFO 10832 --- [fraud-engine-service] [scheduling-1] c.s.f.f.client.RuleCacheClient           : Fetching active rules from Rule Cache
2026-10-01T10:48:51.937+05:30  INFO 10832 --- [fraud-engine-service] [scheduling-1] c.s.f.f.client.RuleCacheClient           : Fetched 13 active rules from Rule Cache
2026-10-01T10:48:51.937+05:30  INFO 10832 --- [fraud-engine-service] [scheduling-1] c.s.f.fraudengine.cache.ActiveRuleCache  : Active rule cache refreshed ruleCount=13
2026-10-01T10:48:55.200+05:30  INFO 10832 --- [fraud-engine-service] [scheduling-1] c.s.f.f.client.BlacklistCacheClient      : Fetching active blacklist from Rule Cache
2026-10-01T10:48:55.209+05:30  INFO 10832 --- [fraud-engine-service] [scheduling-1] c.s.f.f.client.BlacklistCacheClient      : Fetched 8 active blacklist entries from Rule Cache
2026-10-01T10:48:55.209+05:30  INFO 10832 --- [fraud-engine-service] [scheduling-1] c.s.f.f.cache.ActiveBlacklistCache       : Active blacklist cache refreshed entryCount=8
2026-10-01T10:48:56.942+05:30  INFO 10832 --- [fraud-engine-service] [scheduling-1] c.s.f.f.client.RuleCacheClient           : Fetching active rules from Rule Cache
2026-10-01T10:48:56.944+05:30  INFO 10832 --- [fraud-engine-service] [scheduling-1] c.s.f.f.client.RuleCacheClient           : Fetched 13 active rules from Rule Cache
2026-10-01T10:48:56.944+05:30  INFO 10832 --- [fraud-engine-service] [scheduling-1] c.s.f.fraudengine.cache.ActiveRuleCache  : Active rule cache refreshed ruleCount=13
2026-10-01T10:49:00.220+05:30  INFO 10832 --- [fraud-engine-service] [scheduling-1] c.s.f.f.client.BlacklistCacheClient      : Fetching active blacklist from Rule Cache
2026-10-01T10:49:00.220+05:30  INFO 10832 --- [fraud-engine-service] [scheduling-1] c.s.f.f.client.BlacklistCacheClient      : Fetched 8 active blacklist entries from Rule Cache
2026-10-01T10:49:00.220+05:30  INFO 10832 --- [fraud-engine-service] [scheduling-1] c.s.f.f.cache.ActiveBlacklistCache       : Active blacklist cache refreshed entryCount=8
2026-10-01T10:49:01.968+05:30  INFO 10832 --- [fraud-engine-service] [scheduling-1] c.s.f.f.client.RuleCacheClient           : Fetching active rules from Rule Cache
2026-10-01T10:49:01.977+05:30  INFO 10832 --- [fraud-engine-service] [scheduling-1] c.s.f.f.client.RuleCacheClient           : Fetched 13 active rules from Rule Cache
2026-10-01T10:49:01.977+05:30  INFO 10832 --- [fraud-engine-service] [scheduling-1] c.s.f.fraudengine.cache.ActiveRuleCache  : Active rule cache refreshed ruleCount=13
2026-10-01T10:49:05.238+05:30  INFO 10832 --- [fraud-engine-service] [scheduling-1] c.s.f.f.client.BlacklistCacheClient      : Fetching active blacklist from Rule Cache
2026-10-01T10:49:05.240+05:30  INFO 10832 --- [fraud-engine-service] [scheduling-1] c.s.f.f.client.BlacklistCacheClient      : Fetched 8 active blacklist entries from Rule Cache
2026-10-01T10:49:05.240+05:30  INFO 10832 --- [fraud-engine-service] [scheduling-1] c.s.f.f.cache.ActiveBlacklistCache       : Active blacklist cache refreshed entryCount=8
2026-10-01T10:49:06.994+05:30  INFO 10832 --- [fraud-engine-service] [scheduling-1] c.s.f.f.client.RuleCacheClient           : Fetching active rules from Rule Cache
2026-10-01T10:49:07.020+05:30  INFO 10832 --- [fraud-engine-service] [scheduling-1] c.s.f.f.client.RuleCacheClient           : Fetched 13 active rules from Rule Cache
2026-10-01T10:49:07.020+05:30  INFO 10832 --- [fraud-engine-service] [scheduling-1] c.s.f.fraudengine.cache.ActiveRuleCache  : Active rule cache refreshed ruleCount=13
2026-10-01T10:49:10.250+05:30  INFO 10832 --- [fraud-engine-service] [scheduling-1] c.s.f.f.client.BlacklistCacheClient      : Fetching active blacklist from Rule Cache
2026-10-01T10:49:10.254+05:30  INFO 10832 --- [fraud-engine-service] [scheduling-1] c.s.f.f.client.BlacklistCacheClient      : Fetched 8 active blacklist entries from Rule Cache
2026-10-01T10:49:10.254+05:30  INFO 10832 --- [fraud-engine-service] [scheduling-1] c.s.f.f.cache.ActiveBlacklistCache       : Active blacklist cache refreshed entryCount=8
2026-10-01T10:49:12.026+05:30  INFO 10832 --- [fraud-engine-service] [scheduling-1] c.s.f.f.client.RuleCacheClient           : Fetching active rules from Rule Cache
2026-10-01T10:49:12.036+05:30  INFO 10832 --- [fraud-engine-service] [scheduling-1] c.s.f.f.client.RuleCacheClient           : Fetched 13 active rules from Rule Cache
2026-10-01T10:49:12.036+05:30  INFO 10832 --- [fraud-engine-service] [scheduling-1] c.s.f.fraudengine.cache.ActiveRuleCache  : Active rule cache refreshed ruleCount=13
2026-10-01T10:49:15.270+05:30  INFO 10832 --- [fraud-engine-service] [scheduling-1] c.s.f.f.client.BlacklistCacheClient      : Fetching active blacklist from Rule Cache
2026-10-01T10:49:15.270+05:30  INFO 10832 --- [fraud-engine-service] [scheduling-1] c.s.f.f.client.BlacklistCacheClient      : Fetched 8 active blacklist entries from Rule Cache
2026-10-01T10:49:15.270+05:30  INFO 10832 --- [fraud-engine-service] [scheduling-1] c.s.f.f.cache.ActiveBlacklistCache       : Active blacklist cache refreshed entryCount=8
2026-10-01T10:49:17.044+05:30  INFO 10832 --- [fraud-engine-service] [scheduling-1] c.s.f.f.client.RuleCacheClient           : Fetching active rules from Rule Cache
2026-10-01T10:49:17.055+05:30  INFO 10832 --- [fraud-engine-service] [scheduling-1] c.s.f.f.client.RuleCacheClient           : Fetched 13 active rules from Rule Cache
2026-10-01T10:49:17.055+05:30  INFO 10832 --- [fraud-engine-service] [scheduling-1] c.s.f.fraudengine.cache.ActiveRuleCache  : Active rule cache refreshed ruleCount=13
2026-10-01T10:49:20.286+05:30  INFO 10832 --- [fraud-engine-service] [scheduling-1] c.s.f.f.client.BlacklistCacheClient      : Fetching active blacklist from Rule Cache
2026-10-01T10:49:20.294+05:30  INFO 10832 --- [fraud-engine-service] [scheduling-1] c.s.f.f.client.BlacklistCacheClient      : Fetched 8 active blacklist entries from Rule Cache
2026-10-01T10:49:20.294+05:30  INFO 10832 --- [fraud-engine-service] [scheduling-1] c.s.f.f.cache.ActiveBlacklistCache       : Active blacklist cache refreshed entryCount=8
2026-10-01T10:49:22.064+05:30  INFO 10832 --- [fraud-engine-service] [scheduling-1] c.s.f.f.client.RuleCacheClient           : Fetching active rules from Rule Cache
2026-10-01T10:49:22.073+05:30  INFO 10832 --- [fraud-engine-service] [scheduling-1] c.s.f.f.client.RuleCacheClient           : Fetched 13 active rules from Rule Cache
2026-10-01T10:49:22.075+05:30  INFO 10832 --- [fraud-engine-service] [scheduling-1] c.s.f.fraudengine.cache.ActiveRuleCache  : Active rule cache refreshed ruleCount=13
2026-10-01T10:49:25.315+05:30  INFO 10832 --- [fraud-engine-service] [scheduling-1] c.s.f.f.client.BlacklistCacheClient      : Fetching active blacklist from Rule Cache
2026-10-01T10:49:25.318+05:30  INFO 10832 --- [fraud-engine-service] [scheduling-1] c.s.f.f.client.BlacklistCacheClient      : Fetched 8 active blacklist entries from Rule Cache
2026-10-01T10:49:25.318+05:30  INFO 10832 --- [fraud-engine-service] [scheduling-1] c.s.f.f.cache.ActiveBlacklistCache       : Active blacklist cache refreshed entryCount=8
2026-10-01T10:49:27.081+05:30  INFO 10832 --- [fraud-engine-service] [scheduling-1] c.s.f.f.client.RuleCacheClient           : Fetching active rules from Rule Cache
2026-10-01T10:49:27.084+05:30  INFO 10832 --- [fraud-engine-service] [scheduling-1] c.s.f.f.client.RuleCacheClient           : Fetched 13 active rules from Rule Cache
2026-10-01T10:49:27.084+05:30  INFO 10832 --- [fraud-engine-service] [scheduling-1] c.s.f.fraudengine.cache.ActiveRuleCache  : Active rule cache refreshed ruleCount=13
2026-10-01T10:49:30.338+05:30  INFO 10832 --- [fraud-engine-service] [scheduling-1] c.s.f.f.client.BlacklistCacheClient      : Fetching active blacklist from Rule Cache
2026-10-01T10:49:30.354+05:30  INFO 10832 --- [fraud-engine-service] [scheduling-1] c.s.f.f.client.BlacklistCacheClient      : Fetched 8 active blacklist entries from Rule Cache
2026-10-01T10:49:30.354+05:30  INFO 10832 --- [fraud-engine-service] [scheduling-1] c.s.f.f.cache.ActiveBlacklistCache       : Active blacklist cache refreshed entryCount=8
2026-10-01T10:49:32.093+05:30  INFO 10832 --- [fraud-engine-service] [scheduling-1] c.s.f.f.client.RuleCacheClient           : Fetching active rules from Rule Cache
2026-10-01T10:49:32.102+05:30  INFO 10832 --- [fraud-engine-service] [scheduling-1] c.s.f.f.client.RuleCacheClient           : Fetched 13 active rules from Rule Cache
2026-10-01T10:49:32.102+05:30  INFO 10832 --- [fraud-engine-service] [scheduling-1] c.s.f.fraudengine.cache.ActiveRuleCache  : Active rule cache refreshed ruleCount=13
2026-10-01T10:49:35.359+05:30  INFO 10832 --- [fraud-engine-service] [scheduling-1] c.s.f.f.client.BlacklistCacheClient      : Fetching active blacklist from Rule Cache
2026-10-01T10:49:35.367+05:30  INFO 10832 --- [fraud-engine-service] [scheduling-1] c.s.f.f.client.BlacklistCacheClient      : Fetched 8 active blacklist entries from Rule Cache
2026-10-01T10:49:35.367+05:30  INFO 10832 --- [fraud-engine-service] [scheduling-1] c.s.f.f.cache.ActiveBlacklistCache       : Active blacklist cache refreshed entryCount=8
2026-10-01T10:49:37.105+05:30  INFO 10832 --- [fraud-engine-service] [scheduling-1] c.s.f.f.client.RuleCacheClient           : Fetching active rules from Rule Cache
2026-10-01T10:49:37.116+05:30  INFO 10832 --- [fraud-engine-service] [scheduling-1] c.s.f.f.client.RuleCacheClient           : Fetched 13 active rules from Rule Cache
2026-10-01T10:49:37.116+05:30  INFO 10832 --- [fraud-engine-service] [scheduling-1] c.s.f.fraudengine.cache.ActiveRuleCache  : Active rule cache refreshed ruleCount=13
2026-10-01T10:49:40.376+05:30  INFO 10832 --- [fraud-engine-service] [scheduling-1] c.s.f.f.client.BlacklistCacheClient      : Fetching active blacklist from Rule Cache
2026-10-01T10:49:40.390+05:30  INFO 10832 --- [fraud-engine-service] [scheduling-1] c.s.f.f.client.BlacklistCacheClient      : Fetched 8 active blacklist entries from Rule Cache
2026-10-01T10:49:40.390+05:30  INFO 10832 --- [fraud-engine-service] [scheduling-1] c.s.f.f.cache.ActiveBlacklistCache       : Active blacklist cache refreshed entryCount=8
2026-10-01T10:49:42.126+05:30  INFO 10832 --- [fraud-engine-service] [scheduling-1] c.s.f.f.client.RuleCacheClient           : Fetching active rules from Rule Cache
2026-10-01T10:49:42.131+05:30  INFO 10832 --- [fraud-engine-service] [scheduling-1] c.s.f.f.client.RuleCacheClient           : Fetched 13 active rules from Rule Cache
2026-10-01T10:49:42.131+05:30  INFO 10832 --- [fraud-engine-service] [scheduling-1] c.s.f.fraudengine.cache.ActiveRuleCache  : Active rule cache refreshed ruleCount=13
2026-10-01T10:49:45.400+05:30  INFO 10832 --- [fraud-engine-service] [scheduling-1] c.s.f.f.client.BlacklistCacheClient      : Fetching active blacklist from Rule Cache
2026-10-01T10:49:45.402+05:30  INFO 10832 --- [fraud-engine-service] [scheduling-1] c.s.f.f.client.BlacklistCacheClient      : Fetched 8 active blacklist entries from Rule Cache
2026-10-01T10:49:45.402+05:30  INFO 10832 --- [fraud-engine-service] [scheduling-1] c.s.f.f.cache.ActiveBlacklistCache       : Active blacklist cache refreshed entryCount=8
2026-10-01T10:49:47.140+05:30  INFO 10832 --- [fraud-engine-service] [scheduling-1] c.s.f.f.client.RuleCacheClient           : Fetching active rules from Rule Cache
2026-10-01T10:49:47.153+05:30  INFO 10832 --- [fraud-engine-service] [scheduling-1] c.s.f.f.client.RuleCacheClient           : Fetched 13 active rules from Rule Cache
2026-10-01T10:49:47.153+05:30  INFO 10832 --- [fraud-engine-service] [scheduling-1] c.s.f.fraudengine.cache.ActiveRuleCache  : Active rule cache refreshed ruleCount=13
2026-10-01T10:49:50.419+05:30  INFO 10832 --- [fraud-engine-service] [scheduling-1] c.s.f.f.client.BlacklistCacheClient      : Fetching active blacklist from Rule Cache
2026-10-01T10:49:50.421+05:30  INFO 10832 --- [fraud-engine-service] [scheduling-1] c.s.f.f.client.BlacklistCacheClient      : Fetched 8 active blacklist entries from Rule Cache
2026-10-01T10:49:50.421+05:30  INFO 10832 --- [fraud-engine-service] [scheduling-1] c.s.f.f.cache.ActiveBlacklistCache       : Active blacklist cache refreshed entryCount=8
2026-10-01T10:49:52.159+05:30  INFO 10832 --- [fraud-engine-service] [scheduling-1] c.s.f.f.client.RuleCacheClient           : Fetching active rules from Rule Cache
2026-10-01T10:49:52.170+05:30  INFO 10832 --- [fraud-engine-service] [scheduling-1] c.s.f.f.client.RuleCacheClient           : Fetched 13 active rules from Rule Cache
2026-10-01T10:49:52.170+05:30  INFO 10832 --- [fraud-engine-service] [scheduling-1] c.s.f.fraudengine.cache.ActiveRuleCache  : Active rule cache refreshed ruleCount=13
2026-10-01T10:49:55.435+05:30  INFO 10832 --- [fraud-engine-service] [scheduling-1] c.s.f.f.client.BlacklistCacheClient      : Fetching active blacklist from Rule Cache
2026-10-01T10:49:55.439+05:30  INFO 10832 --- [fraud-engine-service] [scheduling-1] c.s.f.f.client.BlacklistCacheClient      : Fetched 8 active blacklist entries from Rule Cache
2026-10-01T10:49:55.439+05:30  INFO 10832 --- [fraud-engine-service] [scheduling-1] c.s.f.f.cache.ActiveBlacklistCache       : Active blacklist cache refreshed entryCount=8
2026-10-01T10:49:57.179+05:30  INFO 10832 --- [fraud-engine-service] [scheduling-1] c.s.f.f.client.RuleCacheClient           : Fetching active rules from Rule Cache
2026-10-01T10:49:57.179+05:30  INFO 10832 --- [fraud-engine-service] [scheduling-1] c.s.f.f.client.RuleCacheClient           : Fetched 13 active rules from Rule Cache
2026-10-01T10:49:57.179+05:30  INFO 10832 --- [fraud-engine-service] [scheduling-1] c.s.f.fraudengine.cache.ActiveRuleCache  : Active rule cache refreshed ruleCount=13
2026-10-01T10:50:00.457+05:30  INFO 10832 --- [fraud-engine-service] [scheduling-1] c.s.f.f.client.BlacklistCacheClient      : Fetching active blacklist from Rule Cache
2026-10-01T10:50:00.457+05:30  INFO 10832 --- [fraud-engine-service] [scheduling-1] c.s.f.f.client.BlacklistCacheClient      : Fetched 8 active blacklist entries from Rule Cache
2026-10-01T10:50:00.457+05:30  INFO 10832 --- [fraud-engine-service] [scheduling-1] c.s.f.f.cache.ActiveBlacklistCache       : Active blacklist cache refreshed entryCount=8
2026-10-01T10:50:02.205+05:30  INFO 10832 --- [fraud-engine-service] [scheduling-1] c.s.f.f.client.RuleCacheClient           : Fetching active rules from Rule Cache
2026-10-01T10:50:02.218+05:30  INFO 10832 --- [fraud-engine-service] [scheduling-1] c.s.f.f.client.RuleCacheClient           : Fetched 13 active rules from Rule Cache
2026-10-01T10:50:02.218+05:30  INFO 10832 --- [fraud-engine-service] [scheduling-1] c.s.f.fraudengine.cache.ActiveRuleCache  : Active rule cache refreshed ruleCount=13
2026-10-01T10:50:05.477+05:30  INFO 10832 --- [fraud-engine-service] [scheduling-1] c.s.f.f.client.BlacklistCacheClient      : Fetching active blacklist from Rule Cache
2026-10-01T10:50:05.477+05:30  INFO 10832 --- [fraud-engine-service] [scheduling-1] c.s.f.f.client.BlacklistCacheClient      : Fetched 8 active blacklist entries from Rule Cache
2026-10-01T10:50:05.477+05:30  INFO 10832 --- [fraud-engine-service] [scheduling-1] c.s.f.f.cache.ActiveBlacklistCache       : Active blacklist cache refreshed entryCount=8
2026-10-01T10:50:07.233+05:30  INFO 10832 --- [fraud-engine-service] [scheduling-1] c.s.f.f.client.RuleCacheClient           : Fetching active rules from Rule Cache
2026-10-01T10:50:07.243+05:30  INFO 10832 --- [fraud-engine-service] [scheduling-1] c.s.f.f.client.RuleCacheClient           : Fetched 13 active rules from Rule Cache
2026-10-01T10:50:07.243+05:30  INFO 10832 --- [fraud-engine-service] [scheduling-1] c.s.f.fraudengine.cache.ActiveRuleCache  : Active rule cache refreshed ruleCount=13
2026-10-01T10:50:10.492+05:30  INFO 10832 --- [fraud-engine-service] [scheduling-1] c.s.f.f.client.BlacklistCacheClient      : Fetching active blacklist from Rule Cache
2026-10-01T10:50:10.503+05:30  INFO 10832 --- [fraud-engine-service] [scheduling-1] c.s.f.f.client.BlacklistCacheClient      : Fetched 8 active blacklist entries from Rule Cache
2026-10-01T10:50:10.503+05:30  INFO 10832 --- [fraud-engine-service] [scheduling-1] c.s.f.f.cache.ActiveBlacklistCache       : Active blacklist cache refreshed entryCount=8
2026-10-01T10:50:12.258+05:30  INFO 10832 --- [fraud-engine-service] [scheduling-1] c.s.f.f.client.RuleCacheClient           : Fetching active rules from Rule Cache
2026-10-01T10:50:12.265+05:30  INFO 10832 --- [fraud-engine-service] [scheduling-1] c.s.f.f.client.RuleCacheClient           : Fetched 13 active rules from Rule Cache
2026-10-01T10:50:12.265+05:30  INFO 10832 --- [fraud-engine-service] [scheduling-1] c.s.f.fraudengine.cache.ActiveRuleCache  : Active rule cache refreshed ruleCount=13
2026-10-01T10:50:15.510+05:30  INFO 10832 --- [fraud-engine-service] [scheduling-1] c.s.f.f.client.BlacklistCacheClient      : Fetching active blacklist from Rule Cache
2026-10-01T10:50:15.512+05:30  INFO 10832 --- [fraud-engine-service] [scheduling-1] c.s.f.f.client.BlacklistCacheClient      : Fetched 8 active blacklist entries from Rule Cache
2026-10-01T10:50:15.512+05:30  INFO 10832 --- [fraud-engine-service] [scheduling-1] c.s.f.f.cache.ActiveBlacklistCache       : Active blacklist cache refreshed entryCount=8
2026-10-01T10:50:17.273+05:30  INFO 10832 --- [fraud-engine-service] [scheduling-1] c.s.f.f.client.RuleCacheClient           : Fetching active rules from Rule Cache
2026-10-01T10:50:17.293+05:30  INFO 10832 --- [fraud-engine-service] [scheduling-1] c.s.f.f.client.RuleCacheClient           : Fetched 13 active rules from Rule Cache
2026-10-01T10:50:17.293+05:30  INFO 10832 --- [fraud-engine-service] [scheduling-1] c.s.f.fraudengine.cache.ActiveRuleCache  : Active rule cache refreshed ruleCount=13
2026-10-01T10:50:20.531+05:30  INFO 10832 --- [fraud-engine-service] [scheduling-1] c.s.f.f.client.BlacklistCacheClient      : Fetching active blacklist from Rule Cache
2026-10-01T10:50:20.531+05:30  INFO 10832 --- [fraud-engine-service] [scheduling-1] c.s.f.f.client.BlacklistCacheClient      : Fetched 8 active blacklist entries from Rule Cache
2026-10-01T10:50:20.531+05:30  INFO 10832 --- [fraud-engine-service] [scheduling-1] c.s.f.f.cache.ActiveBlacklistCache       : Active blacklist cache refreshed entryCount=8
2026-10-01T10:50:22.299+05:30  INFO 10832 --- [fraud-engine-service] [scheduling-1] c.s.f.f.client.RuleCacheClient           : Fetching active rules from Rule Cache
2026-10-01T10:50:22.309+05:30  INFO 10832 --- [fraud-engine-service] [scheduling-1] c.s.f.f.client.RuleCacheClient           : Fetched 13 active rules from Rule Cache
2026-10-01T10:50:22.309+05:30  INFO 10832 --- [fraud-engine-service] [scheduling-1] c.s.f.fraudengine.cache.ActiveRuleCache  : Active rule cache refreshed ruleCount=13
2026-10-01T10:50:25.545+05:30  INFO 10832 --- [fraud-engine-service] [scheduling-1] c.s.f.f.client.BlacklistCacheClient      : Fetching active blacklist from Rule Cache
2026-10-01T10:50:25.546+05:30  INFO 10832 --- [fraud-engine-service] [scheduling-1] c.s.f.f.client.BlacklistCacheClient      : Fetched 8 active blacklist entries from Rule Cache
2026-10-01T10:50:25.546+05:30  INFO 10832 --- [fraud-engine-service] [scheduling-1] c.s.f.f.cache.ActiveBlacklistCache       : Active blacklist cache refreshed entryCount=8
2026-10-01T10:50:27.325+05:30  INFO 10832 --- [fraud-engine-service] [scheduling-1] c.s.f.f.client.RuleCacheClient           : Fetching active rules from Rule Cache
2026-10-01T10:50:27.325+05:30  INFO 10832 --- [fraud-engine-service] [scheduling-1] c.s.f.f.client.RuleCacheClient           : Fetched 13 active rules from Rule Cache
2026-10-01T10:50:27.325+05:30  INFO 10832 --- [fraud-engine-service] [scheduling-1] c.s.f.fraudengine.cache.ActiveRuleCache  : Active rule cache refreshed ruleCount=13
2026-10-01T10:50:30.560+05:30  INFO 10832 --- [fraud-engine-service] [scheduling-1] c.s.f.f.client.BlacklistCacheClient      : Fetching active blacklist from Rule Cache
2026-10-01T10:50:30.560+05:30  INFO 10832 --- [fraud-engine-service] [scheduling-1] c.s.f.f.client.BlacklistCacheClient      : Fetched 8 active blacklist entries from Rule Cache
2026-10-01T10:50:30.560+05:30  INFO 10832 --- [fraud-engine-service] [scheduling-1] c.s.f.f.cache.ActiveBlacklistCache       : Active blacklist cache refreshed entryCount=8
2026-10-01T10:50:32.342+05:30  INFO 10832 --- [fraud-engine-service] [scheduling-1] c.s.f.f.client.RuleCacheClient           : Fetching active rules from Rule Cache
2026-10-01T10:50:32.411+05:30  INFO 10832 --- [fraud-engine-service] [scheduling-1] c.s.f.f.client.RuleCacheClient           : Fetched 13 active rules from Rule Cache
2026-10-01T10:50:32.413+05:30  INFO 10832 --- [fraud-engine-service] [scheduling-1] c.s.f.fraudengine.cache.ActiveRuleCache  : Active rule cache refreshed ruleCount=13
2026-10-01T10:50:35.578+05:30  INFO 10832 --- [fraud-engine-service] [scheduling-1] c.s.f.f.client.BlacklistCacheClient      : Fetching active blacklist from Rule Cache
2026-10-01T10:50:35.578+05:30  INFO 10832 --- [fraud-engine-service] [scheduling-1] c.s.f.f.client.BlacklistCacheClient      : Fetched 8 active blacklist entries from Rule Cache
2026-10-01T10:50:35.578+05:30  INFO 10832 --- [fraud-engine-service] [scheduling-1] c.s.f.f.cache.ActiveBlacklistCache       : Active blacklist cache refreshed entryCount=8
2026-10-01T10:50:37.415+05:30  INFO 10832 --- [fraud-engine-service] [scheduling-1] c.s.f.f.client.RuleCacheClient           : Fetching active rules from Rule Cache
2026-10-01T10:50:37.416+05:30  INFO 10832 --- [fraud-engine-service] [scheduling-1] c.s.f.f.client.RuleCacheClient           : Fetched 13 active rules from Rule Cache
2026-10-01T10:50:37.428+05:30  INFO 10832 --- [fraud-engine-service] [scheduling-1] c.s.f.fraudengine.cache.ActiveRuleCache  : Active rule cache refreshed ruleCount=13
2026-10-01T10:50:40.599+05:30  INFO 10832 --- [fraud-engine-service] [scheduling-1] c.s.f.f.client.BlacklistCacheClient      : Fetching active blacklist from Rule Cache
2026-10-01T10:50:40.604+05:30  INFO 10832 --- [fraud-engine-service] [scheduling-1] c.s.f.f.client.BlacklistCacheClient      : Fetched 8 active blacklist entries from Rule Cache
2026-10-01T10:50:40.604+05:30  INFO 10832 --- [fraud-engine-service] [scheduling-1] c.s.f.f.cache.ActiveBlacklistCache       : Active blacklist cache refreshed entryCount=8
2026-10-01T10:50:42.434+05:30  INFO 10832 --- [fraud-engine-service] [scheduling-1] c.s.f.f.client.RuleCacheClient           : Fetching active rules from Rule Cache
2026-10-01T10:50:42.446+05:30  INFO 10832 --- [fraud-engine-service] [scheduling-1] c.s.f.f.client.RuleCacheClient           : Fetched 13 active rules from Rule Cache
2026-10-01T10:50:42.446+05:30  INFO 10832 --- [fraud-engine-service] [scheduling-1] c.s.f.fraudengine.cache.ActiveRuleCache  : Active rule cache refreshed ruleCount=13
2026-10-01T10:50:45.615+05:30  INFO 10832 --- [fraud-engine-service] [scheduling-1] c.s.f.f.client.BlacklistCacheClient      : Fetching active blacklist from Rule Cache
2026-10-01T10:50:45.616+05:30  INFO 10832 --- [fraud-engine-service] [scheduling-1] c.s.f.f.client.BlacklistCacheClient      : Fetched 8 active blacklist entries from Rule Cache
2026-10-01T10:50:45.616+05:30  INFO 10832 --- [fraud-engine-service] [scheduling-1] c.s.f.f.cache.ActiveBlacklistCache       : Active blacklist cache refreshed entryCount=8
2026-10-01T10:50:46.364+05:30  INFO 10832 --- [fraud-engine-service] [AsyncResolver-bootstrap-executor-%d] c.n.d.s.r.aws.ConfigClusterResolver      : Resolving eureka endpoints via configuration
2026-10-01T10:50:47.460+05:30  INFO 10832 --- [fraud-engine-service] [scheduling-1] c.s.f.f.client.RuleCacheClient           : Fetching active rules from Rule Cache
2026-10-01T10:50:47.477+05:30  INFO 10832 --- [fraud-engine-service] [scheduling-1] c.s.f.f.client.RuleCacheClient           : Fetched 13 active rules from Rule Cache
2026-10-01T10:50:47.477+05:30  INFO 10832 --- [fraud-engine-service] [scheduling-1] c.s.f.fraudengine.cache.ActiveRuleCache  : Active rule cache refreshed ruleCount=13
2026-10-01T10:50:50.636+05:30  INFO 10832 --- [fraud-engine-service] [scheduling-1] c.s.f.f.client.BlacklistCacheClient      : Fetching active blacklist from Rule Cache
2026-10-01T10:50:50.649+05:30  INFO 10832 --- [fraud-engine-service] [scheduling-1] c.s.f.f.client.BlacklistCacheClient      : Fetched 8 active blacklist entries from Rule Cache
2026-10-01T10:50:50.652+05:30  INFO 10832 --- [fraud-engine-service] [scheduling-1] c.s.f.f.cache.ActiveBlacklistCache       : Active blacklist cache refreshed entryCount=8
2026-10-01T10:50:52.491+05:30  INFO 10832 --- [fraud-engine-service] [scheduling-1] c.s.f.f.client.RuleCacheClient           : Fetching active rules from Rule Cache
2026-10-01T10:50:52.491+05:30  INFO 10832 --- [fraud-engine-service] [scheduling-1] c.s.f.f.client.RuleCacheClient           : Fetched 13 active rules from Rule Cache
2026-10-01T10:50:52.491+05:30  INFO 10832 --- [fraud-engine-service] [scheduling-1] c.s.f.fraudengine.cache.ActiveRuleCache  : Active rule cache refreshed ruleCount=13
2026-10-01T10:50:55.652+05:30  INFO 10832 --- [fraud-engine-service] [scheduling-1] c.s.f.f.client.BlacklistCacheClient      : Fetching active blacklist from Rule Cache
2026-10-01T10:50:55.652+05:30  INFO 10832 --- [fraud-engine-service] [scheduling-1] c.s.f.f.client.BlacklistCacheClient      : Fetched 8 active blacklist entries from Rule Cache
2026-10-01T10:50:55.652+05:30  INFO 10832 --- [fraud-engine-service] [scheduling-1] c.s.f.f.cache.ActiveBlacklistCache       : Active blacklist cache refreshed entryCount=8
2026-10-01T10:50:57.516+05:30  INFO 10832 --- [fraud-engine-service] [scheduling-1] c.s.f.f.client.RuleCacheClient           : Fetching active rules from Rule Cache
2026-10-01T10:50:57.517+05:30  INFO 10832 --- [fraud-engine-service] [scheduling-1] c.s.f.f.client.RuleCacheClient           : Fetched 13 active rules from Rule Cache
2026-10-01T10:50:57.517+05:30  INFO 10832 --- [fraud-engine-service] [scheduling-1] c.s.f.fraudengine.cache.ActiveRuleCache  : Active rule cache refreshed ruleCount=13
2026-10-01T10:51:00.673+05:30  INFO 10832 --- [fraud-engine-service] [scheduling-1] c.s.f.f.client.BlacklistCacheClient      : Fetching active blacklist from Rule Cache
2026-10-01T10:51:00.676+05:30  INFO 10832 --- [fraud-engine-service] [scheduling-1] c.s.f.f.client.BlacklistCacheClient      : Fetched 8 active blacklist entries from Rule Cache
2026-10-01T10:51:00.676+05:30  INFO 10832 --- [fraud-engine-service] [scheduling-1] c.s.f.f.cache.ActiveBlacklistCache       : Active blacklist cache refreshed entryCount=8
2026-10-01T10:51:02.538+05:30  INFO 10832 --- [fraud-engine-service] [scheduling-1] c.s.f.f.client.RuleCacheClient           : Fetching active rules from Rule Cache
2026-10-01T10:51:02.548+05:30  INFO 10832 --- [fraud-engine-service] [scheduling-1] c.s.f.f.client.RuleCacheClient           : Fetched 13 active rules from Rule Cache
2026-10-01T10:51:02.548+05:30  INFO 10832 --- [fraud-engine-service] [scheduling-1] c.s.f.fraudengine.cache.ActiveRuleCache  : Active rule cache refreshed ruleCount=13
2026-10-01T10:51:05.702+05:30  INFO 10832 --- [fraud-engine-service] [scheduling-1] c.s.f.f.client.BlacklistCacheClient      : Fetching active blacklist from Rule Cache
2026-10-01T10:51:05.708+05:30  INFO 10832 --- [fraud-engine-service] [scheduling-1] c.s.f.f.client.BlacklistCacheClient      : Fetched 8 active blacklist entries from Rule Cache
2026-10-01T10:51:05.708+05:30  INFO 10832 --- [fraud-engine-service] [scheduling-1] c.s.f.f.cache.ActiveBlacklistCache       : Active blacklist cache refreshed entryCount=8
2026-10-01T10:51:07.553+05:30  INFO 10832 --- [fraud-engine-service] [scheduling-1] c.s.f.f.client.RuleCacheClient           : Fetching active rules from Rule Cache
2026-10-01T10:51:07.557+05:30  INFO 10832 --- [fraud-engine-service] [scheduling-1] c.s.f.f.client.RuleCacheClient           : Fetched 13 active rules from Rule Cache
2026-10-01T10:51:07.557+05:30  INFO 10832 --- [fraud-engine-service] [scheduling-1] c.s.f.fraudengine.cache.ActiveRuleCache  : Active rule cache refreshed ruleCount=13
2026-10-01T10:51:10.729+05:30  INFO 10832 --- [fraud-engine-service] [scheduling-1] c.s.f.f.client.BlacklistCacheClient      : Fetching active blacklist from Rule Cache
2026-10-01T10:51:10.738+05:30  INFO 10832 --- [fraud-engine-service] [scheduling-1] c.s.f.f.client.BlacklistCacheClient      : Fetched 8 active blacklist entries from Rule Cache
2026-10-01T10:51:10.738+05:30  INFO 10832 --- [fraud-engine-service] [scheduling-1] c.s.f.f.cache.ActiveBlacklistCache       : Active blacklist cache refreshed entryCount=8
2026-10-01T10:51:12.567+05:30  INFO 10832 --- [fraud-engine-service] [scheduling-1] c.s.f.f.client.RuleCacheClient           : Fetching active rules from Rule Cache
2026-10-01T10:51:12.576+05:30  INFO 10832 --- [fraud-engine-service] [scheduling-1] c.s.f.f.client.RuleCacheClient           : Fetched 13 active rules from Rule Cache
2026-10-01T10:51:12.576+05:30  INFO 10832 --- [fraud-engine-service] [scheduling-1] c.s.f.fraudengine.cache.ActiveRuleCache  : Active rule cache refreshed ruleCount=13
2026-10-01T10:51:15.744+05:30  INFO 10832 --- [fraud-engine-service] [scheduling-1] c.s.f.f.client.BlacklistCacheClient      : Fetching active blacklist from Rule Cache
2026-10-01T10:51:15.746+05:30  INFO 10832 --- [fraud-engine-service] [scheduling-1] c.s.f.f.client.BlacklistCacheClient      : Fetched 8 active blacklist entries from Rule Cache
2026-10-01T10:51:15.746+05:30  INFO 10832 --- [fraud-engine-service] [scheduling-1] c.s.f.f.cache.ActiveBlacklistCache       : Active blacklist cache refreshed entryCount=8
2026-10-01T10:51:17.583+05:30  INFO 10832 --- [fraud-engine-service] [scheduling-1] c.s.f.f.client.RuleCacheClient           : Fetching active rules from Rule Cache
2026-10-01T10:51:17.619+05:30  INFO 10832 --- [fraud-engine-service] [scheduling-1] c.s.f.f.client.RuleCacheClient           : Fetched 13 active rules from Rule Cache
2026-10-01T10:51:17.619+05:30  INFO 10832 --- [fraud-engine-service] [scheduling-1] c.s.f.fraudengine.cache.ActiveRuleCache  : Active rule cache refreshed ruleCount=13
2026-10-01T10:51:20.758+05:30  INFO 10832 --- [fraud-engine-service] [scheduling-1] c.s.f.f.client.BlacklistCacheClient      : Fetching active blacklist from Rule Cache
2026-10-01T10:51:20.765+05:30  INFO 10832 --- [fraud-engine-service] [scheduling-1] c.s.f.f.client.BlacklistCacheClient      : Fetched 8 active blacklist entries from Rule Cache
2026-10-01T10:51:20.765+05:30  INFO 10832 --- [fraud-engine-service] [scheduling-1] c.s.f.f.cache.ActiveBlacklistCache       : Active blacklist cache refreshed entryCount=8
2026-10-01T10:51:22.626+05:30  INFO 10832 --- [fraud-engine-service] [scheduling-1] c.s.f.f.client.RuleCacheClient           : Fetching active rules from Rule Cache
2026-10-01T10:51:22.634+05:30  INFO 10832 --- [fraud-engine-service] [scheduling-1] c.s.f.f.client.RuleCacheClient           : Fetched 13 active rules from Rule Cache
2026-10-01T10:51:22.634+05:30  INFO 10832 --- [fraud-engine-service] [scheduling-1] c.s.f.fraudengine.cache.ActiveRuleCache  : Active rule cache refreshed ruleCount=13
2026-10-01T10:51:25.771+05:30  INFO 10832 --- [fraud-engine-service] [scheduling-1] c.s.f.f.client.BlacklistCacheClient      : Fetching active blacklist from Rule Cache
2026-10-01T10:51:25.772+05:30  INFO 10832 --- [fraud-engine-service] [scheduling-1] c.s.f.f.client.BlacklistCacheClient      : Fetched 8 active blacklist entries from Rule Cache
2026-10-01T10:51:25.772+05:30  INFO 10832 --- [fraud-engine-service] [scheduling-1] c.s.f.f.cache.ActiveBlacklistCache       : Active blacklist cache refreshed entryCount=8
2026-10-01T10:51:27.642+05:30  INFO 10832 --- [fraud-engine-service] [scheduling-1] c.s.f.f.client.RuleCacheClient           : Fetching active rules from Rule Cache
2026-10-01T10:51:27.651+05:30  INFO 10832 --- [fraud-engine-service] [scheduling-1] c.s.f.f.client.RuleCacheClient           : Fetched 13 active rules from Rule Cache
2026-10-01T10:51:27.651+05:30  INFO 10832 --- [fraud-engine-service] [scheduling-1] c.s.f.fraudengine.cache.ActiveRuleCache  : Active rule cache refreshed ruleCount=13
2026-10-01T10:51:30.787+05:30  INFO 10832 --- [fraud-engine-service] [scheduling-1] c.s.f.f.client.BlacklistCacheClient      : Fetching active blacklist from Rule Cache
2026-10-01T10:51:30.799+05:30  INFO 10832 --- [fraud-engine-service] [scheduling-1] c.s.f.f.client.BlacklistCacheClient      : Fetched 8 active blacklist entries from Rule Cache
2026-10-01T10:51:30.799+05:30  INFO 10832 --- [fraud-engine-service] [scheduling-1] c.s.f.f.cache.ActiveBlacklistCache       : Active blacklist cache refreshed entryCount=8
2026-10-01T10:51:32.673+05:30  INFO 10832 --- [fraud-engine-service] [scheduling-1] c.s.f.f.client.RuleCacheClient           : Fetching active rules from Rule Cache
2026-10-01T10:51:32.686+05:30  INFO 10832 --- [fraud-engine-service] [scheduling-1] c.s.f.f.client.RuleCacheClient           : Fetched 13 active rules from Rule Cache
2026-10-01T10:51:32.686+05:30  INFO 10832 --- [fraud-engine-service] [scheduling-1] c.s.f.fraudengine.cache.ActiveRuleCache  : Active rule cache refreshed ruleCount=13
2026-10-01T10:51:35.814+05:30  INFO 10832 --- [fraud-engine-service] [scheduling-1] c.s.f.f.client.BlacklistCacheClient      : Fetching active blacklist from Rule Cache
2026-10-01T10:51:35.822+05:30  INFO 10832 --- [fraud-engine-service] [scheduling-1] c.s.f.f.client.BlacklistCacheClient      : Fetched 8 active blacklist entries from Rule Cache
2026-10-01T10:51:35.822+05:30  INFO 10832 --- [fraud-engine-service] [scheduling-1] c.s.f.f.cache.ActiveBlacklistCache       : Active blacklist cache refreshed entryCount=8
2026-10-01T10:51:37.702+05:30  INFO 10832 --- [fraud-engine-service] [scheduling-1] c.s.f.f.client.RuleCacheClient           : Fetching active rules from Rule Cache
2026-10-01T10:51:37.702+05:30  INFO 10832 --- [fraud-engine-service] [scheduling-1] c.s.f.f.client.RuleCacheClient           : Fetched 13 active rules from Rule Cache
2026-10-01T10:51:37.702+05:30  INFO 10832 --- [fraud-engine-service] [scheduling-1] c.s.f.fraudengine.cache.ActiveRuleCache  : Active rule cache refreshed ruleCount=13
2026-10-01T10:51:40.828+05:30  INFO 10832 --- [fraud-engine-service] [scheduling-1] c.s.f.f.client.BlacklistCacheClient      : Fetching active blacklist from Rule Cache
2026-10-01T10:51:40.828+05:30  INFO 10832 --- [fraud-engine-service] [scheduling-1] c.s.f.f.client.BlacklistCacheClient      : Fetched 8 active blacklist entries from Rule Cache
2026-10-01T10:51:40.828+05:30  INFO 10832 --- [fraud-engine-service] [scheduling-1] c.s.f.f.cache.ActiveBlacklistCache       : Active blacklist cache refreshed entryCount=8
2026-10-01T10:51:42.715+05:30  INFO 10832 --- [fraud-engine-service] [scheduling-1] c.s.f.f.client.RuleCacheClient           : Fetching active rules from Rule Cache
2026-10-01T10:51:42.726+05:30  INFO 10832 --- [fraud-engine-service] [scheduling-1] c.s.f.f.client.RuleCacheClient           : Fetched 13 active rules from Rule Cache
2026-10-01T10:51:42.726+05:30  INFO 10832 --- [fraud-engine-service] [scheduling-1] c.s.f.fraudengine.cache.ActiveRuleCache  : Active rule cache refreshed ruleCount=13
2026-10-01T10:51:45.842+05:30  INFO 10832 --- [fraud-engine-service] [scheduling-1] c.s.f.f.client.BlacklistCacheClient      : Fetching active blacklist from Rule Cache
2026-10-01T10:51:45.842+05:30  INFO 10832 --- [fraud-engine-service] [scheduling-1] c.s.f.f.client.BlacklistCacheClient      : Fetched 8 active blacklist entries from Rule Cache
2026-10-01T10:51:45.842+05:30  INFO 10832 --- [fraud-engine-service] [scheduling-1] c.s.f.f.cache.ActiveBlacklistCache       : Active blacklist cache refreshed entryCount=8
2026-10-01T10:51:47.753+05:30  INFO 10832 --- [fraud-engine-service] [scheduling-1] c.s.f.f.client.RuleCacheClient           : Fetching active rules from Rule Cache
2026-10-01T10:51:47.793+05:30  INFO 10832 --- [fraud-engine-service] [scheduling-1] c.s.f.f.client.RuleCacheClient           : Fetched 13 active rules from Rule Cache
2026-10-01T10:51:47.793+05:30  INFO 10832 --- [fraud-engine-service] [scheduling-1] c.s.f.fraudengine.cache.ActiveRuleCache  : Active rule cache refreshed ruleCount=13
2026-10-01T10:51:50.865+05:30  INFO 10832 --- [fraud-engine-service] [scheduling-1] c.s.f.f.client.BlacklistCacheClient      : Fetching active blacklist from Rule Cache
2026-10-01T10:51:50.877+05:30  INFO 10832 --- [fraud-engine-service] [scheduling-1] c.s.f.f.client.BlacklistCacheClient      : Fetched 8 active blacklist entries from Rule Cache
2026-10-01T10:51:50.877+05:30  INFO 10832 --- [fraud-engine-service] [scheduling-1] c.s.f.f.cache.ActiveBlacklistCache       : Active blacklist cache refreshed entryCount=8
2026-10-01T10:51:52.804+05:30  INFO 10832 --- [fraud-engine-service] [scheduling-1] c.s.f.f.client.RuleCacheClient           : Fetching active rules from Rule Cache
2026-10-01T10:51:52.813+05:30  INFO 10832 --- [fraud-engine-service] [scheduling-1] c.s.f.f.client.RuleCacheClient           : Fetched 13 active rules from Rule Cache
2026-10-01T10:51:52.813+05:30  INFO 10832 --- [fraud-engine-service] [scheduling-1] c.s.f.fraudengine.cache.ActiveRuleCache  : Active rule cache refreshed ruleCount=13
2026-10-01T10:51:55.879+05:30  INFO 10832 --- [fraud-engine-service] [scheduling-1] c.s.f.f.client.BlacklistCacheClient      : Fetching active blacklist from Rule Cache
2026-10-01T10:51:55.885+05:30  INFO 10832 --- [fraud-engine-service] [scheduling-1] c.s.f.f.client.BlacklistCacheClient      : Fetched 8 active blacklist entries from Rule Cache
2026-10-01T10:51:55.885+05:30  INFO 10832 --- [fraud-engine-service] [scheduling-1] c.s.f.f.cache.ActiveBlacklistCache       : Active blacklist cache refreshed entryCount=8
2026-10-01T10:51:57.825+05:30  INFO 10832 --- [fraud-engine-service] [scheduling-1] c.s.f.f.client.RuleCacheClient           : Fetching active rules from Rule Cache
2026-10-01T10:51:57.830+05:30  INFO 10832 --- [fraud-engine-service] [scheduling-1] c.s.f.f.client.RuleCacheClient           : Fetched 13 active rules from Rule Cache
2026-10-01T10:51:57.830+05:30  INFO 10832 --- [fraud-engine-service] [scheduling-1] c.s.f.fraudengine.cache.ActiveRuleCache  : Active rule cache refreshed ruleCount=13
2026-10-01T10:52:00.906+05:30  INFO 10832 --- [fraud-engine-service] [scheduling-1] c.s.f.f.client.BlacklistCacheClient      : Fetching active blacklist from Rule Cache
2026-10-01T10:52:00.908+05:30  INFO 10832 --- [fraud-engine-service] [scheduling-1] c.s.f.f.client.BlacklistCacheClient      : Fetched 8 active blacklist entries from Rule Cache
2026-10-01T10:52:00.908+05:30  INFO 10832 --- [fraud-engine-service] [scheduling-1] c.s.f.f.cache.ActiveBlacklistCache       : Active blacklist cache refreshed entryCount=8
2026-10-01T10:52:02.848+05:30  INFO 10832 --- [fraud-engine-service] [scheduling-1] c.s.f.f.client.RuleCacheClient           : Fetching active rules from Rule Cache
2026-10-01T10:52:02.887+05:30  INFO 10832 --- [fraud-engine-service] [scheduling-1] c.s.f.f.client.RuleCacheClient           : Fetched 13 active rules from Rule Cache
2026-10-01T10:52:02.887+05:30  INFO 10832 --- [fraud-engine-service] [scheduling-1] c.s.f.fraudengine.cache.ActiveRuleCache  : Active rule cache refreshed ruleCount=13
2026-10-01T10:52:05.934+05:30  INFO 10832 --- [fraud-engine-service] [scheduling-1] c.s.f.f.client.BlacklistCacheClient      : Fetching active blacklist from Rule Cache
2026-10-01T10:52:05.938+05:30  INFO 10832 --- [fraud-engine-service] [scheduling-1] c.s.f.f.client.BlacklistCacheClient      : Fetched 8 active blacklist entries from Rule Cache
2026-10-01T10:52:05.938+05:30  INFO 10832 --- [fraud-engine-service] [scheduling-1] c.s.f.f.cache.ActiveBlacklistCache       : Active blacklist cache refreshed entryCount=8
2026-10-01T10:52:07.897+05:30  INFO 10832 --- [fraud-engine-service] [scheduling-1] c.s.f.f.client.RuleCacheClient           : Fetching active rules from Rule Cache
2026-10-01T10:52:07.908+05:30  INFO 10832 --- [fraud-engine-service] [scheduling-1] c.s.f.f.client.RuleCacheClient           : Fetched 13 active rules from Rule Cache
2026-10-01T10:52:07.908+05:30  INFO 10832 --- [fraud-engine-service] [scheduling-1] c.s.f.fraudengine.cache.ActiveRuleCache  : Active rule cache refreshed ruleCount=13
2026-10-01T10:52:10.946+05:30  INFO 10832 --- [fraud-engine-service] [scheduling-1] c.s.f.f.client.BlacklistCacheClient      : Fetching active blacklist from Rule Cache
2026-10-01T10:52:10.954+05:30  INFO 10832 --- [fraud-engine-service] [scheduling-1] c.s.f.f.client.BlacklistCacheClient      : Fetched 8 active blacklist entries from Rule Cache
2026-10-01T10:52:10.954+05:30  INFO 10832 --- [fraud-engine-service] [scheduling-1] c.s.f.f.cache.ActiveBlacklistCache       : Active blacklist cache refreshed entryCount=8
2026-10-01T10:52:12.919+05:30  INFO 10832 --- [fraud-engine-service] [scheduling-1] c.s.f.f.client.RuleCacheClient           : Fetching active rules from Rule Cache
2026-10-01T10:52:12.930+05:30  INFO 10832 --- [fraud-engine-service] [scheduling-1] c.s.f.f.client.RuleCacheClient           : Fetched 13 active rules from Rule Cache
2026-10-01T10:52:12.930+05:30  INFO 10832 --- [fraud-engine-service] [scheduling-1] c.s.f.fraudengine.cache.ActiveRuleCache  : Active rule cache refreshed ruleCount=13
2026-10-01T10:52:15.962+05:30  INFO 10832 --- [fraud-engine-service] [scheduling-1] c.s.f.f.client.BlacklistCacheClient      : Fetching active blacklist from Rule Cache
2026-10-01T10:52:15.967+05:30  INFO 10832 --- [fraud-engine-service] [scheduling-1] c.s.f.f.client.BlacklistCacheClient      : Fetched 8 active blacklist entries from Rule Cache
2026-10-01T10:52:15.967+05:30  INFO 10832 --- [fraud-engine-service] [scheduling-1] c.s.f.f.cache.ActiveBlacklistCache       : Active blacklist cache refreshed entryCount=8
2026-10-01T10:52:17.935+05:30  INFO 10832 --- [fraud-engine-service] [scheduling-1] c.s.f.f.client.RuleCacheClient           : Fetching active rules from Rule Cache
2026-10-01T10:52:17.973+05:30  INFO 10832 --- [fraud-engine-service] [scheduling-1] c.s.f.f.client.RuleCacheClient           : Fetched 13 active rules from Rule Cache
2026-10-01T10:52:17.973+05:30  INFO 10832 --- [fraud-engine-service] [scheduling-1] c.s.f.fraudengine.cache.ActiveRuleCache  : Active rule cache refreshed ruleCount=13
2026-10-01T10:52:20.981+05:30  INFO 10832 --- [fraud-engine-service] [scheduling-1] c.s.f.f.client.BlacklistCacheClient      : Fetching active blacklist from Rule Cache
2026-10-01T10:52:20.985+05:30  INFO 10832 --- [fraud-engine-service] [scheduling-1] c.s.f.f.client.BlacklistCacheClient      : Fetched 8 active blacklist entries from Rule Cache
2026-10-01T10:52:20.985+05:30  INFO 10832 --- [fraud-engine-service] [scheduling-1] c.s.f.f.cache.ActiveBlacklistCache       : Active blacklist cache refreshed entryCount=8
2026-10-01T10:52:22.979+05:30  INFO 10832 --- [fraud-engine-service] [scheduling-1] c.s.f.f.client.RuleCacheClient           : Fetching active rules from Rule Cache
2026-10-01T10:52:22.988+05:30  INFO 10832 --- [fraud-engine-service] [scheduling-1] c.s.f.f.client.RuleCacheClient           : Fetched 13 active rules from Rule Cache
2026-10-01T10:52:22.989+05:30  INFO 10832 --- [fraud-engine-service] [scheduling-1] c.s.f.fraudengine.cache.ActiveRuleCache  : Active rule cache refreshed ruleCount=13
2026-10-01T10:52:25.996+05:30  INFO 10832 --- [fraud-engine-service] [scheduling-1] c.s.f.f.client.BlacklistCacheClient      : Fetching active blacklist from Rule Cache
2026-10-01T10:52:25.996+05:30  INFO 10832 --- [fraud-engine-service] [scheduling-1] c.s.f.f.client.BlacklistCacheClient      : Fetched 8 active blacklist entries from Rule Cache
2026-10-01T10:52:25.996+05:30  INFO 10832 --- [fraud-engine-service] [scheduling-1] c.s.f.f.cache.ActiveBlacklistCache       : Active blacklist cache refreshed entryCount=8
2026-10-01T10:52:27.998+05:30  INFO 10832 --- [fraud-engine-service] [scheduling-1] c.s.f.f.client.RuleCacheClient           : Fetching active rules from Rule Cache
2026-10-01T10:52:28.008+05:30  INFO 10832 --- [fraud-engine-service] [scheduling-1] c.s.f.f.client.RuleCacheClient           : Fetched 13 active rules from Rule Cache
2026-10-01T10:52:28.009+05:30  INFO 10832 --- [fraud-engine-service] [scheduling-1] c.s.f.fraudengine.cache.ActiveRuleCache  : Active rule cache refreshed ruleCount=13
2026-10-01T10:52:31.015+05:30  INFO 10832 --- [fraud-engine-service] [scheduling-1] c.s.f.f.client.BlacklistCacheClient      : Fetching active blacklist from Rule Cache
2026-10-01T10:52:31.015+05:30  INFO 10832 --- [fraud-engine-service] [scheduling-1] c.s.f.f.client.BlacklistCacheClient      : Fetched 8 active blacklist entries from Rule Cache
2026-10-01T10:52:31.015+05:30  INFO 10832 --- [fraud-engine-service] [scheduling-1] c.s.f.f.cache.ActiveBlacklistCache       : Active blacklist cache refreshed entryCount=8
2026-10-01T10:52:33.011+05:30  INFO 10832 --- [fraud-engine-service] [scheduling-1] c.s.f.f.client.RuleCacheClient           : Fetching active rules from Rule Cache
2026-10-01T10:52:33.020+05:30  INFO 10832 --- [fraud-engine-service] [scheduling-1] c.s.f.f.client.RuleCacheClient           : Fetched 13 active rules from Rule Cache
2026-10-01T10:52:33.020+05:30  INFO 10832 --- [fraud-engine-service] [scheduling-1] c.s.f.fraudengine.cache.ActiveRuleCache  : Active rule cache refreshed ruleCount=13
2026-10-01T10:52:36.038+05:30  INFO 10832 --- [fraud-engine-service] [scheduling-1] c.s.f.f.client.BlacklistCacheClient      : Fetching active blacklist from Rule Cache
2026-10-01T10:52:36.041+05:30  INFO 10832 --- [fraud-engine-service] [scheduling-1] c.s.f.f.client.BlacklistCacheClient      : Fetched 8 active blacklist entries from Rule Cache
2026-10-01T10:52:36.041+05:30  INFO 10832 --- [fraud-engine-service] [scheduling-1] c.s.f.f.cache.ActiveBlacklistCache       : Active blacklist cache refreshed entryCount=8
2026-10-01T10:52:38.026+05:30  INFO 10832 --- [fraud-engine-service] [scheduling-1] c.s.f.f.client.RuleCacheClient           : Fetching active rules from Rule Cache
2026-10-01T10:52:38.026+05:30  INFO 10832 --- [fraud-engine-service] [scheduling-1] c.s.f.f.client.RuleCacheClient           : Fetched 13 active rules from Rule Cache
2026-10-01T10:52:38.026+05:30  INFO 10832 --- [fraud-engine-service] [scheduling-1] c.s.f.fraudengine.cache.ActiveRuleCache  : Active rule cache refreshed ruleCount=13
2026-10-01T10:52:41.057+05:30  INFO 10832 --- [fraud-engine-service] [scheduling-1] c.s.f.f.client.BlacklistCacheClient      : Fetching active blacklist from Rule Cache
2026-10-01T10:52:41.057+05:30  INFO 10832 --- [fraud-engine-service] [scheduling-1] c.s.f.f.client.BlacklistCacheClient      : Fetched 8 active blacklist entries from Rule Cache
2026-10-01T10:52:41.057+05:30  INFO 10832 --- [fraud-engine-service] [scheduling-1] c.s.f.f.cache.ActiveBlacklistCache       : Active blacklist cache refreshed entryCount=8
2026-10-01T10:52:43.044+05:30  INFO 10832 --- [fraud-engine-service] [scheduling-1] c.s.f.f.client.RuleCacheClient           : Fetching active rules from Rule Cache
2026-10-01T10:52:43.046+05:30  INFO 10832 --- [fraud-engine-service] [scheduling-1] c.s.f.f.client.RuleCacheClient           : Fetched 13 active rules from Rule Cache
2026-10-01T10:52:43.046+05:30  INFO 10832 --- [fraud-engine-service] [scheduling-1] c.s.f.fraudengine.cache.ActiveRuleCache  : Active rule cache refreshed ruleCount=13
2026-10-01T10:52:46.068+05:30  INFO 10832 --- [fraud-engine-service] [scheduling-1] c.s.f.f.client.BlacklistCacheClient      : Fetching active blacklist from Rule Cache
2026-10-01T10:52:46.068+05:30  INFO 10832 --- [fraud-engine-service] [scheduling-1] c.s.f.f.client.BlacklistCacheClient      : Fetched 8 active blacklist entries from Rule Cache
2026-10-01T10:52:46.068+05:30  INFO 10832 --- [fraud-engine-service] [scheduling-1] c.s.f.f.cache.ActiveBlacklistCache       : Active blacklist cache refreshed entryCount=8
2026-10-01T10:52:48.064+05:30  INFO 10832 --- [fraud-engine-service] [scheduling-1] c.s.f.f.client.RuleCacheClient           : Fetching active rules from Rule Cache
2026-10-01T10:52:48.105+05:30  INFO 10832 --- [fraud-engine-service] [scheduling-1] c.s.f.f.client.RuleCacheClient           : Fetched 13 active rules from Rule Cache
2026-10-01T10:52:48.105+05:30  INFO 10832 --- [fraud-engine-service] [scheduling-1] c.s.f.fraudengine.cache.ActiveRuleCache  : Active rule cache refreshed ruleCount=13
2026-10-01T10:52:51.087+05:30  INFO 10832 --- [fraud-engine-service] [scheduling-1] c.s.f.f.client.BlacklistCacheClient      : Fetching active blacklist from Rule Cache
2026-10-01T10:52:51.088+05:30  INFO 10832 --- [fraud-engine-service] [scheduling-1] c.s.f.f.client.BlacklistCacheClient      : Fetched 8 active blacklist entries from Rule Cache
2026-10-01T10:52:51.088+05:30  INFO 10832 --- [fraud-engine-service] [scheduling-1] c.s.f.f.cache.ActiveBlacklistCache       : Active blacklist cache refreshed entryCount=8
2026-10-01T10:52:53.120+05:30  INFO 10832 --- [fraud-engine-service] [scheduling-1] c.s.f.f.client.RuleCacheClient           : Fetching active rules from Rule Cache
2026-10-01T10:52:53.120+05:30  INFO 10832 --- [fraud-engine-service] [scheduling-1] c.s.f.f.client.RuleCacheClient           : Fetched 13 active rules from Rule Cache
2026-10-01T10:52:53.120+05:30  INFO 10832 --- [fraud-engine-service] [scheduling-1] c.s.f.fraudengine.cache.ActiveRuleCache  : Active rule cache refreshed ruleCount=13
2026-10-01T10:52:56.110+05:30  INFO 10832 --- [fraud-engine-service] [scheduling-1] c.s.f.f.client.BlacklistCacheClient      : Fetching active blacklist from Rule Cache
2026-10-01T10:52:56.110+05:30  INFO 10832 --- [fraud-engine-service] [scheduling-1] c.s.f.f.client.BlacklistCacheClient      : Fetched 8 active blacklist entries from Rule Cache
2026-10-01T10:52:56.110+05:30  INFO 10832 --- [fraud-engine-service] [scheduling-1] c.s.f.f.cache.ActiveBlacklistCache       : Active blacklist cache refreshed entryCount=8
2026-10-01T10:52:58.133+05:30  INFO 10832 --- [fraud-engine-service] [scheduling-1] c.s.f.f.client.RuleCacheClient           : Fetching active rules from Rule Cache
2026-10-01T10:52:58.133+05:30  INFO 10832 --- [fraud-engine-service] [scheduling-1] c.s.f.f.client.RuleCacheClient           : Fetched 13 active rules from Rule Cache
2026-10-01T10:52:58.133+05:30  INFO 10832 --- [fraud-engine-service] [scheduling-1] c.s.f.fraudengine.cache.ActiveRuleCache  : Active rule cache refreshed ruleCount=13
2026-10-01T10:53:01.132+05:30  INFO 10832 --- [fraud-engine-service] [scheduling-1] c.s.f.f.client.BlacklistCacheClient      : Fetching active blacklist from Rule Cache
2026-10-01T10:53:01.141+05:30  INFO 10832 --- [fraud-engine-service] [scheduling-1] c.s.f.f.client.BlacklistCacheClient      : Fetched 8 active blacklist entries from Rule Cache
2026-10-01T10:53:01.141+05:30  INFO 10832 --- [fraud-engine-service] [scheduling-1] c.s.f.f.cache.ActiveBlacklistCache       : Active blacklist cache refreshed entryCount=8
2026-10-01T10:53:03.155+05:30  INFO 10832 --- [fraud-engine-service] [scheduling-1] c.s.f.f.client.RuleCacheClient           : Fetching active rules from Rule Cache
2026-10-01T10:53:03.196+05:30  INFO 10832 --- [fraud-engine-service] [scheduling-1] c.s.f.f.client.RuleCacheClient           : Fetched 13 active rules from Rule Cache
2026-10-01T10:53:03.196+05:30  INFO 10832 --- [fraud-engine-service] [scheduling-1] c.s.f.fraudengine.cache.ActiveRuleCache  : Active rule cache refreshed ruleCount=13
2026-10-01T10:53:06.156+05:30  INFO 10832 --- [fraud-engine-service] [scheduling-1] c.s.f.f.client.BlacklistCacheClient      : Fetching active blacklist from Rule Cache
2026-10-01T10:53:06.165+05:30  INFO 10832 --- [fraud-engine-service] [scheduling-1] c.s.f.f.client.BlacklistCacheClient      : Fetched 8 active blacklist entries from Rule Cache
2026-10-01T10:53:06.165+05:30  INFO 10832 --- [fraud-engine-service] [scheduling-1] c.s.f.f.cache.ActiveBlacklistCache       : Active blacklist cache refreshed entryCount=8
2026-10-01T10:53:08.221+05:30  INFO 10832 --- [fraud-engine-service] [scheduling-1] c.s.f.f.client.RuleCacheClient           : Fetching active rules from Rule Cache
2026-10-01T10:53:08.323+05:30  INFO 10832 --- [fraud-engine-service] [scheduling-1] c.s.f.f.client.RuleCacheClient           : Fetched 13 active rules from Rule Cache
2026-10-01T10:53:08.323+05:30  INFO 10832 --- [fraud-engine-service] [scheduling-1] c.s.f.fraudengine.cache.ActiveRuleCache  : Active rule cache refreshed ruleCount=13
2026-10-01T10:53:11.168+05:30  INFO 10832 --- [fraud-engine-service] [scheduling-1] c.s.f.f.client.BlacklistCacheClient      : Fetching active blacklist from Rule Cache
2026-10-01T10:53:11.178+05:30  INFO 10832 --- [fraud-engine-service] [scheduling-1] c.s.f.f.client.BlacklistCacheClient      : Fetched 8 active blacklist entries from Rule Cache
2026-10-01T10:53:11.178+05:30  INFO 10832 --- [fraud-engine-service] [scheduling-1] c.s.f.f.cache.ActiveBlacklistCache       : Active blacklist cache refreshed entryCount=8
2026-10-01T10:53:13.329+05:30  INFO 10832 --- [fraud-engine-service] [scheduling-1] c.s.f.f.client.RuleCacheClient           : Fetching active rules from Rule Cache
2026-10-01T10:53:13.337+05:30  INFO 10832 --- [fraud-engine-service] [scheduling-1] c.s.f.f.client.RuleCacheClient           : Fetched 13 active rules from Rule Cache
2026-10-01T10:53:13.337+05:30  INFO 10832 --- [fraud-engine-service] [scheduling-1] c.s.f.fraudengine.cache.ActiveRuleCache  : Active rule cache refreshed ruleCount=13
2026-10-01T10:53:16.193+05:30  INFO 10832 --- [fraud-engine-service] [scheduling-1] c.s.f.f.client.BlacklistCacheClient      : Fetching active blacklist from Rule Cache
2026-10-01T10:53:16.193+05:30  INFO 10832 --- [fraud-engine-service] [scheduling-1] c.s.f.f.client.BlacklistCacheClient      : Fetched 8 active blacklist entries from Rule Cache
2026-10-01T10:53:16.193+05:30  INFO 10832 --- [fraud-engine-service] [scheduling-1] c.s.f.f.cache.ActiveBlacklistCache       : Active blacklist cache refreshed entryCount=8
2026-10-01T10:53:18.346+05:30  INFO 10832 --- [fraud-engine-service] [scheduling-1] c.s.f.f.client.RuleCacheClient           : Fetching active rules from Rule Cache
2026-10-01T10:53:18.387+05:30  INFO 10832 --- [fraud-engine-service] [scheduling-1] c.s.f.f.client.RuleCacheClient           : Fetched 13 active rules from Rule Cache
2026-10-01T10:53:18.387+05:30  INFO 10832 --- [fraud-engine-service] [scheduling-1] c.s.f.fraudengine.cache.ActiveRuleCache  : Active rule cache refreshed ruleCount=13
2026-10-01T10:53:21.218+05:30  INFO 10832 --- [fraud-engine-service] [scheduling-1] c.s.f.f.client.BlacklistCacheClient      : Fetching active blacklist from Rule Cache
2026-10-01T10:53:21.226+05:30  INFO 10832 --- [fraud-engine-service] [scheduling-1] c.s.f.f.client.BlacklistCacheClient      : Fetched 8 active blacklist entries from Rule Cache
2026-10-01T10:53:21.228+05:30  INFO 10832 --- [fraud-engine-service] [scheduling-1] c.s.f.f.cache.ActiveBlacklistCache       : Active blacklist cache refreshed entryCount=8
2026-10-01T10:53:23.397+05:30  INFO 10832 --- [fraud-engine-service] [scheduling-1] c.s.f.f.client.RuleCacheClient           : Fetching active rules from Rule Cache
2026-10-01T10:53:23.397+05:30  INFO 10832 --- [fraud-engine-service] [scheduling-1] c.s.f.f.client.RuleCacheClient           : Fetched 13 active rules from Rule Cache
2026-10-01T10:53:23.397+05:30  INFO 10832 --- [fraud-engine-service] [scheduling-1] c.s.f.fraudengine.cache.ActiveRuleCache  : Active rule cache refreshed ruleCount=13
2026-10-01T10:53:26.240+05:30  INFO 10832 --- [fraud-engine-service] [scheduling-1] c.s.f.f.client.BlacklistCacheClient      : Fetching active blacklist from Rule Cache
2026-10-01T10:53:26.241+05:30  INFO 10832 --- [fraud-engine-service] [scheduling-1] c.s.f.f.client.BlacklistCacheClient      : Fetched 8 active blacklist entries from Rule Cache
2026-10-01T10:53:26.241+05:30  INFO 10832 --- [fraud-engine-service] [scheduling-1] c.s.f.f.cache.ActiveBlacklistCache       : Active blacklist cache refreshed entryCount=8
2026-10-01T10:53:28.411+05:30  INFO 10832 --- [fraud-engine-service] [scheduling-1] c.s.f.f.client.RuleCacheClient           : Fetching active rules from Rule Cache
2026-10-01T10:53:28.423+05:30  INFO 10832 --- [fraud-engine-service] [scheduling-1] c.s.f.f.client.RuleCacheClient           : Fetched 13 active rules from Rule Cache
2026-10-01T10:53:28.423+05:30  INFO 10832 --- [fraud-engine-service] [scheduling-1] c.s.f.fraudengine.cache.ActiveRuleCache  : Active rule cache refreshed ruleCount=13
2026-10-01T10:53:31.257+05:30  INFO 10832 --- [fraud-engine-service] [scheduling-1] c.s.f.f.client.BlacklistCacheClient      : Fetching active blacklist from Rule Cache
2026-10-01T10:53:31.264+05:30  INFO 10832 --- [fraud-engine-service] [scheduling-1] c.s.f.f.client.BlacklistCacheClient      : Fetched 8 active blacklist entries from Rule Cache
2026-10-01T10:53:31.264+05:30  INFO 10832 --- [fraud-engine-service] [scheduling-1] c.s.f.f.cache.ActiveBlacklistCache       : Active blacklist cache refreshed entryCount=8
2026-10-01T10:53:33.442+05:30  INFO 10832 --- [fraud-engine-service] [scheduling-1] c.s.f.f.client.RuleCacheClient           : Fetching active rules from Rule Cache
2026-10-01T10:53:33.471+05:30  INFO 10832 --- [fraud-engine-service] [scheduling-1] c.s.f.f.client.RuleCacheClient           : Fetched 13 active rules from Rule Cache
2026-10-01T10:53:33.471+05:30  INFO 10832 --- [fraud-engine-service] [scheduling-1] c.s.f.fraudengine.cache.ActiveRuleCache  : Active rule cache refreshed ruleCount=13
2026-10-01T10:53:36.278+05:30  INFO 10832 --- [fraud-engine-service] [scheduling-1] c.s.f.f.client.BlacklistCacheClient      : Fetching active blacklist from Rule Cache
2026-10-01T10:53:36.278+05:30  INFO 10832 --- [fraud-engine-service] [scheduling-1] c.s.f.f.client.BlacklistCacheClient      : Fetched 8 active blacklist entries from Rule Cache
2026-10-01T10:53:36.278+05:30  INFO 10832 --- [fraud-engine-service] [scheduling-1] c.s.f.f.cache.ActiveBlacklistCache       : Active blacklist cache refreshed entryCount=8
2026-10-01T10:53:38.487+05:30  INFO 10832 --- [fraud-engine-service] [scheduling-1] c.s.f.f.client.RuleCacheClient           : Fetching active rules from Rule Cache
2026-10-01T10:53:38.494+05:30  INFO 10832 --- [fraud-engine-service] [scheduling-1] c.s.f.f.client.RuleCacheClient           : Fetched 13 active rules from Rule Cache
2026-10-01T10:53:38.494+05:30  INFO 10832 --- [fraud-engine-service] [scheduling-1] c.s.f.fraudengine.cache.ActiveRuleCache  : Active rule cache refreshed ruleCount=13
2026-10-01T10:53:41.296+05:30  INFO 10832 --- [fraud-engine-service] [scheduling-1] c.s.f.f.client.BlacklistCacheClient      : Fetching active blacklist from Rule Cache
2026-10-01T10:53:41.304+05:30  INFO 10832 --- [fraud-engine-service] [scheduling-1] c.s.f.f.client.BlacklistCacheClient      : Fetched 8 active blacklist entries from Rule Cache
2026-10-01T10:53:41.304+05:30  INFO 10832 --- [fraud-engine-service] [scheduling-1] c.s.f.f.cache.ActiveBlacklistCache       : Active blacklist cache refreshed entryCount=8
2026-10-01T10:53:43.510+05:30  INFO 10832 --- [fraud-engine-service] [scheduling-1] c.s.f.f.client.RuleCacheClient           : Fetching active rules from Rule Cache
2026-10-01T10:53:43.520+05:30  INFO 10832 --- [fraud-engine-service] [scheduling-1] c.s.f.f.client.RuleCacheClient           : Fetched 13 active rules from Rule Cache
2026-10-01T10:53:43.520+05:30  INFO 10832 --- [fraud-engine-service] [scheduling-1] c.s.f.fraudengine.cache.ActiveRuleCache  : Active rule cache refreshed ruleCount=13
2026-10-01T10:53:46.308+05:30  INFO 10832 --- [fraud-engine-service] [scheduling-1] c.s.f.f.client.BlacklistCacheClient      : Fetching active blacklist from Rule Cache
2026-10-01T10:53:46.318+05:30  INFO 10832 --- [fraud-engine-service] [scheduling-1] c.s.f.f.client.BlacklistCacheClient      : Fetched 8 active blacklist entries from Rule Cache
2026-10-01T10:53:46.318+05:30  INFO 10832 --- [fraud-engine-service] [scheduling-1] c.s.f.f.cache.ActiveBlacklistCache       : Active blacklist cache refreshed entryCount=8
2026-10-01T10:53:48.528+05:30  INFO 10832 --- [fraud-engine-service] [scheduling-1] c.s.f.f.client.RuleCacheClient           : Fetching active rules from Rule Cache
2026-10-01T10:53:48.546+05:30  INFO 10832 --- [fraud-engine-service] [scheduling-1] c.s.f.f.client.RuleCacheClient           : Fetched 13 active rules from Rule Cache
2026-10-01T10:53:48.546+05:30  INFO 10832 --- [fraud-engine-service] [scheduling-1] c.s.f.fraudengine.cache.ActiveRuleCache  : Active rule cache refreshed ruleCount=13
2026-10-01T10:53:51.333+05:30  INFO 10832 --- [fraud-engine-service] [scheduling-1] c.s.f.f.client.BlacklistCacheClient      : Fetching active blacklist from Rule Cache
2026-10-01T10:53:51.333+05:30  INFO 10832 --- [fraud-engine-service] [scheduling-1] c.s.f.f.client.BlacklistCacheClient      : Fetched 8 active blacklist entries from Rule Cache
2026-10-01T10:53:51.333+05:30  INFO 10832 --- [fraud-engine-service] [scheduling-1] c.s.f.f.cache.ActiveBlacklistCache       : Active blacklist cache refreshed entryCount=8
2026-10-01T10:53:53.551+05:30  INFO 10832 --- [fraud-engine-service] [scheduling-1] c.s.f.f.client.RuleCacheClient           : Fetching active rules from Rule Cache
2026-10-01T10:53:53.551+05:30  INFO 10832 --- [fraud-engine-service] [scheduling-1] c.s.f.f.client.RuleCacheClient           : Fetched 13 active rules from Rule Cache
2026-10-01T10:53:53.551+05:30  INFO 10832 --- [fraud-engine-service] [scheduling-1] c.s.f.fraudengine.cache.ActiveRuleCache  : Active rule cache refreshed ruleCount=13
2026-10-01T10:53:56.350+05:30  INFO 10832 --- [fraud-engine-service] [scheduling-1] c.s.f.f.client.BlacklistCacheClient      : Fetching active blacklist from Rule Cache
2026-10-01T10:53:56.354+05:30  INFO 10832 --- [fraud-engine-service] [scheduling-1] c.s.f.f.client.BlacklistCacheClient      : Fetched 8 active blacklist entries from Rule Cache
2026-10-01T10:53:56.354+05:30  INFO 10832 --- [fraud-engine-service] [scheduling-1] c.s.f.f.cache.ActiveBlacklistCache       : Active blacklist cache refreshed entryCount=8
2026-10-01T10:53:58.575+05:30  INFO 10832 --- [fraud-engine-service] [scheduling-1] c.s.f.f.client.RuleCacheClient           : Fetching active rules from Rule Cache
2026-10-01T10:53:58.575+05:30  INFO 10832 --- [fraud-engine-service] [scheduling-1] c.s.f.f.client.RuleCacheClient           : Fetched 13 active rules from Rule Cache
2026-10-01T10:53:58.575+05:30  INFO 10832 --- [fraud-engine-service] [scheduling-1] c.s.f.fraudengine.cache.ActiveRuleCache  : Active rule cache refreshed ruleCount=13
2026-10-01T10:54:01.376+05:30  INFO 10832 --- [fraud-engine-service] [scheduling-1] c.s.f.f.client.BlacklistCacheClient      : Fetching active blacklist from Rule Cache
2026-10-01T10:54:01.376+05:30  INFO 10832 --- [fraud-engine-service] [scheduling-1] c.s.f.f.client.BlacklistCacheClient      : Fetched 8 active blacklist entries from Rule Cache
2026-10-01T10:54:01.376+05:30  INFO 10832 --- [fraud-engine-service] [scheduling-1] c.s.f.f.cache.ActiveBlacklistCache       : Active blacklist cache refreshed entryCount=8
2026-10-01T10:54:03.595+05:30  INFO 10832 --- [fraud-engine-service] [scheduling-1] c.s.f.f.client.RuleCacheClient           : Fetching active rules from Rule Cache
2026-10-01T10:54:03.616+05:30  INFO 10832 --- [fraud-engine-service] [scheduling-1] c.s.f.f.client.RuleCacheClient           : Fetched 13 active rules from Rule Cache
2026-10-01T10:54:03.616+05:30  INFO 10832 --- [fraud-engine-service] [scheduling-1] c.s.f.fraudengine.cache.ActiveRuleCache  : Active rule cache refreshed ruleCount=13
2026-10-01T10:54:06.401+05:30  INFO 10832 --- [fraud-engine-service] [scheduling-1] c.s.f.f.client.BlacklistCacheClient      : Fetching active blacklist from Rule Cache
2026-10-01T10:54:06.401+05:30  INFO 10832 --- [fraud-engine-service] [scheduling-1] c.s.f.f.client.BlacklistCacheClient      : Fetched 8 active blacklist entries from Rule Cache
2026-10-01T10:54:06.401+05:30  INFO 10832 --- [fraud-engine-service] [scheduling-1] c.s.f.f.cache.ActiveBlacklistCache       : Active blacklist cache refreshed entryCount=8
2026-10-01T10:54:08.632+05:30  INFO 10832 --- [fraud-engine-service] [scheduling-1] c.s.f.f.client.RuleCacheClient           : Fetching active rules from Rule Cache
2026-10-01T10:54:08.633+05:30  INFO 10832 --- [fraud-engine-service] [scheduling-1] c.s.f.f.client.RuleCacheClient           : Fetched 13 active rules from Rule Cache
2026-10-01T10:54:08.633+05:30  INFO 10832 --- [fraud-engine-service] [scheduling-1] c.s.f.fraudengine.cache.ActiveRuleCache  : Active rule cache refreshed ruleCount=13
2026-10-01T10:54:11.422+05:30  INFO 10832 --- [fraud-engine-service] [scheduling-1] c.s.f.f.client.BlacklistCacheClient      : Fetching active blacklist from Rule Cache
2026-10-01T10:54:11.433+05:30  INFO 10832 --- [fraud-engine-service] [scheduling-1] c.s.f.f.client.BlacklistCacheClient      : Fetched 8 active blacklist entries from Rule Cache
2026-10-01T10:54:11.433+05:30  INFO 10832 --- [fraud-engine-service] [scheduling-1] c.s.f.f.cache.ActiveBlacklistCache       : Active blacklist cache refreshed entryCount=8
2026-10-01T10:54:13.652+05:30  INFO 10832 --- [fraud-engine-service] [scheduling-1] c.s.f.f.client.RuleCacheClient           : Fetching active rules from Rule Cache
2026-10-01T10:54:13.661+05:30  INFO 10832 --- [fraud-engine-service] [scheduling-1] c.s.f.f.client.RuleCacheClient           : Fetched 13 active rules from Rule Cache
2026-10-01T10:54:13.661+05:30  INFO 10832 --- [fraud-engine-service] [scheduling-1] c.s.f.fraudengine.cache.ActiveRuleCache  : Active rule cache refreshed ruleCount=13
2026-10-01T10:54:16.436+05:30  INFO 10832 --- [fraud-engine-service] [scheduling-1] c.s.f.f.client.BlacklistCacheClient      : Fetching active blacklist from Rule Cache
2026-10-01T10:54:16.444+05:30  INFO 10832 --- [fraud-engine-service] [scheduling-1] c.s.f.f.client.BlacklistCacheClient      : Fetched 8 active blacklist entries from Rule Cache
2026-10-01T10:54:16.444+05:30  INFO 10832 --- [fraud-engine-service] [scheduling-1] c.s.f.f.cache.ActiveBlacklistCache       : Active blacklist cache refreshed entryCount=8
2026-10-01T10:54:18.667+05:30  INFO 10832 --- [fraud-engine-service] [scheduling-1] c.s.f.f.client.RuleCacheClient           : Fetching active rules from Rule Cache
2026-10-01T10:54:18.707+05:30  INFO 10832 --- [fraud-engine-service] [scheduling-1] c.s.f.f.client.RuleCacheClient           : Fetched 13 active rules from Rule Cache
2026-10-01T10:54:18.707+05:30  INFO 10832 --- [fraud-engine-service] [scheduling-1] c.s.f.fraudengine.cache.ActiveRuleCache  : Active rule cache refreshed ruleCount=13
2026-10-01T10:54:21.461+05:30  INFO 10832 --- [fraud-engine-service] [scheduling-1] c.s.f.f.client.BlacklistCacheClient      : Fetching active blacklist from Rule Cache
2026-10-01T10:54:21.462+05:30  INFO 10832 --- [fraud-engine-service] [scheduling-1] c.s.f.f.client.BlacklistCacheClient      : Fetched 8 active blacklist entries from Rule Cache
2026-10-01T10:54:21.462+05:30  INFO 10832 --- [fraud-engine-service] [scheduling-1] c.s.f.f.cache.ActiveBlacklistCache       : Active blacklist cache refreshed entryCount=8
2026-10-01T10:54:23.712+05:30  INFO 10832 --- [fraud-engine-service] [scheduling-1] c.s.f.f.client.RuleCacheClient           : Fetching active rules from Rule Cache
2026-10-01T10:54:23.713+05:30  INFO 10832 --- [fraud-engine-service] [scheduling-1] c.s.f.f.client.RuleCacheClient           : Fetched 13 active rules from Rule Cache
2026-10-01T10:54:23.713+05:30  INFO 10832 --- [fraud-engine-service] [scheduling-1] c.s.f.fraudengine.cache.ActiveRuleCache  : Active rule cache refreshed ruleCount=13
2026-10-01T10:54:26.473+05:30  INFO 10832 --- [fraud-engine-service] [scheduling-1] c.s.f.f.client.BlacklistCacheClient      : Fetching active blacklist from Rule Cache
2026-10-01T10:54:26.482+05:30  INFO 10832 --- [fraud-engine-service] [scheduling-1] c.s.f.f.client.BlacklistCacheClient      : Fetched 8 active blacklist entries from Rule Cache
2026-10-01T10:54:26.482+05:30  INFO 10832 --- [fraud-engine-service] [scheduling-1] c.s.f.f.cache.ActiveBlacklistCache       : Active blacklist cache refreshed entryCount=8
2026-10-01T10:54:28.736+05:30  INFO 10832 --- [fraud-engine-service] [scheduling-1] c.s.f.f.client.RuleCacheClient           : Fetching active rules from Rule Cache
2026-10-01T10:54:28.736+05:30  INFO 10832 --- [fraud-engine-service] [scheduling-1] c.s.f.f.client.RuleCacheClient           : Fetched 13 active rules from Rule Cache
2026-10-01T10:54:28.736+05:30  INFO 10832 --- [fraud-engine-service] [scheduling-1] c.s.f.fraudengine.cache.ActiveRuleCache  : Active rule cache refreshed ruleCount=13
2026-10-01T10:54:31.493+05:30  INFO 10832 --- [fraud-engine-service] [scheduling-1] c.s.f.f.client.BlacklistCacheClient      : Fetching active blacklist from Rule Cache
2026-10-01T10:54:31.493+05:30  INFO 10832 --- [fraud-engine-service] [scheduling-1] c.s.f.f.client.BlacklistCacheClient      : Fetched 8 active blacklist entries from Rule Cache
2026-10-01T10:54:31.493+05:30  INFO 10832 --- [fraud-engine-service] [scheduling-1] c.s.f.f.cache.ActiveBlacklistCache       : Active blacklist cache refreshed entryCount=8
2026-10-01T10:54:33.762+05:30  INFO 10832 --- [fraud-engine-service] [scheduling-1] c.s.f.f.client.RuleCacheClient           : Fetching active rules from Rule Cache
2026-10-01T10:54:33.764+05:30  INFO 10832 --- [fraud-engine-service] [scheduling-1] c.s.f.f.client.RuleCacheClient           : Fetched 13 active rules from Rule Cache
2026-10-01T10:54:33.764+05:30  INFO 10832 --- [fraud-engine-service] [scheduling-1] c.s.f.fraudengine.cache.ActiveRuleCache  : Active rule cache refreshed ruleCount=13
2026-10-01T10:54:36.518+05:30  INFO 10832 --- [fraud-engine-service] [scheduling-1] c.s.f.f.client.BlacklistCacheClient      : Fetching active blacklist from Rule Cache
2026-10-01T10:54:36.522+05:30  INFO 10832 --- [fraud-engine-service] [scheduling-1] c.s.f.f.client.BlacklistCacheClient      : Fetched 8 active blacklist entries from Rule Cache
2026-10-01T10:54:36.522+05:30  INFO 10832 --- [fraud-engine-service] [scheduling-1] c.s.f.f.cache.ActiveBlacklistCache       : Active blacklist cache refreshed entryCount=8
2026-10-01T10:54:38.777+05:30  INFO 10832 --- [fraud-engine-service] [scheduling-1] c.s.f.f.client.RuleCacheClient           : Fetching active rules from Rule Cache
2026-10-01T10:54:38.786+05:30  INFO 10832 --- [fraud-engine-service] [scheduling-1] c.s.f.f.client.RuleCacheClient           : Fetched 13 active rules from Rule Cache
2026-10-01T10:54:38.786+05:30  INFO 10832 --- [fraud-engine-service] [scheduling-1] c.s.f.fraudengine.cache.ActiveRuleCache  : Active rule cache refreshed ruleCount=13
2026-10-01T10:54:41.542+05:30  INFO 10832 --- [fraud-engine-service] [scheduling-1] c.s.f.f.client.BlacklistCacheClient      : Fetching active blacklist from Rule Cache
2026-10-01T10:54:41.542+05:30  INFO 10832 --- [fraud-engine-service] [scheduling-1] c.s.f.f.client.BlacklistCacheClient      : Fetched 8 active blacklist entries from Rule Cache
2026-10-01T10:54:41.542+05:30  INFO 10832 --- [fraud-engine-service] [scheduling-1] c.s.f.f.cache.ActiveBlacklistCache       : Active blacklist cache refreshed entryCount=8
2026-10-01T10:54:43.792+05:30  INFO 10832 --- [fraud-engine-service] [scheduling-1] c.s.f.f.client.RuleCacheClient           : Fetching active rules from Rule Cache
2026-10-01T10:54:43.798+05:30  INFO 10832 --- [fraud-engine-service] [scheduling-1] c.s.f.f.client.RuleCacheClient           : Fetched 13 active rules from Rule Cache
2026-10-01T10:54:43.798+05:30  INFO 10832 --- [fraud-engine-service] [scheduling-1] c.s.f.fraudengine.cache.ActiveRuleCache  : Active rule cache refreshed ruleCount=13
2026-10-01T10:54:46.560+05:30  INFO 10832 --- [fraud-engine-service] [scheduling-1] c.s.f.f.client.BlacklistCacheClient      : Fetching active blacklist from Rule Cache
2026-10-01T10:54:46.560+05:30  INFO 10832 --- [fraud-engine-service] [scheduling-1] c.s.f.f.client.BlacklistCacheClient      : Fetched 8 active blacklist entries from Rule Cache
2026-10-01T10:54:46.560+05:30  INFO 10832 --- [fraud-engine-service] [scheduling-1] c.s.f.f.cache.ActiveBlacklistCache       : Active blacklist cache refreshed entryCount=8
2026-10-01T10:54:48.815+05:30  INFO 10832 --- [fraud-engine-service] [scheduling-1] c.s.f.f.client.RuleCacheClient           : Fetching active rules from Rule Cache
2026-10-01T10:54:48.826+05:30  INFO 10832 --- [fraud-engine-service] [scheduling-1] c.s.f.f.client.RuleCacheClient           : Fetched 13 active rules from Rule Cache
2026-10-01T10:54:48.826+05:30  INFO 10832 --- [fraud-engine-service] [scheduling-1] c.s.f.fraudengine.cache.ActiveRuleCache  : Active rule cache refreshed ruleCount=13
2026-10-01T10:54:51.575+05:30  INFO 10832 --- [fraud-engine-service] [scheduling-1] c.s.f.f.client.BlacklistCacheClient      : Fetching active blacklist from Rule Cache
2026-10-01T10:54:51.583+05:30  INFO 10832 --- [fraud-engine-service] [scheduling-1] c.s.f.f.client.BlacklistCacheClient      : Fetched 8 active blacklist entries from Rule Cache
2026-10-01T10:54:51.583+05:30  INFO 10832 --- [fraud-engine-service] [scheduling-1] c.s.f.f.cache.ActiveBlacklistCache       : Active blacklist cache refreshed entryCount=8
2026-10-01T10:54:53.831+05:30  INFO 10832 --- [fraud-engine-service] [scheduling-1] c.s.f.f.client.RuleCacheClient           : Fetching active rules from Rule Cache
2026-10-01T10:54:53.841+05:30  INFO 10832 --- [fraud-engine-service] [scheduling-1] c.s.f.f.client.RuleCacheClient           : Fetched 13 active rules from Rule Cache
2026-10-01T10:54:53.841+05:30  INFO 10832 --- [fraud-engine-service] [scheduling-1] c.s.f.fraudengine.cache.ActiveRuleCache  : Active rule cache refreshed ruleCount=13
2026-10-01T10:54:56.596+05:30  INFO 10832 --- [fraud-engine-service] [scheduling-1] c.s.f.f.client.BlacklistCacheClient      : Fetching active blacklist from Rule Cache
2026-10-01T10:54:56.601+05:30  INFO 10832 --- [fraud-engine-service] [scheduling-1] c.s.f.f.client.BlacklistCacheClient      : Fetched 8 active blacklist entries from Rule Cache
2026-10-01T10:54:56.601+05:30  INFO 10832 --- [fraud-engine-service] [scheduling-1] c.s.f.f.cache.ActiveBlacklistCache       : Active blacklist cache refreshed entryCount=8
2026-10-01T10:54:58.854+05:30  INFO 10832 --- [fraud-engine-service] [scheduling-1] c.s.f.f.client.RuleCacheClient           : Fetching active rules from Rule Cache
2026-10-01T10:54:58.860+05:30  INFO 10832 --- [fraud-engine-service] [scheduling-1] c.s.f.f.client.RuleCacheClient           : Fetched 13 active rules from Rule Cache
2026-10-01T10:54:58.860+05:30  INFO 10832 --- [fraud-engine-service] [scheduling-1] c.s.f.fraudengine.cache.ActiveRuleCache  : Active rule cache refreshed ruleCount=13
2026-10-01T10:55:01.606+05:30  INFO 10832 --- [fraud-engine-service] [scheduling-1] c.s.f.f.client.BlacklistCacheClient      : Fetching active blacklist from Rule Cache
2026-10-01T10:55:01.608+05:30  INFO 10832 --- [fraud-engine-service] [scheduling-1] c.s.f.f.client.BlacklistCacheClient      : Fetched 8 active blacklist entries from Rule Cache
2026-10-01T10:55:01.608+05:30  INFO 10832 --- [fraud-engine-service] [scheduling-1] c.s.f.f.cache.ActiveBlacklistCache       : Active blacklist cache refreshed entryCount=8
2026-10-01T10:55:03.868+05:30  INFO 10832 --- [fraud-engine-service] [scheduling-1] c.s.f.f.client.RuleCacheClient           : Fetching active rules from Rule Cache
2026-10-01T10:55:03.884+05:30  INFO 10832 --- [fraud-engine-service] [scheduling-1] c.s.f.f.client.RuleCacheClient           : Fetched 13 active rules from Rule Cache
2026-10-01T10:55:03.884+05:30  INFO 10832 --- [fraud-engine-service] [scheduling-1] c.s.f.fraudengine.cache.ActiveRuleCache  : Active rule cache refreshed ruleCount=13
2026-10-01T10:55:06.631+05:30  INFO 10832 --- [fraud-engine-service] [scheduling-1] c.s.f.f.client.BlacklistCacheClient      : Fetching active blacklist from Rule Cache
2026-10-01T10:55:06.632+05:30  INFO 10832 --- [fraud-engine-service] [scheduling-1] c.s.f.f.client.BlacklistCacheClient      : Fetched 8 active blacklist entries from Rule Cache
2026-10-01T10:55:06.632+05:30  INFO 10832 --- [fraud-engine-service] [scheduling-1] c.s.f.f.cache.ActiveBlacklistCache       : Active blacklist cache refreshed entryCount=8
2026-10-01T10:55:08.900+05:30  INFO 10832 --- [fraud-engine-service] [scheduling-1] c.s.f.f.client.RuleCacheClient           : Fetching active rules from Rule Cache
2026-10-01T10:55:08.900+05:30  INFO 10832 --- [fraud-engine-service] [scheduling-1] c.s.f.f.client.RuleCacheClient           : Fetched 13 active rules from Rule Cache
2026-10-01T10:55:08.900+05:30  INFO 10832 --- [fraud-engine-service] [scheduling-1] c.s.f.fraudengine.cache.ActiveRuleCache  : Active rule cache refreshed ruleCount=13
2026-10-01T10:55:11.646+05:30  INFO 10832 --- [fraud-engine-service] [scheduling-1] c.s.f.f.client.BlacklistCacheClient      : Fetching active blacklist from Rule Cache
2026-10-01T10:55:11.646+05:30  INFO 10832 --- [fraud-engine-service] [scheduling-1] c.s.f.f.client.BlacklistCacheClient      : Fetched 8 active blacklist entries from Rule Cache
2026-10-01T10:55:11.646+05:30  INFO 10832 --- [fraud-engine-service] [scheduling-1] c.s.f.f.cache.ActiveBlacklistCache       : Active blacklist cache refreshed entryCount=8
2026-10-01T10:55:13.918+05:30  INFO 10832 --- [fraud-engine-service] [scheduling-1] c.s.f.f.client.RuleCacheClient           : Fetching active rules from Rule Cache
2026-10-01T10:55:13.918+05:30  INFO 10832 --- [fraud-engine-service] [scheduling-1] c.s.f.f.client.RuleCacheClient           : Fetched 13 active rules from Rule Cache
2026-10-01T10:55:13.918+05:30  INFO 10832 --- [fraud-engine-service] [scheduling-1] c.s.f.fraudengine.cache.ActiveRuleCache  : Active rule cache refreshed ruleCount=13
2026-10-01T10:55:16.664+05:30  INFO 10832 --- [fraud-engine-service] [scheduling-1] c.s.f.f.client.BlacklistCacheClient      : Fetching active blacklist from Rule Cache
2026-10-01T10:55:16.670+05:30  INFO 10832 --- [fraud-engine-service] [scheduling-1] c.s.f.f.client.BlacklistCacheClient      : Fetched 8 active blacklist entries from Rule Cache
2026-10-01T10:55:16.670+05:30  INFO 10832 --- [fraud-engine-service] [scheduling-1] c.s.f.f.cache.ActiveBlacklistCache       : Active blacklist cache refreshed entryCount=8
2026-10-01T10:55:18.928+05:30  INFO 10832 --- [fraud-engine-service] [scheduling-1] c.s.f.f.client.RuleCacheClient           : Fetching active rules from Rule Cache
2026-10-01T10:55:18.928+05:30  INFO 10832 --- [fraud-engine-service] [scheduling-1] c.s.f.f.client.RuleCacheClient           : Fetched 13 active rules from Rule Cache
2026-10-01T10:55:18.928+05:30  INFO 10832 --- [fraud-engine-service] [scheduling-1] c.s.f.fraudengine.cache.ActiveRuleCache  : Active rule cache refreshed ruleCount=13
2026-10-01T10:55:21.680+05:30  INFO 10832 --- [fraud-engine-service] [scheduling-1] c.s.f.f.client.BlacklistCacheClient      : Fetching active blacklist from Rule Cache
2026-10-01T10:55:21.689+05:30  INFO 10832 --- [fraud-engine-service] [scheduling-1] c.s.f.f.client.BlacklistCacheClient      : Fetched 8 active blacklist entries from Rule Cache
2026-10-01T10:55:21.689+05:30  INFO 10832 --- [fraud-engine-service] [scheduling-1] c.s.f.f.cache.ActiveBlacklistCache       : Active blacklist cache refreshed entryCount=8
2026-10-01T10:55:23.935+05:30  INFO 10832 --- [fraud-engine-service] [scheduling-1] c.s.f.f.client.RuleCacheClient           : Fetching active rules from Rule Cache
2026-10-01T10:55:23.935+05:30  INFO 10832 --- [fraud-engine-service] [scheduling-1] c.s.f.f.client.RuleCacheClient           : Fetched 13 active rules from Rule Cache
2026-10-01T10:55:23.935+05:30  INFO 10832 --- [fraud-engine-service] [scheduling-1] c.s.f.fraudengine.cache.ActiveRuleCache  : Active rule cache refreshed ruleCount=13
2026-10-01T10:55:26.693+05:30  INFO 10832 --- [fraud-engine-service] [scheduling-1] c.s.f.f.client.BlacklistCacheClient      : Fetching active blacklist from Rule Cache
2026-10-01T10:55:26.709+05:30  INFO 10832 --- [fraud-engine-service] [scheduling-1] c.s.f.f.client.BlacklistCacheClient      : Fetched 8 active blacklist entries from Rule Cache
2026-10-01T10:55:26.709+05:30  INFO 10832 --- [fraud-engine-service] [scheduling-1] c.s.f.f.cache.ActiveBlacklistCache       : Active blacklist cache refreshed entryCount=8
2026-10-01T10:55:28.949+05:30  INFO 10832 --- [fraud-engine-service] [scheduling-1] c.s.f.f.client.RuleCacheClient           : Fetching active rules from Rule Cache
2026-10-01T10:55:28.949+05:30  INFO 10832 --- [fraud-engine-service] [scheduling-1] c.s.f.f.client.RuleCacheClient           : Fetched 13 active rules from Rule Cache
2026-10-01T10:55:28.949+05:30  INFO 10832 --- [fraud-engine-service] [scheduling-1] c.s.f.fraudengine.cache.ActiveRuleCache  : Active rule cache refreshed ruleCount=13
2026-10-01T10:55:31.725+05:30  INFO 10832 --- [fraud-engine-service] [scheduling-1] c.s.f.f.client.BlacklistCacheClient      : Fetching active blacklist from Rule Cache
2026-10-01T10:55:31.730+05:30  INFO 10832 --- [fraud-engine-service] [scheduling-1] c.s.f.f.client.BlacklistCacheClient      : Fetched 8 active blacklist entries from Rule Cache
2026-10-01T10:55:31.730+05:30  INFO 10832 --- [fraud-engine-service] [scheduling-1] c.s.f.f.cache.ActiveBlacklistCache       : Active blacklist cache refreshed entryCount=8
2026-10-01T10:55:33.973+05:30  INFO 10832 --- [fraud-engine-service] [scheduling-1] c.s.f.f.client.RuleCacheClient           : Fetching active rules from Rule Cache
2026-10-01T10:55:33.973+05:30  INFO 10832 --- [fraud-engine-service] [scheduling-1] c.s.f.f.client.RuleCacheClient           : Fetched 13 active rules from Rule Cache
2026-10-01T10:55:33.973+05:30  INFO 10832 --- [fraud-engine-service] [scheduling-1] c.s.f.fraudengine.cache.ActiveRuleCache  : Active rule cache refreshed ruleCount=13
2026-10-01T10:55:36.739+05:30  INFO 10832 --- [fraud-engine-service] [scheduling-1] c.s.f.f.client.BlacklistCacheClient      : Fetching active blacklist from Rule Cache
2026-10-01T10:55:36.739+05:30  INFO 10832 --- [fraud-engine-service] [scheduling-1] c.s.f.f.client.BlacklistCacheClient      : Fetched 8 active blacklist entries from Rule Cache
2026-10-01T10:55:36.739+05:30  INFO 10832 --- [fraud-engine-service] [scheduling-1] c.s.f.f.cache.ActiveBlacklistCache       : Active blacklist cache refreshed entryCount=8
2026-10-01T10:55:38.992+05:30  INFO 10832 --- [fraud-engine-service] [scheduling-1] c.s.f.f.client.RuleCacheClient           : Fetching active rules from Rule Cache
2026-10-01T10:55:38.994+05:30  INFO 10832 --- [fraud-engine-service] [scheduling-1] c.s.f.f.client.RuleCacheClient           : Fetched 13 active rules from Rule Cache
2026-10-01T10:55:38.994+05:30  INFO 10832 --- [fraud-engine-service] [scheduling-1] c.s.f.fraudengine.cache.ActiveRuleCache  : Active rule cache refreshed ruleCount=13
2026-10-01T10:55:41.754+05:30  INFO 10832 --- [fraud-engine-service] [scheduling-1] c.s.f.f.client.BlacklistCacheClient      : Fetching active blacklist from Rule Cache
2026-10-01T10:55:41.754+05:30  INFO 10832 --- [fraud-engine-service] [scheduling-1] c.s.f.f.client.BlacklistCacheClient      : Fetched 8 active blacklist entries from Rule Cache
2026-10-01T10:55:41.754+05:30  INFO 10832 --- [fraud-engine-service] [scheduling-1] c.s.f.f.cache.ActiveBlacklistCache       : Active blacklist cache refreshed entryCount=8
2026-10-01T10:55:44.007+05:30  INFO 10832 --- [fraud-engine-service] [scheduling-1] c.s.f.f.client.RuleCacheClient           : Fetching active rules from Rule Cache
2026-10-01T10:55:44.011+05:30  INFO 10832 --- [fraud-engine-service] [scheduling-1] c.s.f.f.client.RuleCacheClient           : Fetched 13 active rules from Rule Cache
2026-10-01T10:55:44.011+05:30  INFO 10832 --- [fraud-engine-service] [scheduling-1] c.s.f.fraudengine.cache.ActiveRuleCache  : Active rule cache refreshed ruleCount=13
2026-10-01T10:55:46.374+05:30  INFO 10832 --- [fraud-engine-service] [AsyncResolver-bootstrap-executor-%d] c.n.d.s.r.aws.ConfigClusterResolver      : Resolving eureka endpoints via configuration
2026-10-01T10:55:46.766+05:30  INFO 10832 --- [fraud-engine-service] [scheduling-1] c.s.f.f.client.BlacklistCacheClient      : Fetching active blacklist from Rule Cache
2026-10-01T10:55:46.766+05:30  INFO 10832 --- [fraud-engine-service] [scheduling-1] c.s.f.f.client.BlacklistCacheClient      : Fetched 8 active blacklist entries from Rule Cache
2026-10-01T10:55:46.766+05:30  INFO 10832 --- [fraud-engine-service] [scheduling-1] c.s.f.f.cache.ActiveBlacklistCache       : Active blacklist cache refreshed entryCount=8
2026-10-01T10:55:49.023+05:30  INFO 10832 --- [fraud-engine-service] [scheduling-1] c.s.f.f.client.RuleCacheClient           : Fetching active rules from Rule Cache
2026-10-01T10:55:49.025+05:30  INFO 10832 --- [fraud-engine-service] [scheduling-1] c.s.f.f.client.RuleCacheClient           : Fetched 13 active rules from Rule Cache
2026-10-01T10:55:49.025+05:30  INFO 10832 --- [fraud-engine-service] [scheduling-1] c.s.f.fraudengine.cache.ActiveRuleCache  : Active rule cache refreshed ruleCount=13
2026-10-01T10:55:51.781+05:30  INFO 10832 --- [fraud-engine-service] [scheduling-1] c.s.f.f.client.BlacklistCacheClient      : Fetching active blacklist from Rule Cache
2026-10-01T10:55:51.790+05:30  INFO 10832 --- [fraud-engine-service] [scheduling-1] c.s.f.f.client.BlacklistCacheClient      : Fetched 8 active blacklist entries from Rule Cache
2026-10-01T10:55:51.790+05:30  INFO 10832 --- [fraud-engine-service] [scheduling-1] c.s.f.f.cache.ActiveBlacklistCache       : Active blacklist cache refreshed entryCount=8
2026-10-01T10:55:54.035+05:30  INFO 10832 --- [fraud-engine-service] [scheduling-1] c.s.f.f.client.RuleCacheClient           : Fetching active rules from Rule Cache
2026-10-01T10:55:54.036+05:30  INFO 10832 --- [fraud-engine-service] [scheduling-1] c.s.f.f.client.RuleCacheClient           : Fetched 13 active rules from Rule Cache
2026-10-01T10:55:54.036+05:30  INFO 10832 --- [fraud-engine-service] [scheduling-1] c.s.f.fraudengine.cache.ActiveRuleCache  : Active rule cache refreshed ruleCount=13
2026-10-01T10:55:56.803+05:30  INFO 10832 --- [fraud-engine-service] [scheduling-1] c.s.f.f.client.BlacklistCacheClient      : Fetching active blacklist from Rule Cache
2026-10-01T10:55:56.807+05:30  INFO 10832 --- [fraud-engine-service] [scheduling-1] c.s.f.f.client.BlacklistCacheClient      : Fetched 8 active blacklist entries from Rule Cache
2026-10-01T10:55:56.807+05:30  INFO 10832 --- [fraud-engine-service] [scheduling-1] c.s.f.f.cache.ActiveBlacklistCache       : Active blacklist cache refreshed entryCount=8
2026-10-01T10:55:59.051+05:30  INFO 10832 --- [fraud-engine-service] [scheduling-1] c.s.f.f.client.RuleCacheClient           : Fetching active rules from Rule Cache
2026-10-01T10:55:59.060+05:30  INFO 10832 --- [fraud-engine-service] [scheduling-1] c.s.f.f.client.RuleCacheClient           : Fetched 13 active rules from Rule Cache
2026-10-01T10:55:59.060+05:30  INFO 10832 --- [fraud-engine-service] [scheduling-1] c.s.f.fraudengine.cache.ActiveRuleCache  : Active rule cache refreshed ruleCount=13
2026-10-01T10:56:01.818+05:30  INFO 10832 --- [fraud-engine-service] [scheduling-1] c.s.f.f.client.BlacklistCacheClient      : Fetching active blacklist from Rule Cache
2026-10-01T10:56:01.819+05:30  INFO 10832 --- [fraud-engine-service] [scheduling-1] c.s.f.f.client.BlacklistCacheClient      : Fetched 8 active blacklist entries from Rule Cache
2026-10-01T10:56:01.819+05:30  INFO 10832 --- [fraud-engine-service] [scheduling-1] c.s.f.f.cache.ActiveBlacklistCache       : Active blacklist cache refreshed entryCount=8
2026-10-01T10:56:04.067+05:30  INFO 10832 --- [fraud-engine-service] [scheduling-1] c.s.f.f.client.RuleCacheClient           : Fetching active rules from Rule Cache
2026-10-01T10:56:04.076+05:30  INFO 10832 --- [fraud-engine-service] [scheduling-1] c.s.f.f.client.RuleCacheClient           : Fetched 13 active rules from Rule Cache
2026-10-01T10:56:04.076+05:30  INFO 10832 --- [fraud-engine-service] [scheduling-1] c.s.f.fraudengine.cache.ActiveRuleCache  : Active rule cache refreshed ruleCount=13
2026-10-01T10:56:06.834+05:30  INFO 10832 --- [fraud-engine-service] [scheduling-1] c.s.f.f.client.BlacklistCacheClient      : Fetching active blacklist from Rule Cache
2026-10-01T10:56:06.834+05:30  INFO 10832 --- [fraud-engine-service] [scheduling-1] c.s.f.f.client.BlacklistCacheClient      : Fetched 8 active blacklist entries from Rule Cache
2026-10-01T10:56:06.834+05:30  INFO 10832 --- [fraud-engine-service] [scheduling-1] c.s.f.f.cache.ActiveBlacklistCache       : Active blacklist cache refreshed entryCount=8
2026-10-01T10:56:09.081+05:30  INFO 10832 --- [fraud-engine-service] [scheduling-1] c.s.f.f.client.RuleCacheClient           : Fetching active rules from Rule Cache
2026-10-01T10:56:09.090+05:30  INFO 10832 --- [fraud-engine-service] [scheduling-1] c.s.f.f.client.RuleCacheClient           : Fetched 13 active rules from Rule Cache
2026-10-01T10:56:09.090+05:30  INFO 10832 --- [fraud-engine-service] [scheduling-1] c.s.f.fraudengine.cache.ActiveRuleCache  : Active rule cache refreshed ruleCount=13
2026-10-01T10:56:11.847+05:30  INFO 10832 --- [fraud-engine-service] [scheduling-1] c.s.f.f.client.BlacklistCacheClient      : Fetching active blacklist from Rule Cache
2026-10-01T10:56:11.847+05:30  INFO 10832 --- [fraud-engine-service] [scheduling-1] c.s.f.f.client.BlacklistCacheClient      : Fetched 8 active blacklist entries from Rule Cache
2026-10-01T10:56:11.847+05:30  INFO 10832 --- [fraud-engine-service] [scheduling-1] c.s.f.f.cache.ActiveBlacklistCache       : Active blacklist cache refreshed entryCount=8
2026-10-01T10:56:14.094+05:30  INFO 10832 --- [fraud-engine-service] [scheduling-1] c.s.f.f.client.RuleCacheClient           : Fetching active rules from Rule Cache
2026-10-01T10:56:14.095+05:30  INFO 10832 --- [fraud-engine-service] [scheduling-1] c.s.f.f.client.RuleCacheClient           : Fetched 13 active rules from Rule Cache
2026-10-01T10:56:14.095+05:30  INFO 10832 --- [fraud-engine-service] [scheduling-1] c.s.f.fraudengine.cache.ActiveRuleCache  : Active rule cache refreshed ruleCount=13
2026-10-01T10:56:16.862+05:30  INFO 10832 --- [fraud-engine-service] [scheduling-1] c.s.f.f.client.BlacklistCacheClient      : Fetching active blacklist from Rule Cache
2026-10-01T10:56:16.868+05:30  INFO 10832 --- [fraud-engine-service] [scheduling-1] c.s.f.f.client.BlacklistCacheClient      : Fetched 8 active blacklist entries from Rule Cache
2026-10-01T10:56:16.868+05:30  INFO 10832 --- [fraud-engine-service] [scheduling-1] c.s.f.f.cache.ActiveBlacklistCache       : Active blacklist cache refreshed entryCount=8
2026-10-01T10:56:19.107+05:30  INFO 10832 --- [fraud-engine-service] [scheduling-1] c.s.f.f.client.RuleCacheClient           : Fetching active rules from Rule Cache
2026-10-01T10:56:19.107+05:30  INFO 10832 --- [fraud-engine-service] [scheduling-1] c.s.f.f.client.RuleCacheClient           : Fetched 13 active rules from Rule Cache
2026-10-01T10:56:19.107+05:30  INFO 10832 --- [fraud-engine-service] [scheduling-1] c.s.f.fraudengine.cache.ActiveRuleCache  : Active rule cache refreshed ruleCount=13
2026-10-01T10:56:21.876+05:30  INFO 10832 --- [fraud-engine-service] [scheduling-1] c.s.f.f.client.BlacklistCacheClient      : Fetching active blacklist from Rule Cache
2026-10-01T10:56:21.876+05:30  INFO 10832 --- [fraud-engine-service] [scheduling-1] c.s.f.f.client.BlacklistCacheClient      : Fetched 8 active blacklist entries from Rule Cache
2026-10-01T10:56:21.876+05:30  INFO 10832 --- [fraud-engine-service] [scheduling-1] c.s.f.f.cache.ActiveBlacklistCache       : Active blacklist cache refreshed entryCount=8
2026-10-01T10:56:24.132+05:30  INFO 10832 --- [fraud-engine-service] [scheduling-1] c.s.f.f.client.RuleCacheClient           : Fetching active rules from Rule Cache
2026-10-01T10:56:24.132+05:30  INFO 10832 --- [fraud-engine-service] [scheduling-1] c.s.f.f.client.RuleCacheClient           : Fetched 13 active rules from Rule Cache
2026-10-01T10:56:24.132+05:30  INFO 10832 --- [fraud-engine-service] [scheduling-1] c.s.f.fraudengine.cache.ActiveRuleCache  : Active rule cache refreshed ruleCount=13
2026-10-01T10:56:26.889+05:30  INFO 10832 --- [fraud-engine-service] [scheduling-1] c.s.f.f.client.BlacklistCacheClient      : Fetching active blacklist from Rule Cache
2026-10-01T10:56:26.899+05:30  INFO 10832 --- [fraud-engine-service] [scheduling-1] c.s.f.f.client.BlacklistCacheClient      : Fetched 8 active blacklist entries from Rule Cache
2026-10-01T10:56:26.899+05:30  INFO 10832 --- [fraud-engine-service] [scheduling-1] c.s.f.f.cache.ActiveBlacklistCache       : Active blacklist cache refreshed entryCount=8
2026-10-01T10:56:29.145+05:30  INFO 10832 --- [fraud-engine-service] [scheduling-1] c.s.f.f.client.RuleCacheClient           : Fetching active rules from Rule Cache
2026-10-01T10:56:29.145+05:30  INFO 10832 --- [fraud-engine-service] [scheduling-1] c.s.f.f.client.RuleCacheClient           : Fetched 13 active rules from Rule Cache
2026-10-01T10:56:29.145+05:30  INFO 10832 --- [fraud-engine-service] [scheduling-1] c.s.f.fraudengine.cache.ActiveRuleCache  : Active rule cache refreshed ruleCount=13
2026-10-01T10:56:31.902+05:30  INFO 10832 --- [fraud-engine-service] [scheduling-1] c.s.f.f.client.BlacklistCacheClient      : Fetching active blacklist from Rule Cache
2026-10-01T10:56:31.902+05:30  INFO 10832 --- [fraud-engine-service] [scheduling-1] c.s.f.f.client.BlacklistCacheClient      : Fetched 8 active blacklist entries from Rule Cache
2026-10-01T10:56:31.902+05:30  INFO 10832 --- [fraud-engine-service] [scheduling-1] c.s.f.f.cache.ActiveBlacklistCache       : Active blacklist cache refreshed entryCount=8
2026-10-01T10:56:34.168+05:30  INFO 10832 --- [fraud-engine-service] [scheduling-1] c.s.f.f.client.RuleCacheClient           : Fetching active rules from Rule Cache
2026-10-01T10:56:34.168+05:30  INFO 10832 --- [fraud-engine-service] [scheduling-1] c.s.f.f.client.RuleCacheClient           : Fetched 13 active rules from Rule Cache
2026-10-01T10:56:34.168+05:30  INFO 10832 --- [fraud-engine-service] [scheduling-1] c.s.f.fraudengine.cache.ActiveRuleCache  : Active rule cache refreshed ruleCount=13
2026-10-01T10:56:36.920+05:30  INFO 10832 --- [fraud-engine-service] [scheduling-1] c.s.f.f.client.BlacklistCacheClient      : Fetching active blacklist from Rule Cache
2026-10-01T10:56:36.923+05:30  INFO 10832 --- [fraud-engine-service] [scheduling-1] c.s.f.f.client.BlacklistCacheClient      : Fetched 8 active blacklist entries from Rule Cache
2026-10-01T10:56:36.923+05:30  INFO 10832 --- [fraud-engine-service] [scheduling-1] c.s.f.f.cache.ActiveBlacklistCache       : Active blacklist cache refreshed entryCount=8
2026-10-01T10:56:39.188+05:30  INFO 10832 --- [fraud-engine-service] [scheduling-1] c.s.f.f.client.RuleCacheClient           : Fetching active rules from Rule Cache
2026-10-01T10:56:39.188+05:30  INFO 10832 --- [fraud-engine-service] [scheduling-1] c.s.f.f.client.RuleCacheClient           : Fetched 13 active rules from Rule Cache
2026-10-01T10:56:39.188+05:30  INFO 10832 --- [fraud-engine-service] [scheduling-1] c.s.f.fraudengine.cache.ActiveRuleCache  : Active rule cache refreshed ruleCount=13
2026-10-01T10:56:41.934+05:30  INFO 10832 --- [fraud-engine-service] [scheduling-1] c.s.f.f.client.BlacklistCacheClient      : Fetching active blacklist from Rule Cache
2026-10-01T10:56:41.940+05:30  INFO 10832 --- [fraud-engine-service] [scheduling-1] c.s.f.f.client.BlacklistCacheClient      : Fetched 8 active blacklist entries from Rule Cache
2026-10-01T10:56:41.940+05:30  INFO 10832 --- [fraud-engine-service] [scheduling-1] c.s.f.f.cache.ActiveBlacklistCache       : Active blacklist cache refreshed entryCount=8
2026-10-01T10:56:44.204+05:30  INFO 10832 --- [fraud-engine-service] [scheduling-1] c.s.f.f.client.RuleCacheClient           : Fetching active rules from Rule Cache
2026-10-01T10:56:44.204+05:30  INFO 10832 --- [fraud-engine-service] [scheduling-1] c.s.f.f.client.RuleCacheClient           : Fetched 13 active rules from Rule Cache
2026-10-01T10:56:44.204+05:30  INFO 10832 --- [fraud-engine-service] [scheduling-1] c.s.f.fraudengine.cache.ActiveRuleCache  : Active rule cache refreshed ruleCount=13
2026-10-01T10:56:46.955+05:30  INFO 10832 --- [fraud-engine-service] [scheduling-1] c.s.f.f.client.BlacklistCacheClient      : Fetching active blacklist from Rule Cache
2026-10-01T10:56:46.955+05:30  INFO 10832 --- [fraud-engine-service] [scheduling-1] c.s.f.f.client.BlacklistCacheClient      : Fetched 8 active blacklist entries from Rule Cache
2026-10-01T10:56:46.955+05:30  INFO 10832 --- [fraud-engine-service] [scheduling-1] c.s.f.f.cache.ActiveBlacklistCache       : Active blacklist cache refreshed entryCount=8
2026-10-01T10:56:49.223+05:30  INFO 10832 --- [fraud-engine-service] [scheduling-1] c.s.f.f.client.RuleCacheClient           : Fetching active rules from Rule Cache
2026-10-01T10:56:49.230+05:30  INFO 10832 --- [fraud-engine-service] [scheduling-1] c.s.f.f.client.RuleCacheClient           : Fetched 13 active rules from Rule Cache
2026-10-01T10:56:49.230+05:30  INFO 10832 --- [fraud-engine-service] [scheduling-1] c.s.f.fraudengine.cache.ActiveRuleCache  : Active rule cache refreshed ruleCount=13
2026-10-01T10:56:51.978+05:30  INFO 10832 --- [fraud-engine-service] [scheduling-1] c.s.f.f.client.BlacklistCacheClient      : Fetching active blacklist from Rule Cache
2026-10-01T10:56:51.978+05:30  INFO 10832 --- [fraud-engine-service] [scheduling-1] c.s.f.f.client.BlacklistCacheClient      : Fetched 8 active blacklist entries from Rule Cache
2026-10-01T10:56:51.978+05:30  INFO 10832 --- [fraud-engine-service] [scheduling-1] c.s.f.f.cache.ActiveBlacklistCache       : Active blacklist cache refreshed entryCount=8
2026-10-01T10:56:54.237+05:30  INFO 10832 --- [fraud-engine-service] [scheduling-1] c.s.f.f.client.RuleCacheClient           : Fetching active rules from Rule Cache
2026-10-01T10:56:54.244+05:30  INFO 10832 --- [fraud-engine-service] [scheduling-1] c.s.f.f.client.RuleCacheClient           : Fetched 13 active rules from Rule Cache
2026-10-01T10:56:54.244+05:30  INFO 10832 --- [fraud-engine-service] [scheduling-1] c.s.f.fraudengine.cache.ActiveRuleCache  : Active rule cache refreshed ruleCount=13
2026-10-01T10:56:56.993+05:30  INFO 10832 --- [fraud-engine-service] [scheduling-1] c.s.f.f.client.BlacklistCacheClient      : Fetching active blacklist from Rule Cache
2026-10-01T10:56:56.993+05:30  INFO 10832 --- [fraud-engine-service] [scheduling-1] c.s.f.f.client.BlacklistCacheClient      : Fetched 8 active blacklist entries from Rule Cache
2026-10-01T10:56:56.993+05:30  INFO 10832 --- [fraud-engine-service] [scheduling-1] c.s.f.f.cache.ActiveBlacklistCache       : Active blacklist cache refreshed entryCount=8
2026-10-01T10:56:59.249+05:30  INFO 10832 --- [fraud-engine-service] [scheduling-1] c.s.f.f.client.RuleCacheClient           : Fetching active rules from Rule Cache
2026-10-01T10:56:59.256+05:30  INFO 10832 --- [fraud-engine-service] [scheduling-1] c.s.f.f.client.RuleCacheClient           : Fetched 13 active rules from Rule Cache
2026-10-01T10:56:59.256+05:30  INFO 10832 --- [fraud-engine-service] [scheduling-1] c.s.f.fraudengine.cache.ActiveRuleCache  : Active rule cache refreshed ruleCount=13
2026-10-01T10:57:02.013+05:30  INFO 10832 --- [fraud-engine-service] [scheduling-1] c.s.f.f.client.BlacklistCacheClient      : Fetching active blacklist from Rule Cache
2026-10-01T10:57:02.023+05:30  INFO 10832 --- [fraud-engine-service] [scheduling-1] c.s.f.f.client.BlacklistCacheClient      : Fetched 8 active blacklist entries from Rule Cache
2026-10-01T10:57:02.023+05:30  INFO 10832 --- [fraud-engine-service] [scheduling-1] c.s.f.f.cache.ActiveBlacklistCache       : Active blacklist cache refreshed entryCount=8
2026-10-01T10:57:04.265+05:30  INFO 10832 --- [fraud-engine-service] [scheduling-1] c.s.f.f.client.RuleCacheClient           : Fetching active rules from Rule Cache
2026-10-01T10:57:04.265+05:30  INFO 10832 --- [fraud-engine-service] [scheduling-1] c.s.f.f.client.RuleCacheClient           : Fetched 13 active rules from Rule Cache
2026-10-01T10:57:04.265+05:30  INFO 10832 --- [fraud-engine-service] [scheduling-1] c.s.f.fraudengine.cache.ActiveRuleCache  : Active rule cache refreshed ruleCount=13
2026-10-01T10:57:07.024+05:30  INFO 10832 --- [fraud-engine-service] [scheduling-1] c.s.f.f.client.BlacklistCacheClient      : Fetching active blacklist from Rule Cache
2026-10-01T10:57:07.026+05:30  INFO 10832 --- [fraud-engine-service] [scheduling-1] c.s.f.f.client.BlacklistCacheClient      : Fetched 8 active blacklist entries from Rule Cache
2026-10-01T10:57:07.026+05:30  INFO 10832 --- [fraud-engine-service] [scheduling-1] c.s.f.f.cache.ActiveBlacklistCache       : Active blacklist cache refreshed entryCount=8
2026-10-01T10:57:09.275+05:30  INFO 10832 --- [fraud-engine-service] [scheduling-1] c.s.f.f.client.RuleCacheClient           : Fetching active rules from Rule Cache
2026-10-01T10:57:09.275+05:30  INFO 10832 --- [fraud-engine-service] [scheduling-1] c.s.f.f.client.RuleCacheClient           : Fetched 13 active rules from Rule Cache
2026-10-01T10:57:09.275+05:30  INFO 10832 --- [fraud-engine-service] [scheduling-1] c.s.f.fraudengine.cache.ActiveRuleCache  : Active rule cache refreshed ruleCount=13
2026-10-01T10:57:12.037+05:30  INFO 10832 --- [fraud-engine-service] [scheduling-1] c.s.f.f.client.BlacklistCacheClient      : Fetching active blacklist from Rule Cache
2026-10-01T10:57:12.038+05:30  INFO 10832 --- [fraud-engine-service] [scheduling-1] c.s.f.f.client.BlacklistCacheClient      : Fetched 8 active blacklist entries from Rule Cache
2026-10-01T10:57:12.038+05:30  INFO 10832 --- [fraud-engine-service] [scheduling-1] c.s.f.f.cache.ActiveBlacklistCache       : Active blacklist cache refreshed entryCount=8
2026-10-01T10:57:14.286+05:30  INFO 10832 --- [fraud-engine-service] [scheduling-1] c.s.f.f.client.RuleCacheClient           : Fetching active rules from Rule Cache
2026-10-01T10:57:14.291+05:30  INFO 10832 --- [fraud-engine-service] [scheduling-1] c.s.f.f.client.RuleCacheClient           : Fetched 13 active rules from Rule Cache
2026-10-01T10:57:14.292+05:30  INFO 10832 --- [fraud-engine-service] [scheduling-1] c.s.f.fraudengine.cache.ActiveRuleCache  : Active rule cache refreshed ruleCount=13
2026-10-01T10:57:17.048+05:30  INFO 10832 --- [fraud-engine-service] [scheduling-1] c.s.f.f.client.BlacklistCacheClient      : Fetching active blacklist from Rule Cache
2026-10-01T10:57:17.052+05:30  INFO 10832 --- [fraud-engine-service] [scheduling-1] c.s.f.f.client.BlacklistCacheClient      : Fetched 8 active blacklist entries from Rule Cache
2026-10-01T10:57:17.052+05:30  INFO 10832 --- [fraud-engine-service] [scheduling-1] c.s.f.f.cache.ActiveBlacklistCache       : Active blacklist cache refreshed entryCount=8
2026-10-01T10:57:19.304+05:30  INFO 10832 --- [fraud-engine-service] [scheduling-1] c.s.f.f.client.RuleCacheClient           : Fetching active rules from Rule Cache
2026-10-01T10:57:19.312+05:30  INFO 10832 --- [fraud-engine-service] [scheduling-1] c.s.f.f.client.RuleCacheClient           : Fetched 13 active rules from Rule Cache
2026-10-01T10:57:19.312+05:30  INFO 10832 --- [fraud-engine-service] [scheduling-1] c.s.f.fraudengine.cache.ActiveRuleCache  : Active rule cache refreshed ruleCount=13
2026-10-01T10:57:22.055+05:30  INFO 10832 --- [fraud-engine-service] [scheduling-1] c.s.f.f.client.BlacklistCacheClient      : Fetching active blacklist from Rule Cache
2026-10-01T10:57:22.061+05:30  INFO 10832 --- [fraud-engine-service] [scheduling-1] c.s.f.f.client.BlacklistCacheClient      : Fetched 8 active blacklist entries from Rule Cache
2026-10-01T10:57:22.061+05:30  INFO 10832 --- [fraud-engine-service] [scheduling-1] c.s.f.f.cache.ActiveBlacklistCache       : Active blacklist cache refreshed entryCount=8
2026-10-01T10:57:24.320+05:30  INFO 10832 --- [fraud-engine-service] [scheduling-1] c.s.f.f.client.RuleCacheClient           : Fetching active rules from Rule Cache
2026-10-01T10:57:24.322+05:30  INFO 10832 --- [fraud-engine-service] [scheduling-1] c.s.f.f.client.RuleCacheClient           : Fetched 13 active rules from Rule Cache
2026-10-01T10:57:24.322+05:30  INFO 10832 --- [fraud-engine-service] [scheduling-1] c.s.f.fraudengine.cache.ActiveRuleCache  : Active rule cache refreshed ruleCount=13
2026-10-01T10:57:27.069+05:30  INFO 10832 --- [fraud-engine-service] [scheduling-1] c.s.f.f.client.BlacklistCacheClient      : Fetching active blacklist from Rule Cache
2026-10-01T10:57:27.069+05:30  INFO 10832 --- [fraud-engine-service] [scheduling-1] c.s.f.f.client.BlacklistCacheClient      : Fetched 8 active blacklist entries from Rule Cache
2026-10-01T10:57:27.069+05:30  INFO 10832 --- [fraud-engine-service] [scheduling-1] c.s.f.f.cache.ActiveBlacklistCache       : Active blacklist cache refreshed entryCount=8
2026-10-01T10:57:29.334+05:30  INFO 10832 --- [fraud-engine-service] [scheduling-1] c.s.f.f.client.RuleCacheClient           : Fetching active rules from Rule Cache
2026-10-01T10:57:29.342+05:30  INFO 10832 --- [fraud-engine-service] [scheduling-1] c.s.f.f.client.RuleCacheClient           : Fetched 13 active rules from Rule Cache
2026-10-01T10:57:29.342+05:30  INFO 10832 --- [fraud-engine-service] [scheduling-1] c.s.f.fraudengine.cache.ActiveRuleCache  : Active rule cache refreshed ruleCount=13
2026-10-01T10:57:32.084+05:30  INFO 10832 --- [fraud-engine-service] [scheduling-1] c.s.f.f.client.BlacklistCacheClient      : Fetching active blacklist from Rule Cache
2026-10-01T10:57:32.084+05:30  INFO 10832 --- [fraud-engine-service] [scheduling-1] c.s.f.f.client.BlacklistCacheClient      : Fetched 8 active blacklist entries from Rule Cache
2026-10-01T10:57:32.084+05:30  INFO 10832 --- [fraud-engine-service] [scheduling-1] c.s.f.f.cache.ActiveBlacklistCache       : Active blacklist cache refreshed entryCount=8
2026-10-01T10:57:34.346+05:30  INFO 10832 --- [fraud-engine-service] [scheduling-1] c.s.f.f.client.RuleCacheClient           : Fetching active rules from Rule Cache
2026-10-01T10:57:34.355+05:30  INFO 10832 --- [fraud-engine-service] [scheduling-1] c.s.f.f.client.RuleCacheClient           : Fetched 13 active rules from Rule Cache
2026-10-01T10:57:34.355+05:30  INFO 10832 --- [fraud-engine-service] [scheduling-1] c.s.f.fraudengine.cache.ActiveRuleCache  : Active rule cache refreshed ruleCount=13
2026-10-01T10:57:37.103+05:30  INFO 10832 --- [fraud-engine-service] [scheduling-1] c.s.f.f.client.BlacklistCacheClient      : Fetching active blacklist from Rule Cache
2026-10-01T10:57:37.103+05:30  INFO 10832 --- [fraud-engine-service] [scheduling-1] c.s.f.f.client.BlacklistCacheClient      : Fetched 8 active blacklist entries from Rule Cache
2026-10-01T10:57:37.103+05:30  INFO 10832 --- [fraud-engine-service] [scheduling-1] c.s.f.f.cache.ActiveBlacklistCache       : Active blacklist cache refreshed entryCount=8
2026-10-01T10:57:39.371+05:30  INFO 10832 --- [fraud-engine-service] [scheduling-1] c.s.f.f.client.RuleCacheClient           : Fetching active rules from Rule Cache
2026-10-01T10:57:39.380+05:30  INFO 10832 --- [fraud-engine-service] [scheduling-1] c.s.f.f.client.RuleCacheClient           : Fetched 13 active rules from Rule Cache
2026-10-01T10:57:39.380+05:30  INFO 10832 --- [fraud-engine-service] [scheduling-1] c.s.f.fraudengine.cache.ActiveRuleCache  : Active rule cache refreshed ruleCount=13
2026-10-01T10:57:42.110+05:30  INFO 10832 --- [fraud-engine-service] [scheduling-1] c.s.f.f.client.BlacklistCacheClient      : Fetching active blacklist from Rule Cache
2026-10-01T10:57:42.118+05:30  INFO 10832 --- [fraud-engine-service] [scheduling-1] c.s.f.f.client.BlacklistCacheClient      : Fetched 8 active blacklist entries from Rule Cache
2026-10-01T10:57:42.118+05:30  INFO 10832 --- [fraud-engine-service] [scheduling-1] c.s.f.f.cache.ActiveBlacklistCache       : Active blacklist cache refreshed entryCount=8
2026-10-01T10:57:44.386+05:30  INFO 10832 --- [fraud-engine-service] [scheduling-1] c.s.f.f.client.RuleCacheClient           : Fetching active rules from Rule Cache
2026-10-01T10:57:44.386+05:30  INFO 10832 --- [fraud-engine-service] [scheduling-1] c.s.f.f.client.RuleCacheClient           : Fetched 13 active rules from Rule Cache
2026-10-01T10:57:44.386+05:30  INFO 10832 --- [fraud-engine-service] [scheduling-1] c.s.f.fraudengine.cache.ActiveRuleCache  : Active rule cache refreshed ruleCount=13
2026-10-01T10:57:47.127+05:30  INFO 10832 --- [fraud-engine-service] [scheduling-1] c.s.f.f.client.BlacklistCacheClient      : Fetching active blacklist from Rule Cache
2026-10-01T10:57:47.127+05:30  INFO 10832 --- [fraud-engine-service] [scheduling-1] c.s.f.f.client.BlacklistCacheClient      : Fetched 8 active blacklist entries from Rule Cache
2026-10-01T10:57:47.127+05:30  INFO 10832 --- [fraud-engine-service] [scheduling-1] c.s.f.f.cache.ActiveBlacklistCache       : Active blacklist cache refreshed entryCount=8
2026-10-01T10:57:49.406+05:30  INFO 10832 --- [fraud-engine-service] [scheduling-1] c.s.f.f.client.RuleCacheClient           : Fetching active rules from Rule Cache
2026-10-01T10:57:49.410+05:30  INFO 10832 --- [fraud-engine-service] [scheduling-1] c.s.f.f.client.RuleCacheClient           : Fetched 13 active rules from Rule Cache
2026-10-01T10:57:49.410+05:30  INFO 10832 --- [fraud-engine-service] [scheduling-1] c.s.f.fraudengine.cache.ActiveRuleCache  : Active rule cache refreshed ruleCount=13
2026-10-01T10:57:52.139+05:30  INFO 10832 --- [fraud-engine-service] [scheduling-1] c.s.f.f.client.BlacklistCacheClient      : Fetching active blacklist from Rule Cache
2026-10-01T10:57:52.139+05:30  INFO 10832 --- [fraud-engine-service] [scheduling-1] c.s.f.f.client.BlacklistCacheClient      : Fetched 8 active blacklist entries from Rule Cache
2026-10-01T10:57:52.139+05:30  INFO 10832 --- [fraud-engine-service] [scheduling-1] c.s.f.f.cache.ActiveBlacklistCache       : Active blacklist cache refreshed entryCount=8
2026-10-01T10:57:54.429+05:30  INFO 10832 --- [fraud-engine-service] [scheduling-1] c.s.f.f.client.RuleCacheClient           : Fetching active rules from Rule Cache
2026-10-01T10:57:54.429+05:30  INFO 10832 --- [fraud-engine-service] [scheduling-1] c.s.f.f.client.RuleCacheClient           : Fetched 13 active rules from Rule Cache
2026-10-01T10:57:54.429+05:30  INFO 10832 --- [fraud-engine-service] [scheduling-1] c.s.f.fraudengine.cache.ActiveRuleCache  : Active rule cache refreshed ruleCount=13
2026-10-01T10:57:57.156+05:30  INFO 10832 --- [fraud-engine-service] [scheduling-1] c.s.f.f.client.BlacklistCacheClient      : Fetching active blacklist from Rule Cache
2026-10-01T10:57:57.157+05:30  INFO 10832 --- [fraud-engine-service] [scheduling-1] c.s.f.f.client.BlacklistCacheClient      : Fetched 8 active blacklist entries from Rule Cache
2026-10-01T10:57:57.157+05:30  INFO 10832 --- [fraud-engine-service] [scheduling-1] c.s.f.f.cache.ActiveBlacklistCache       : Active blacklist cache refreshed entryCount=8
2026-10-01T10:57:59.444+05:30  INFO 10832 --- [fraud-engine-service] [scheduling-1] c.s.f.f.client.RuleCacheClient           : Fetching active rules from Rule Cache
2026-10-01T10:57:59.444+05:30  INFO 10832 --- [fraud-engine-service] [scheduling-1] c.s.f.f.client.RuleCacheClient           : Fetched 13 active rules from Rule Cache
2026-10-01T10:57:59.444+05:30  INFO 10832 --- [fraud-engine-service] [scheduling-1] c.s.f.fraudengine.cache.ActiveRuleCache  : Active rule cache refreshed ruleCount=13
2026-10-01T10:58:02.170+05:30  INFO 10832 --- [fraud-engine-service] [scheduling-1] c.s.f.f.client.BlacklistCacheClient      : Fetching active blacklist from Rule Cache
2026-10-01T10:58:02.172+05:30  INFO 10832 --- [fraud-engine-service] [scheduling-1] c.s.f.f.client.BlacklistCacheClient      : Fetched 8 active blacklist entries from Rule Cache
2026-10-01T10:58:02.172+05:30  INFO 10832 --- [fraud-engine-service] [scheduling-1] c.s.f.f.cache.ActiveBlacklistCache       : Active blacklist cache refreshed entryCount=8
2026-10-01T10:58:04.469+05:30  INFO 10832 --- [fraud-engine-service] [scheduling-1] c.s.f.f.client.RuleCacheClient           : Fetching active rules from Rule Cache
2026-10-01T10:58:04.469+05:30  INFO 10832 --- [fraud-engine-service] [scheduling-1] c.s.f.f.client.RuleCacheClient           : Fetched 13 active rules from Rule Cache
2026-10-01T10:58:04.469+05:30  INFO 10832 --- [fraud-engine-service] [scheduling-1] c.s.f.fraudengine.cache.ActiveRuleCache  : Active rule cache refreshed ruleCount=13
2026-10-01T10:58:07.188+05:30  INFO 10832 --- [fraud-engine-service] [scheduling-1] c.s.f.f.client.BlacklistCacheClient      : Fetching active blacklist from Rule Cache
2026-10-01T10:58:07.192+05:30  INFO 10832 --- [fraud-engine-service] [scheduling-1] c.s.f.f.client.BlacklistCacheClient      : Fetched 8 active blacklist entries from Rule Cache
2026-10-01T10:58:07.192+05:30  INFO 10832 --- [fraud-engine-service] [scheduling-1] c.s.f.f.cache.ActiveBlacklistCache       : Active blacklist cache refreshed entryCount=8
2026-10-01T10:58:09.484+05:30  INFO 10832 --- [fraud-engine-service] [scheduling-1] c.s.f.f.client.RuleCacheClient           : Fetching active rules from Rule Cache
2026-10-01T10:58:09.484+05:30  INFO 10832 --- [fraud-engine-service] [scheduling-1] c.s.f.f.client.RuleCacheClient           : Fetched 13 active rules from Rule Cache
2026-10-01T10:58:09.484+05:30  INFO 10832 --- [fraud-engine-service] [scheduling-1] c.s.f.fraudengine.cache.ActiveRuleCache  : Active rule cache refreshed ruleCount=13
2026-10-01T10:58:12.199+05:30  INFO 10832 --- [fraud-engine-service] [scheduling-1] c.s.f.f.client.BlacklistCacheClient      : Fetching active blacklist from Rule Cache
2026-10-01T10:58:12.199+05:30  INFO 10832 --- [fraud-engine-service] [scheduling-1] c.s.f.f.client.BlacklistCacheClient      : Fetched 8 active blacklist entries from Rule Cache
2026-10-01T10:58:12.199+05:30  INFO 10832 --- [fraud-engine-service] [scheduling-1] c.s.f.f.cache.ActiveBlacklistCache       : Active blacklist cache refreshed entryCount=8
2026-10-01T10:58:14.502+05:30  INFO 10832 --- [fraud-engine-service] [scheduling-1] c.s.f.f.client.RuleCacheClient           : Fetching active rules from Rule Cache
2026-10-01T10:58:14.511+05:30  INFO 10832 --- [fraud-engine-service] [scheduling-1] c.s.f.f.client.RuleCacheClient           : Fetched 13 active rules from Rule Cache
2026-10-01T10:58:14.511+05:30  INFO 10832 --- [fraud-engine-service] [scheduling-1] c.s.f.fraudengine.cache.ActiveRuleCache  : Active rule cache refreshed ruleCount=13
2026-10-01T10:58:17.213+05:30  INFO 10832 --- [fraud-engine-service] [scheduling-1] c.s.f.f.client.BlacklistCacheClient      : Fetching active blacklist from Rule Cache
2026-10-01T10:58:17.213+05:30  INFO 10832 --- [fraud-engine-service] [scheduling-1] c.s.f.f.client.BlacklistCacheClient      : Fetched 8 active blacklist entries from Rule Cache
2026-10-01T10:58:17.213+05:30  INFO 10832 --- [fraud-engine-service] [scheduling-1] c.s.f.f.cache.ActiveBlacklistCache       : Active blacklist cache refreshed entryCount=8
2026-10-01T10:58:19.511+05:30  INFO 10832 --- [fraud-engine-service] [scheduling-1] c.s.f.f.client.RuleCacheClient           : Fetching active rules from Rule Cache
2026-10-01T10:58:19.516+05:30  INFO 10832 --- [fraud-engine-service] [scheduling-1] c.s.f.f.client.RuleCacheClient           : Fetched 13 active rules from Rule Cache
2026-10-01T10:58:19.518+05:30  INFO 10832 --- [fraud-engine-service] [scheduling-1] c.s.f.fraudengine.cache.ActiveRuleCache  : Active rule cache refreshed ruleCount=13
2026-10-01T10:58:22.227+05:30  INFO 10832 --- [fraud-engine-service] [scheduling-1] c.s.f.f.client.BlacklistCacheClient      : Fetching active blacklist from Rule Cache
2026-10-01T10:58:22.234+05:30  INFO 10832 --- [fraud-engine-service] [scheduling-1] c.s.f.f.client.BlacklistCacheClient      : Fetched 8 active blacklist entries from Rule Cache
2026-10-01T10:58:22.234+05:30  INFO 10832 --- [fraud-engine-service] [scheduling-1] c.s.f.f.cache.ActiveBlacklistCache       : Active blacklist cache refreshed entryCount=8
2026-10-01T10:58:24.531+05:30  INFO 10832 --- [fraud-engine-service] [scheduling-1] c.s.f.f.client.RuleCacheClient           : Fetching active rules from Rule Cache
2026-10-01T10:58:24.534+05:30  INFO 10832 --- [fraud-engine-service] [scheduling-1] c.s.f.f.client.RuleCacheClient           : Fetched 13 active rules from Rule Cache
2026-10-01T10:58:24.534+05:30  INFO 10832 --- [fraud-engine-service] [scheduling-1] c.s.f.fraudengine.cache.ActiveRuleCache  : Active rule cache refreshed ruleCount=13
2026-10-01T10:58:27.242+05:30  INFO 10832 --- [fraud-engine-service] [scheduling-1] c.s.f.f.client.BlacklistCacheClient      : Fetching active blacklist from Rule Cache
2026-10-01T10:58:27.244+05:30  INFO 10832 --- [fraud-engine-service] [scheduling-1] c.s.f.f.client.BlacklistCacheClient      : Fetched 8 active blacklist entries from Rule Cache
2026-10-01T10:58:27.244+05:30  INFO 10832 --- [fraud-engine-service] [scheduling-1] c.s.f.f.cache.ActiveBlacklistCache       : Active blacklist cache refreshed entryCount=8
2026-10-01T10:58:29.544+05:30  INFO 10832 --- [fraud-engine-service] [scheduling-1] c.s.f.f.client.RuleCacheClient           : Fetching active rules from Rule Cache
2026-10-01T10:58:29.544+05:30  INFO 10832 --- [fraud-engine-service] [scheduling-1] c.s.f.f.client.RuleCacheClient           : Fetched 13 active rules from Rule Cache
2026-10-01T10:58:29.544+05:30  INFO 10832 --- [fraud-engine-service] [scheduling-1] c.s.f.fraudengine.cache.ActiveRuleCache  : Active rule cache refreshed ruleCount=13
2026-10-01T10:58:32.255+05:30  INFO 10832 --- [fraud-engine-service] [scheduling-1] c.s.f.f.client.BlacklistCacheClient      : Fetching active blacklist from Rule Cache
2026-10-01T10:58:32.265+05:30  INFO 10832 --- [fraud-engine-service] [scheduling-1] c.s.f.f.client.BlacklistCacheClient      : Fetched 8 active blacklist entries from Rule Cache
2026-10-01T10:58:32.265+05:30  INFO 10832 --- [fraud-engine-service] [scheduling-1] c.s.f.f.cache.ActiveBlacklistCache       : Active blacklist cache refreshed entryCount=8
2026-10-01T10:58:34.559+05:30  INFO 10832 --- [fraud-engine-service] [scheduling-1] c.s.f.f.client.RuleCacheClient           : Fetching active rules from Rule Cache
2026-10-01T10:58:34.559+05:30  INFO 10832 --- [fraud-engine-service] [scheduling-1] c.s.f.f.client.RuleCacheClient           : Fetched 13 active rules from Rule Cache
2026-10-01T10:58:34.559+05:30  INFO 10832 --- [fraud-engine-service] [scheduling-1] c.s.f.fraudengine.cache.ActiveRuleCache  : Active rule cache refreshed ruleCount=13
2026-10-01T10:58:37.267+05:30  INFO 10832 --- [fraud-engine-service] [scheduling-1] c.s.f.f.client.BlacklistCacheClient      : Fetching active blacklist from Rule Cache
2026-10-01T10:58:37.267+05:30  INFO 10832 --- [fraud-engine-service] [scheduling-1] c.s.f.f.client.BlacklistCacheClient      : Fetched 8 active blacklist entries from Rule Cache
2026-10-01T10:58:37.267+05:30  INFO 10832 --- [fraud-engine-service] [scheduling-1] c.s.f.f.cache.ActiveBlacklistCache       : Active blacklist cache refreshed entryCount=8
2026-10-01T10:58:39.574+05:30  INFO 10832 --- [fraud-engine-service] [scheduling-1] c.s.f.f.client.RuleCacheClient           : Fetching active rules from Rule Cache
2026-10-01T10:58:39.574+05:30  INFO 10832 --- [fraud-engine-service] [scheduling-1] c.s.f.f.client.RuleCacheClient           : Fetched 13 active rules from Rule Cache
2026-10-01T10:58:39.574+05:30  INFO 10832 --- [fraud-engine-service] [scheduling-1] c.s.f.fraudengine.cache.ActiveRuleCache  : Active rule cache refreshed ruleCount=13
2026-10-01T10:58:42.275+05:30  INFO 10832 --- [fraud-engine-service] [scheduling-1] c.s.f.f.client.BlacklistCacheClient      : Fetching active blacklist from Rule Cache
2026-10-01T10:58:42.284+05:30  INFO 10832 --- [fraud-engine-service] [scheduling-1] c.s.f.f.client.BlacklistCacheClient      : Fetched 8 active blacklist entries from Rule Cache
2026-10-01T10:58:42.284+05:30  INFO 10832 --- [fraud-engine-service] [scheduling-1] c.s.f.f.cache.ActiveBlacklistCache       : Active blacklist cache refreshed entryCount=8
2026-10-01T10:58:44.593+05:30  INFO 10832 --- [fraud-engine-service] [scheduling-1] c.s.f.f.client.RuleCacheClient           : Fetching active rules from Rule Cache
2026-10-01T10:58:44.597+05:30  INFO 10832 --- [fraud-engine-service] [scheduling-1] c.s.f.f.client.RuleCacheClient           : Fetched 13 active rules from Rule Cache
2026-10-01T10:58:44.597+05:30  INFO 10832 --- [fraud-engine-service] [scheduling-1] c.s.f.fraudengine.cache.ActiveRuleCache  : Active rule cache refreshed ruleCount=13
2026-10-01T10:58:47.293+05:30  INFO 10832 --- [fraud-engine-service] [scheduling-1] c.s.f.f.client.BlacklistCacheClient      : Fetching active blacklist from Rule Cache
2026-10-01T10:58:47.293+05:30  INFO 10832 --- [fraud-engine-service] [scheduling-1] c.s.f.f.client.BlacklistCacheClient      : Fetched 8 active blacklist entries from Rule Cache
2026-10-01T10:58:47.293+05:30  INFO 10832 --- [fraud-engine-service] [scheduling-1] c.s.f.f.cache.ActiveBlacklistCache       : Active blacklist cache refreshed entryCount=8
2026-10-01T10:58:49.604+05:30  INFO 10832 --- [fraud-engine-service] [scheduling-1] c.s.f.f.client.RuleCacheClient           : Fetching active rules from Rule Cache
2026-10-01T10:58:49.604+05:30  INFO 10832 --- [fraud-engine-service] [scheduling-1] c.s.f.f.client.RuleCacheClient           : Fetched 13 active rules from Rule Cache
2026-10-01T10:58:49.604+05:30  INFO 10832 --- [fraud-engine-service] [scheduling-1] c.s.f.fraudengine.cache.ActiveRuleCache  : Active rule cache refreshed ruleCount=13
2026-10-01T10:58:52.304+05:30  INFO 10832 --- [fraud-engine-service] [scheduling-1] c.s.f.f.client.BlacklistCacheClient      : Fetching active blacklist from Rule Cache
2026-10-01T10:58:52.304+05:30  INFO 10832 --- [fraud-engine-service] [scheduling-1] c.s.f.f.client.BlacklistCacheClient      : Fetched 8 active blacklist entries from Rule Cache
2026-10-01T10:58:52.304+05:30  INFO 10832 --- [fraud-engine-service] [scheduling-1] c.s.f.f.cache.ActiveBlacklistCache       : Active blacklist cache refreshed entryCount=8
2026-10-01T10:58:54.618+05:30  INFO 10832 --- [fraud-engine-service] [scheduling-1] c.s.f.f.client.RuleCacheClient           : Fetching active rules from Rule Cache
2026-10-01T10:58:54.618+05:30  INFO 10832 --- [fraud-engine-service] [scheduling-1] c.s.f.f.client.RuleCacheClient           : Fetched 13 active rules from Rule Cache
2026-10-01T10:58:54.618+05:30  INFO 10832 --- [fraud-engine-service] [scheduling-1] c.s.f.fraudengine.cache.ActiveRuleCache  : Active rule cache refreshed ruleCount=13
2026-10-01T10:58:57.319+05:30  INFO 10832 --- [fraud-engine-service] [scheduling-1] c.s.f.f.client.BlacklistCacheClient      : Fetching active blacklist from Rule Cache
2026-10-01T10:58:57.319+05:30  INFO 10832 --- [fraud-engine-service] [scheduling-1] c.s.f.f.client.BlacklistCacheClient      : Fetched 8 active blacklist entries from Rule Cache
2026-10-01T10:58:57.319+05:30  INFO 10832 --- [fraud-engine-service] [scheduling-1] c.s.f.f.cache.ActiveBlacklistCache       : Active blacklist cache refreshed entryCount=8
2026-10-01T10:58:59.631+05:30  INFO 10832 --- [fraud-engine-service] [scheduling-1] c.s.f.f.client.RuleCacheClient           : Fetching active rules from Rule Cache
2026-10-01T10:58:59.631+05:30  INFO 10832 --- [fraud-engine-service] [scheduling-1] c.s.f.f.client.RuleCacheClient           : Fetched 13 active rules from Rule Cache
2026-10-01T10:58:59.631+05:30  INFO 10832 --- [fraud-engine-service] [scheduling-1] c.s.f.fraudengine.cache.ActiveRuleCache  : Active rule cache refreshed ruleCount=13
2026-10-01T10:59:02.336+05:30  INFO 10832 --- [fraud-engine-service] [scheduling-1] c.s.f.f.client.BlacklistCacheClient      : Fetching active blacklist from Rule Cache
2026-10-01T10:59:02.341+05:30  INFO 10832 --- [fraud-engine-service] [scheduling-1] c.s.f.f.client.BlacklistCacheClient      : Fetched 8 active blacklist entries from Rule Cache
2026-10-01T10:59:02.341+05:30  INFO 10832 --- [fraud-engine-service] [scheduling-1] c.s.f.f.cache.ActiveBlacklistCache       : Active blacklist cache refreshed entryCount=8
2026-10-01T10:59:04.640+05:30  INFO 10832 --- [fraud-engine-service] [scheduling-1] c.s.f.f.client.RuleCacheClient           : Fetching active rules from Rule Cache
2026-10-01T10:59:04.645+05:30  INFO 10832 --- [fraud-engine-service] [scheduling-1] c.s.f.f.client.RuleCacheClient           : Fetched 13 active rules from Rule Cache
2026-10-01T10:59:04.645+05:30  INFO 10832 --- [fraud-engine-service] [scheduling-1] c.s.f.fraudengine.cache.ActiveRuleCache  : Active rule cache refreshed ruleCount=13
2026-10-01T10:59:07.348+05:30  INFO 10832 --- [fraud-engine-service] [scheduling-1] c.s.f.f.client.BlacklistCacheClient      : Fetching active blacklist from Rule Cache
2026-10-01T10:59:07.354+05:30  INFO 10832 --- [fraud-engine-service] [scheduling-1] c.s.f.f.client.BlacklistCacheClient      : Fetched 8 active blacklist entries from Rule Cache
2026-10-01T10:59:07.354+05:30  INFO 10832 --- [fraud-engine-service] [scheduling-1] c.s.f.f.cache.ActiveBlacklistCache       : Active blacklist cache refreshed entryCount=8
2026-10-01T10:59:09.655+05:30  INFO 10832 --- [fraud-engine-service] [scheduling-1] c.s.f.f.client.RuleCacheClient           : Fetching active rules from Rule Cache
2026-10-01T10:59:09.660+05:30  INFO 10832 --- [fraud-engine-service] [scheduling-1] c.s.f.f.client.RuleCacheClient           : Fetched 13 active rules from Rule Cache
2026-10-01T10:59:09.660+05:30  INFO 10832 --- [fraud-engine-service] [scheduling-1] c.s.f.fraudengine.cache.ActiveRuleCache  : Active rule cache refreshed ruleCount=13
2026-10-01T10:59:12.361+05:30  INFO 10832 --- [fraud-engine-service] [scheduling-1] c.s.f.f.client.BlacklistCacheClient      : Fetching active blacklist from Rule Cache
2026-10-01T10:59:12.365+05:30  INFO 10832 --- [fraud-engine-service] [scheduling-1] c.s.f.f.client.BlacklistCacheClient      : Fetched 8 active blacklist entries from Rule Cache
2026-10-01T10:59:12.367+05:30  INFO 10832 --- [fraud-engine-service] [scheduling-1] c.s.f.f.cache.ActiveBlacklistCache       : Active blacklist cache refreshed entryCount=8
2026-10-01T10:59:14.674+05:30  INFO 10832 --- [fraud-engine-service] [scheduling-1] c.s.f.f.client.RuleCacheClient           : Fetching active rules from Rule Cache
2026-10-01T10:59:14.687+05:30  INFO 10832 --- [fraud-engine-service] [scheduling-1] c.s.f.f.client.RuleCacheClient           : Fetched 13 active rules from Rule Cache
2026-10-01T10:59:14.687+05:30  INFO 10832 --- [fraud-engine-service] [scheduling-1] c.s.f.fraudengine.cache.ActiveRuleCache  : Active rule cache refreshed ruleCount=13
2026-10-01T10:59:17.369+05:30  INFO 10832 --- [fraud-engine-service] [scheduling-1] c.s.f.f.client.BlacklistCacheClient      : Fetching active blacklist from Rule Cache
2026-10-01T10:59:17.374+05:30  INFO 10832 --- [fraud-engine-service] [scheduling-1] c.s.f.f.client.BlacklistCacheClient      : Fetched 8 active blacklist entries from Rule Cache
2026-10-01T10:59:17.374+05:30  INFO 10832 --- [fraud-engine-service] [scheduling-1] c.s.f.f.cache.ActiveBlacklistCache       : Active blacklist cache refreshed entryCount=8
2026-10-01T10:59:19.698+05:30  INFO 10832 --- [fraud-engine-service] [scheduling-1] c.s.f.f.client.RuleCacheClient           : Fetching active rules from Rule Cache
2026-10-01T10:59:19.704+05:30  INFO 10832 --- [fraud-engine-service] [scheduling-1] c.s.f.f.client.RuleCacheClient           : Fetched 13 active rules from Rule Cache
2026-10-01T10:59:19.704+05:30  INFO 10832 --- [fraud-engine-service] [scheduling-1] c.s.f.fraudengine.cache.ActiveRuleCache  : Active rule cache refreshed ruleCount=13
2026-10-01T10:59:22.374+05:30  INFO 10832 --- [fraud-engine-service] [scheduling-1] c.s.f.f.client.BlacklistCacheClient      : Fetching active blacklist from Rule Cache
2026-10-01T10:59:22.379+05:30  INFO 10832 --- [fraud-engine-service] [scheduling-1] c.s.f.f.client.BlacklistCacheClient      : Fetched 8 active blacklist entries from Rule Cache
2026-10-01T10:59:22.380+05:30  INFO 10832 --- [fraud-engine-service] [scheduling-1] c.s.f.f.cache.ActiveBlacklistCache       : Active blacklist cache refreshed entryCount=8
2026-10-01T10:59:24.708+05:30  INFO 10832 --- [fraud-engine-service] [scheduling-1] c.s.f.f.client.RuleCacheClient           : Fetching active rules from Rule Cache
2026-10-01T10:59:24.712+05:30  INFO 10832 --- [fraud-engine-service] [scheduling-1] c.s.f.f.client.RuleCacheClient           : Fetched 13 active rules from Rule Cache
2026-10-01T10:59:24.712+05:30  INFO 10832 --- [fraud-engine-service] [scheduling-1] c.s.f.fraudengine.cache.ActiveRuleCache  : Active rule cache refreshed ruleCount=13
2026-10-01T10:59:27.384+05:30  INFO 10832 --- [fraud-engine-service] [scheduling-1] c.s.f.f.client.BlacklistCacheClient      : Fetching active blacklist from Rule Cache
2026-10-01T10:59:27.388+05:30  INFO 10832 --- [fraud-engine-service] [scheduling-1] c.s.f.f.client.BlacklistCacheClient      : Fetched 8 active blacklist entries from Rule Cache
2026-10-01T10:59:27.388+05:30  INFO 10832 --- [fraud-engine-service] [scheduling-1] c.s.f.f.cache.ActiveBlacklistCache       : Active blacklist cache refreshed entryCount=8
2026-10-01T10:59:29.718+05:30  INFO 10832 --- [fraud-engine-service] [scheduling-1] c.s.f.f.client.RuleCacheClient           : Fetching active rules from Rule Cache
2026-10-01T10:59:29.722+05:30  INFO 10832 --- [fraud-engine-service] [scheduling-1] c.s.f.f.client.RuleCacheClient           : Fetched 13 active rules from Rule Cache
2026-10-01T10:59:29.722+05:30  INFO 10832 --- [fraud-engine-service] [scheduling-1] c.s.f.fraudengine.cache.ActiveRuleCache  : Active rule cache refreshed ruleCount=13
2026-10-01T10:59:32.403+05:30  INFO 10832 --- [fraud-engine-service] [scheduling-1] c.s.f.f.client.BlacklistCacheClient      : Fetching active blacklist from Rule Cache
2026-10-01T10:59:32.428+05:30  INFO 10832 --- [fraud-engine-service] [scheduling-1] c.s.f.f.client.BlacklistCacheClient      : Fetched 8 active blacklist entries from Rule Cache
2026-10-01T10:59:32.428+05:30  INFO 10832 --- [fraud-engine-service] [scheduling-1] c.s.f.f.cache.ActiveBlacklistCache       : Active blacklist cache refreshed entryCount=8
2026-10-01T10:59:34.729+05:30  INFO 10832 --- [fraud-engine-service] [scheduling-1] c.s.f.f.client.RuleCacheClient           : Fetching active rules from Rule Cache
2026-10-01T10:59:34.734+05:30  INFO 10832 --- [fraud-engine-service] [scheduling-1] c.s.f.f.client.RuleCacheClient           : Fetched 13 active rules from Rule Cache
2026-10-01T10:59:34.734+05:30  INFO 10832 --- [fraud-engine-service] [scheduling-1] c.s.f.fraudengine.cache.ActiveRuleCache  : Active rule cache refreshed ruleCount=13
2026-10-01T10:59:37.435+05:30  INFO 10832 --- [fraud-engine-service] [scheduling-1] c.s.f.f.client.BlacklistCacheClient      : Fetching active blacklist from Rule Cache
2026-10-01T10:59:37.441+05:30  INFO 10832 --- [fraud-engine-service] [scheduling-1] c.s.f.f.client.BlacklistCacheClient      : Fetched 8 active blacklist entries from Rule Cache
2026-10-01T10:59:37.441+05:30  INFO 10832 --- [fraud-engine-service] [scheduling-1] c.s.f.f.cache.ActiveBlacklistCache       : Active blacklist cache refreshed entryCount=8
2026-10-01T10:59:39.740+05:30  INFO 10832 --- [fraud-engine-service] [scheduling-1] c.s.f.f.client.RuleCacheClient           : Fetching active rules from Rule Cache
2026-10-01T10:59:39.745+05:30  INFO 10832 --- [fraud-engine-service] [scheduling-1] c.s.f.f.client.RuleCacheClient           : Fetched 13 active rules from Rule Cache
2026-10-01T10:59:39.745+05:30  INFO 10832 --- [fraud-engine-service] [scheduling-1] c.s.f.fraudengine.cache.ActiveRuleCache  : Active rule cache refreshed ruleCount=13
2026-10-01T10:59:42.454+05:30  INFO 10832 --- [fraud-engine-service] [scheduling-1] c.s.f.f.client.BlacklistCacheClient      : Fetching active blacklist from Rule Cache
2026-10-01T10:59:42.459+05:30  INFO 10832 --- [fraud-engine-service] [scheduling-1] c.s.f.f.client.BlacklistCacheClient      : Fetched 8 active blacklist entries from Rule Cache
2026-10-01T10:59:42.459+05:30  INFO 10832 --- [fraud-engine-service] [scheduling-1] c.s.f.f.cache.ActiveBlacklistCache       : Active blacklist cache refreshed entryCount=8
2026-10-01T10:59:44.752+05:30  INFO 10832 --- [fraud-engine-service] [scheduling-1] c.s.f.f.client.RuleCacheClient           : Fetching active rules from Rule Cache
2026-10-01T10:59:44.757+05:30  INFO 10832 --- [fraud-engine-service] [scheduling-1] c.s.f.f.client.RuleCacheClient           : Fetched 13 active rules from Rule Cache
2026-10-01T10:59:44.757+05:30  INFO 10832 --- [fraud-engine-service] [scheduling-1] c.s.f.fraudengine.cache.ActiveRuleCache  : Active rule cache refreshed ruleCount=13
2026-10-01T10:59:47.465+05:30  INFO 10832 --- [fraud-engine-service] [scheduling-1] c.s.f.f.client.BlacklistCacheClient      : Fetching active blacklist from Rule Cache
2026-10-01T10:59:47.466+05:30  INFO 10832 --- [fraud-engine-service] [scheduling-1] c.s.f.f.client.BlacklistCacheClient      : Fetched 8 active blacklist entries from Rule Cache
2026-10-01T10:59:47.466+05:30  INFO 10832 --- [fraud-engine-service] [scheduling-1] c.s.f.f.cache.ActiveBlacklistCache       : Active blacklist cache refreshed entryCount=8
2026-10-01T10:59:49.764+05:30  INFO 10832 --- [fraud-engine-service] [scheduling-1] c.s.f.f.client.RuleCacheClient           : Fetching active rules from Rule Cache
2026-10-01T10:59:49.770+05:30  INFO 10832 --- [fraud-engine-service] [scheduling-1] c.s.f.f.client.RuleCacheClient           : Fetched 13 active rules from Rule Cache
2026-10-01T10:59:49.771+05:30  INFO 10832 --- [fraud-engine-service] [scheduling-1] c.s.f.fraudengine.cache.ActiveRuleCache  : Active rule cache refreshed ruleCount=13
2026-10-01T10:59:52.476+05:30  INFO 10832 --- [fraud-engine-service] [scheduling-1] c.s.f.f.client.BlacklistCacheClient      : Fetching active blacklist from Rule Cache
2026-10-01T10:59:52.480+05:30  INFO 10832 --- [fraud-engine-service] [scheduling-1] c.s.f.f.client.BlacklistCacheClient      : Fetched 8 active blacklist entries from Rule Cache
2026-10-01T10:59:52.480+05:30  INFO 10832 --- [fraud-engine-service] [scheduling-1] c.s.f.f.cache.ActiveBlacklistCache       : Active blacklist cache refreshed entryCount=8
2026-10-01T10:59:54.776+05:30  INFO 10832 --- [fraud-engine-service] [scheduling-1] c.s.f.f.client.RuleCacheClient           : Fetching active rules from Rule Cache
2026-10-01T10:59:54.781+05:30  INFO 10832 --- [fraud-engine-service] [scheduling-1] c.s.f.f.client.RuleCacheClient           : Fetched 13 active rules from Rule Cache
2026-10-01T10:59:54.781+05:30  INFO 10832 --- [fraud-engine-service] [scheduling-1] c.s.f.fraudengine.cache.ActiveRuleCache  : Active rule cache refreshed ruleCount=13
2026-10-01T10:59:57.481+05:30  INFO 10832 --- [fraud-engine-service] [scheduling-1] c.s.f.f.client.BlacklistCacheClient      : Fetching active blacklist from Rule Cache
2026-10-01T10:59:57.490+05:30  INFO 10832 --- [fraud-engine-service] [scheduling-1] c.s.f.f.client.BlacklistCacheClient      : Fetched 8 active blacklist entries from Rule Cache
2026-10-01T10:59:57.490+05:30  INFO 10832 --- [fraud-engine-service] [scheduling-1] c.s.f.f.cache.ActiveBlacklistCache       : Active blacklist cache refreshed entryCount=8
2026-10-01T10:59:59.788+05:30  INFO 10832 --- [fraud-engine-service] [scheduling-1] c.s.f.f.client.RuleCacheClient           : Fetching active rules from Rule Cache
2026-10-01T10:59:59.793+05:30  INFO 10832 --- [fraud-engine-service] [scheduling-1] c.s.f.f.client.RuleCacheClient           : Fetched 13 active rules from Rule Cache
2026-10-01T10:59:59.793+05:30  INFO 10832 --- [fraud-engine-service] [scheduling-1] c.s.f.fraudengine.cache.ActiveRuleCache  : Active rule cache refreshed ruleCount=13
2026-10-01T11:00:02.495+05:30  INFO 10832 --- [fraud-engine-service] [scheduling-1] c.s.f.f.client.BlacklistCacheClient      : Fetching active blacklist from Rule Cache
2026-10-01T11:00:02.501+05:30  INFO 10832 --- [fraud-engine-service] [scheduling-1] c.s.f.f.client.BlacklistCacheClient      : Fetched 8 active blacklist entries from Rule Cache
2026-10-01T11:00:02.501+05:30  INFO 10832 --- [fraud-engine-service] [scheduling-1] c.s.f.f.cache.ActiveBlacklistCache       : Active blacklist cache refreshed entryCount=8
2026-10-01T11:00:04.800+05:30  INFO 10832 --- [fraud-engine-service] [scheduling-1] c.s.f.f.client.RuleCacheClient           : Fetching active rules from Rule Cache
2026-10-01T11:00:04.804+05:30  INFO 10832 --- [fraud-engine-service] [scheduling-1] c.s.f.f.client.RuleCacheClient           : Fetched 13 active rules from Rule Cache
2026-10-01T11:00:04.805+05:30  INFO 10832 --- [fraud-engine-service] [scheduling-1] c.s.f.fraudengine.cache.ActiveRuleCache  : Active rule cache refreshed ruleCount=13
2026-10-01T11:00:07.505+05:30  INFO 10832 --- [fraud-engine-service] [scheduling-1] c.s.f.f.client.BlacklistCacheClient      : Fetching active blacklist from Rule Cache
2026-10-01T11:00:07.509+05:30  INFO 10832 --- [fraud-engine-service] [scheduling-1] c.s.f.f.client.BlacklistCacheClient      : Fetched 8 active blacklist entries from Rule Cache
2026-10-01T11:00:07.509+05:30  INFO 10832 --- [fraud-engine-service] [scheduling-1] c.s.f.f.cache.ActiveBlacklistCache       : Active blacklist cache refreshed entryCount=8
2026-10-01T11:00:09.811+05:30  INFO 10832 --- [fraud-engine-service] [scheduling-1] c.s.f.f.client.RuleCacheClient           : Fetching active rules from Rule Cache
2026-10-01T11:00:09.817+05:30  INFO 10832 --- [fraud-engine-service] [scheduling-1] c.s.f.f.client.RuleCacheClient           : Fetched 13 active rules from Rule Cache
2026-10-01T11:00:09.817+05:30  INFO 10832 --- [fraud-engine-service] [scheduling-1] c.s.f.fraudengine.cache.ActiveRuleCache  : Active rule cache refreshed ruleCount=13
2026-10-01T11:00:12.517+05:30  INFO 10832 --- [fraud-engine-service] [scheduling-1] c.s.f.f.client.BlacklistCacheClient      : Fetching active blacklist from Rule Cache
2026-10-01T11:00:12.520+05:30  INFO 10832 --- [fraud-engine-service] [scheduling-1] c.s.f.f.client.BlacklistCacheClient      : Fetched 8 active blacklist entries from Rule Cache
2026-10-01T11:00:12.521+05:30  INFO 10832 --- [fraud-engine-service] [scheduling-1] c.s.f.f.cache.ActiveBlacklistCache       : Active blacklist cache refreshed entryCount=8
2026-10-01T11:00:14.830+05:30  INFO 10832 --- [fraud-engine-service] [scheduling-1] c.s.f.f.client.RuleCacheClient           : Fetching active rules from Rule Cache
2026-10-01T11:00:14.836+05:30  INFO 10832 --- [fraud-engine-service] [scheduling-1] c.s.f.f.client.RuleCacheClient           : Fetched 13 active rules from Rule Cache
2026-10-01T11:00:14.836+05:30  INFO 10832 --- [fraud-engine-service] [scheduling-1] c.s.f.fraudengine.cache.ActiveRuleCache  : Active rule cache refreshed ruleCount=13
2026-10-01T11:00:17.521+05:30  INFO 10832 --- [fraud-engine-service] [scheduling-1] c.s.f.f.client.BlacklistCacheClient      : Fetching active blacklist from Rule Cache
2026-10-01T11:00:17.521+05:30  INFO 10832 --- [fraud-engine-service] [scheduling-1] c.s.f.f.client.BlacklistCacheClient      : Fetched 8 active blacklist entries from Rule Cache
2026-10-01T11:00:17.521+05:30  INFO 10832 --- [fraud-engine-service] [scheduling-1] c.s.f.f.cache.ActiveBlacklistCache       : Active blacklist cache refreshed entryCount=8
2026-10-01T11:00:19.851+05:30  INFO 10832 --- [fraud-engine-service] [scheduling-1] c.s.f.f.client.RuleCacheClient           : Fetching active rules from Rule Cache
2026-10-01T11:00:19.856+05:30  INFO 10832 --- [fraud-engine-service] [scheduling-1] c.s.f.f.client.RuleCacheClient           : Fetched 13 active rules from Rule Cache
2026-10-01T11:00:19.856+05:30  INFO 10832 --- [fraud-engine-service] [scheduling-1] c.s.f.fraudengine.cache.ActiveRuleCache  : Active rule cache refreshed ruleCount=13
2026-10-01T11:00:22.532+05:30  INFO 10832 --- [fraud-engine-service] [scheduling-1] c.s.f.f.client.BlacklistCacheClient      : Fetching active blacklist from Rule Cache
2026-10-01T11:00:22.538+05:30  INFO 10832 --- [fraud-engine-service] [scheduling-1] c.s.f.f.client.BlacklistCacheClient      : Fetched 8 active blacklist entries from Rule Cache
2026-10-01T11:00:22.538+05:30  INFO 10832 --- [fraud-engine-service] [scheduling-1] c.s.f.f.cache.ActiveBlacklistCache       : Active blacklist cache refreshed entryCount=8
2026-10-01T11:00:24.863+05:30  INFO 10832 --- [fraud-engine-service] [scheduling-1] c.s.f.f.client.RuleCacheClient           : Fetching active rules from Rule Cache
2026-10-01T11:00:24.867+05:30  INFO 10832 --- [fraud-engine-service] [scheduling-1] c.s.f.f.client.RuleCacheClient           : Fetched 13 active rules from Rule Cache
2026-10-01T11:00:24.867+05:30  INFO 10832 --- [fraud-engine-service] [scheduling-1] c.s.f.fraudengine.cache.ActiveRuleCache  : Active rule cache refreshed ruleCount=13
2026-10-01T11:00:27.552+05:30  INFO 10832 --- [fraud-engine-service] [scheduling-1] c.s.f.f.client.BlacklistCacheClient      : Fetching active blacklist from Rule Cache
2026-10-01T11:00:27.556+05:30  INFO 10832 --- [fraud-engine-service] [scheduling-1] c.s.f.f.client.BlacklistCacheClient      : Fetched 8 active blacklist entries from Rule Cache
2026-10-01T11:00:27.556+05:30  INFO 10832 --- [fraud-engine-service] [scheduling-1] c.s.f.f.cache.ActiveBlacklistCache       : Active blacklist cache refreshed entryCount=8
2026-10-01T11:00:29.869+05:30  INFO 10832 --- [fraud-engine-service] [scheduling-1] c.s.f.f.client.RuleCacheClient           : Fetching active rules from Rule Cache
2026-10-01T11:00:29.873+05:30  INFO 10832 --- [fraud-engine-service] [scheduling-1] c.s.f.f.client.RuleCacheClient           : Fetched 13 active rules from Rule Cache
2026-10-01T11:00:29.873+05:30  INFO 10832 --- [fraud-engine-service] [scheduling-1] c.s.f.fraudengine.cache.ActiveRuleCache  : Active rule cache refreshed ruleCount=13
2026-10-01T11:00:32.557+05:30  INFO 10832 --- [fraud-engine-service] [scheduling-1] c.s.f.f.client.BlacklistCacheClient      : Fetching active blacklist from Rule Cache
2026-10-01T11:00:32.561+05:30  INFO 10832 --- [fraud-engine-service] [scheduling-1] c.s.f.f.client.BlacklistCacheClient      : Fetched 8 active blacklist entries from Rule Cache
2026-10-01T11:00:32.562+05:30  INFO 10832 --- [fraud-engine-service] [scheduling-1] c.s.f.f.cache.ActiveBlacklistCache       : Active blacklist cache refreshed entryCount=8
2026-10-01T11:00:34.882+05:30  INFO 10832 --- [fraud-engine-service] [scheduling-1] c.s.f.f.client.RuleCacheClient           : Fetching active rules from Rule Cache
2026-10-01T11:00:34.887+05:30  INFO 10832 --- [fraud-engine-service] [scheduling-1] c.s.f.f.client.RuleCacheClient           : Fetched 13 active rules from Rule Cache
2026-10-01T11:00:34.887+05:30  INFO 10832 --- [fraud-engine-service] [scheduling-1] c.s.f.fraudengine.cache.ActiveRuleCache  : Active rule cache refreshed ruleCount=13
2026-10-01T11:00:37.567+05:30  INFO 10832 --- [fraud-engine-service] [scheduling-1] c.s.f.f.client.BlacklistCacheClient      : Fetching active blacklist from Rule Cache
2026-10-01T11:00:37.573+05:30  INFO 10832 --- [fraud-engine-service] [scheduling-1] c.s.f.f.client.BlacklistCacheClient      : Fetched 8 active blacklist entries from Rule Cache
2026-10-01T11:00:37.573+05:30  INFO 10832 --- [fraud-engine-service] [scheduling-1] c.s.f.f.cache.ActiveBlacklistCache       : Active blacklist cache refreshed entryCount=8
2026-10-01T11:00:39.890+05:30  INFO 10832 --- [fraud-engine-service] [scheduling-1] c.s.f.f.client.RuleCacheClient           : Fetching active rules from Rule Cache
2026-10-01T11:00:39.895+05:30  INFO 10832 --- [fraud-engine-service] [scheduling-1] c.s.f.f.client.RuleCacheClient           : Fetched 13 active rules from Rule Cache
2026-10-01T11:00:39.895+05:30  INFO 10832 --- [fraud-engine-service] [scheduling-1] c.s.f.fraudengine.cache.ActiveRuleCache  : Active rule cache refreshed ruleCount=13
2026-10-01T11:00:42.579+05:30  INFO 10832 --- [fraud-engine-service] [scheduling-1] c.s.f.f.client.BlacklistCacheClient      : Fetching active blacklist from Rule Cache
2026-10-01T11:00:42.586+05:30  INFO 10832 --- [fraud-engine-service] [scheduling-1] c.s.f.f.client.BlacklistCacheClient      : Fetched 8 active blacklist entries from Rule Cache
2026-10-01T11:00:42.586+05:30  INFO 10832 --- [fraud-engine-service] [scheduling-1] c.s.f.f.cache.ActiveBlacklistCache       : Active blacklist cache refreshed entryCount=8
2026-10-01T11:00:44.903+05:30  INFO 10832 --- [fraud-engine-service] [scheduling-1] c.s.f.f.client.RuleCacheClient           : Fetching active rules from Rule Cache
2026-10-01T11:00:44.910+05:30  INFO 10832 --- [fraud-engine-service] [scheduling-1] c.s.f.f.client.RuleCacheClient           : Fetched 13 active rules from Rule Cache
2026-10-01T11:00:44.910+05:30  INFO 10832 --- [fraud-engine-service] [scheduling-1] c.s.f.fraudengine.cache.ActiveRuleCache  : Active rule cache refreshed ruleCount=13
2026-10-01T11:00:46.375+05:30  INFO 10832 --- [fraud-engine-service] [AsyncResolver-bootstrap-executor-%d] c.n.d.s.r.aws.ConfigClusterResolver      : Resolving eureka endpoints via configuration
2026-10-01T11:00:47.592+05:30  INFO 10832 --- [fraud-engine-service] [scheduling-1] c.s.f.f.client.BlacklistCacheClient      : Fetching active blacklist from Rule Cache
2026-10-01T11:00:47.598+05:30  INFO 10832 --- [fraud-engine-service] [scheduling-1] c.s.f.f.client.BlacklistCacheClient      : Fetched 8 active blacklist entries from Rule Cache
2026-10-01T11:00:47.598+05:30  INFO 10832 --- [fraud-engine-service] [scheduling-1] c.s.f.f.cache.ActiveBlacklistCache       : Active blacklist cache refreshed entryCount=8
2026-10-01T11:00:49.913+05:30  INFO 10832 --- [fraud-engine-service] [scheduling-1] c.s.f.f.client.RuleCacheClient           : Fetching active rules from Rule Cache
2026-10-01T11:00:49.913+05:30  INFO 10832 --- [fraud-engine-service] [scheduling-1] c.s.f.f.client.RuleCacheClient           : Fetched 13 active rules from Rule Cache
2026-10-01T11:00:49.913+05:30  INFO 10832 --- [fraud-engine-service] [scheduling-1] c.s.f.fraudengine.cache.ActiveRuleCache  : Active rule cache refreshed ruleCount=13
2026-10-01T11:00:52.610+05:30  INFO 10832 --- [fraud-engine-service] [scheduling-1] c.s.f.f.client.BlacklistCacheClient      : Fetching active blacklist from Rule Cache
2026-10-01T11:00:52.618+05:30  INFO 10832 --- [fraud-engine-service] [scheduling-1] c.s.f.f.client.BlacklistCacheClient      : Fetched 8 active blacklist entries from Rule Cache
2026-10-01T11:00:52.618+05:30  INFO 10832 --- [fraud-engine-service] [scheduling-1] c.s.f.f.cache.ActiveBlacklistCache       : Active blacklist cache refreshed entryCount=8
2026-10-01T11:00:54.933+05:30  INFO 10832 --- [fraud-engine-service] [scheduling-1] c.s.f.f.client.RuleCacheClient           : Fetching active rules from Rule Cache
2026-10-01T11:00:54.940+05:30  INFO 10832 --- [fraud-engine-service] [scheduling-1] c.s.f.f.client.RuleCacheClient           : Fetched 13 active rules from Rule Cache
2026-10-01T11:00:54.940+05:30  INFO 10832 --- [fraud-engine-service] [scheduling-1] c.s.f.fraudengine.cache.ActiveRuleCache  : Active rule cache refreshed ruleCount=13
2026-10-01T11:00:57.624+05:30  INFO 10832 --- [fraud-engine-service] [scheduling-1] c.s.f.f.client.BlacklistCacheClient      : Fetching active blacklist from Rule Cache
2026-10-01T11:00:57.624+05:30  INFO 10832 --- [fraud-engine-service] [scheduling-1] c.s.f.f.client.BlacklistCacheClient      : Fetched 8 active blacklist entries from Rule Cache
2026-10-01T11:00:57.624+05:30  INFO 10832 --- [fraud-engine-service] [scheduling-1] c.s.f.f.cache.ActiveBlacklistCache       : Active blacklist cache refreshed entryCount=8
2026-10-01T11:00:59.956+05:30  INFO 10832 --- [fraud-engine-service] [scheduling-1] c.s.f.f.client.RuleCacheClient           : Fetching active rules from Rule Cache
2026-10-01T11:00:59.961+05:30  INFO 10832 --- [fraud-engine-service] [scheduling-1] c.s.f.f.client.RuleCacheClient           : Fetched 13 active rules from Rule Cache
2026-10-01T11:00:59.961+05:30  INFO 10832 --- [fraud-engine-service] [scheduling-1] c.s.f.fraudengine.cache.ActiveRuleCache  : Active rule cache refreshed ruleCount=13
2026-10-01T11:01:02.639+05:30  INFO 10832 --- [fraud-engine-service] [scheduling-1] c.s.f.f.client.BlacklistCacheClient      : Fetching active blacklist from Rule Cache
2026-10-01T11:01:02.639+05:30  INFO 10832 --- [fraud-engine-service] [scheduling-1] c.s.f.f.client.BlacklistCacheClient      : Fetched 8 active blacklist entries from Rule Cache
2026-10-01T11:01:02.639+05:30  INFO 10832 --- [fraud-engine-service] [scheduling-1] c.s.f.f.cache.ActiveBlacklistCache       : Active blacklist cache refreshed entryCount=8
2026-10-01T11:01:04.972+05:30  INFO 10832 --- [fraud-engine-service] [scheduling-1] c.s.f.f.client.RuleCacheClient           : Fetching active rules from Rule Cache
2026-10-01T11:01:04.978+05:30  INFO 10832 --- [fraud-engine-service] [scheduling-1] c.s.f.f.client.RuleCacheClient           : Fetched 13 active rules from Rule Cache
2026-10-01T11:01:04.978+05:30  INFO 10832 --- [fraud-engine-service] [scheduling-1] c.s.f.fraudengine.cache.ActiveRuleCache  : Active rule cache refreshed ruleCount=13
2026-10-01T11:01:07.654+05:30  INFO 10832 --- [fraud-engine-service] [scheduling-1] c.s.f.f.client.BlacklistCacheClient      : Fetching active blacklist from Rule Cache
2026-10-01T11:01:07.655+05:30  INFO 10832 --- [fraud-engine-service] [scheduling-1] c.s.f.f.client.BlacklistCacheClient      : Fetched 8 active blacklist entries from Rule Cache
2026-10-01T11:01:07.655+05:30  INFO 10832 --- [fraud-engine-service] [scheduling-1] c.s.f.f.cache.ActiveBlacklistCache       : Active blacklist cache refreshed entryCount=8
2026-10-01T11:01:09.990+05:30  INFO 10832 --- [fraud-engine-service] [scheduling-1] c.s.f.f.client.RuleCacheClient           : Fetching active rules from Rule Cache
2026-10-01T11:01:09.998+05:30  INFO 10832 --- [fraud-engine-service] [scheduling-1] c.s.f.f.client.RuleCacheClient           : Fetched 13 active rules from Rule Cache
2026-10-01T11:01:09.998+05:30  INFO 10832 --- [fraud-engine-service] [scheduling-1] c.s.f.fraudengine.cache.ActiveRuleCache  : Active rule cache refreshed ruleCount=13
2026-10-01T11:01:12.664+05:30  INFO 10832 --- [fraud-engine-service] [scheduling-1] c.s.f.f.client.BlacklistCacheClient      : Fetching active blacklist from Rule Cache
2026-10-01T11:01:12.669+05:30  INFO 10832 --- [fraud-engine-service] [scheduling-1] c.s.f.f.client.BlacklistCacheClient      : Fetched 8 active blacklist entries from Rule Cache
2026-10-01T11:01:12.669+05:30  INFO 10832 --- [fraud-engine-service] [scheduling-1] c.s.f.f.cache.ActiveBlacklistCache       : Active blacklist cache refreshed entryCount=8
2026-10-01T11:01:15.000+05:30  INFO 10832 --- [fraud-engine-service] [scheduling-1] c.s.f.f.client.RuleCacheClient           : Fetching active rules from Rule Cache
2026-10-01T11:01:15.008+05:30  INFO 10832 --- [fraud-engine-service] [scheduling-1] c.s.f.f.client.RuleCacheClient           : Fetched 13 active rules from Rule Cache
2026-10-01T11:01:15.008+05:30  INFO 10832 --- [fraud-engine-service] [scheduling-1] c.s.f.fraudengine.cache.ActiveRuleCache  : Active rule cache refreshed ruleCount=13
2026-10-01T11:01:17.676+05:30  INFO 10832 --- [fraud-engine-service] [scheduling-1] c.s.f.f.client.BlacklistCacheClient      : Fetching active blacklist from Rule Cache
2026-10-01T11:01:17.681+05:30  INFO 10832 --- [fraud-engine-service] [scheduling-1] c.s.f.f.client.BlacklistCacheClient      : Fetched 8 active blacklist entries from Rule Cache
2026-10-01T11:01:17.681+05:30  INFO 10832 --- [fraud-engine-service] [scheduling-1] c.s.f.f.cache.ActiveBlacklistCache       : Active blacklist cache refreshed entryCount=8
2026-10-01T11:01:20.021+05:30  INFO 10832 --- [fraud-engine-service] [scheduling-1] c.s.f.f.client.RuleCacheClient           : Fetching active rules from Rule Cache
2026-10-01T11:01:20.027+05:30  INFO 10832 --- [fraud-engine-service] [scheduling-1] c.s.f.f.client.RuleCacheClient           : Fetched 13 active rules from Rule Cache
2026-10-01T11:01:20.027+05:30  INFO 10832 --- [fraud-engine-service] [scheduling-1] c.s.f.fraudengine.cache.ActiveRuleCache  : Active rule cache refreshed ruleCount=13
2026-10-01T11:01:22.688+05:30  INFO 10832 --- [fraud-engine-service] [scheduling-1] c.s.f.f.client.BlacklistCacheClient      : Fetching active blacklist from Rule Cache
2026-10-01T11:01:22.690+05:30  INFO 10832 --- [fraud-engine-service] [scheduling-1] c.s.f.f.client.BlacklistCacheClient      : Fetched 8 active blacklist entries from Rule Cache
2026-10-01T11:01:22.690+05:30  INFO 10832 --- [fraud-engine-service] [scheduling-1] c.s.f.f.cache.ActiveBlacklistCache       : Active blacklist cache refreshed entryCount=8
2026-10-01T11:01:25.032+05:30  INFO 10832 --- [fraud-engine-service] [scheduling-1] c.s.f.f.client.RuleCacheClient           : Fetching active rules from Rule Cache
2026-10-01T11:01:25.032+05:30  INFO 10832 --- [fraud-engine-service] [scheduling-1] c.s.f.f.client.RuleCacheClient           : Fetched 13 active rules from Rule Cache
2026-10-01T11:01:25.032+05:30  INFO 10832 --- [fraud-engine-service] [scheduling-1] c.s.f.fraudengine.cache.ActiveRuleCache  : Active rule cache refreshed ruleCount=13
2026-10-01T11:01:27.700+05:30  INFO 10832 --- [fraud-engine-service] [scheduling-1] c.s.f.f.client.BlacklistCacheClient      : Fetching active blacklist from Rule Cache
2026-10-01T11:01:27.706+05:30  INFO 10832 --- [fraud-engine-service] [scheduling-1] c.s.f.f.client.BlacklistCacheClient      : Fetched 8 active blacklist entries from Rule Cache
2026-10-01T11:01:27.706+05:30  INFO 10832 --- [fraud-engine-service] [scheduling-1] c.s.f.f.cache.ActiveBlacklistCache       : Active blacklist cache refreshed entryCount=8
2026-10-01T11:01:30.047+05:30  INFO 10832 --- [fraud-engine-service] [scheduling-1] c.s.f.f.client.RuleCacheClient           : Fetching active rules from Rule Cache
2026-10-01T11:01:30.051+05:30  INFO 10832 --- [fraud-engine-service] [scheduling-1] c.s.f.f.client.RuleCacheClient           : Fetched 13 active rules from Rule Cache
2026-10-01T11:01:30.051+05:30  INFO 10832 --- [fraud-engine-service] [scheduling-1] c.s.f.fraudengine.cache.ActiveRuleCache  : Active rule cache refreshed ruleCount=13
2026-10-01T11:01:32.717+05:30  INFO 10832 --- [fraud-engine-service] [scheduling-1] c.s.f.f.client.BlacklistCacheClient      : Fetching active blacklist from Rule Cache
2026-10-01T11:01:32.718+05:30  INFO 10832 --- [fraud-engine-service] [scheduling-1] c.s.f.f.client.BlacklistCacheClient      : Fetched 8 active blacklist entries from Rule Cache
2026-10-01T11:01:32.718+05:30  INFO 10832 --- [fraud-engine-service] [scheduling-1] c.s.f.f.cache.ActiveBlacklistCache       : Active blacklist cache refreshed entryCount=8
2026-10-01T11:01:35.061+05:30  INFO 10832 --- [fraud-engine-service] [scheduling-1] c.s.f.f.client.RuleCacheClient           : Fetching active rules from Rule Cache
2026-10-01T11:01:35.061+05:30  INFO 10832 --- [fraud-engine-service] [scheduling-1] c.s.f.f.client.RuleCacheClient           : Fetched 13 active rules from Rule Cache
2026-10-01T11:01:35.061+05:30  INFO 10832 --- [fraud-engine-service] [scheduling-1] c.s.f.fraudengine.cache.ActiveRuleCache  : Active rule cache refreshed ruleCount=13
2026-10-01T11:01:37.733+05:30  INFO 10832 --- [fraud-engine-service] [scheduling-1] c.s.f.f.client.BlacklistCacheClient      : Fetching active blacklist from Rule Cache
2026-10-01T11:01:37.735+05:30  INFO 10832 --- [fraud-engine-service] [scheduling-1] c.s.f.f.client.BlacklistCacheClient      : Fetched 8 active blacklist entries from Rule Cache
2026-10-01T11:01:37.735+05:30  INFO 10832 --- [fraud-engine-service] [scheduling-1] c.s.f.f.cache.ActiveBlacklistCache       : Active blacklist cache refreshed entryCount=8
2026-10-01T11:01:40.080+05:30  INFO 10832 --- [fraud-engine-service] [scheduling-1] c.s.f.f.client.RuleCacheClient           : Fetching active rules from Rule Cache
2026-10-01T11:01:40.080+05:30  INFO 10832 --- [fraud-engine-service] [scheduling-1] c.s.f.f.client.RuleCacheClient           : Fetched 13 active rules from Rule Cache
2026-10-01T11:01:40.080+05:30  INFO 10832 --- [fraud-engine-service] [scheduling-1] c.s.f.fraudengine.cache.ActiveRuleCache  : Active rule cache refreshed ruleCount=13
2026-10-01T11:01:42.746+05:30  INFO 10832 --- [fraud-engine-service] [scheduling-1] c.s.f.f.client.BlacklistCacheClient      : Fetching active blacklist from Rule Cache
2026-10-01T11:01:42.747+05:30  INFO 10832 --- [fraud-engine-service] [scheduling-1] c.s.f.f.client.BlacklistCacheClient      : Fetched 8 active blacklist entries from Rule Cache
2026-10-01T11:01:42.747+05:30  INFO 10832 --- [fraud-engine-service] [scheduling-1] c.s.f.f.cache.ActiveBlacklistCache       : Active blacklist cache refreshed entryCount=8
2026-10-01T11:01:45.101+05:30  INFO 10832 --- [fraud-engine-service] [scheduling-1] c.s.f.f.client.RuleCacheClient           : Fetching active rules from Rule Cache
2026-10-01T11:01:45.109+05:30  INFO 10832 --- [fraud-engine-service] [scheduling-1] c.s.f.f.client.RuleCacheClient           : Fetched 13 active rules from Rule Cache
2026-10-01T11:01:45.109+05:30  INFO 10832 --- [fraud-engine-service] [scheduling-1] c.s.f.fraudengine.cache.ActiveRuleCache  : Active rule cache refreshed ruleCount=13
2026-10-01T11:01:47.759+05:30  INFO 10832 --- [fraud-engine-service] [scheduling-1] c.s.f.f.client.BlacklistCacheClient      : Fetching active blacklist from Rule Cache
2026-10-01T11:01:47.759+05:30  INFO 10832 --- [fraud-engine-service] [scheduling-1] c.s.f.f.client.BlacklistCacheClient      : Fetched 8 active blacklist entries from Rule Cache
2026-10-01T11:01:47.759+05:30  INFO 10832 --- [fraud-engine-service] [scheduling-1] c.s.f.f.cache.ActiveBlacklistCache       : Active blacklist cache refreshed entryCount=8
2026-10-01T11:01:50.122+05:30  INFO 10832 --- [fraud-engine-service] [scheduling-1] c.s.f.f.client.RuleCacheClient           : Fetching active rules from Rule Cache
2026-10-01T11:01:50.129+05:30  INFO 10832 --- [fraud-engine-service] [scheduling-1] c.s.f.f.client.RuleCacheClient           : Fetched 13 active rules from Rule Cache
2026-10-01T11:01:50.129+05:30  INFO 10832 --- [fraud-engine-service] [scheduling-1] c.s.f.fraudengine.cache.ActiveRuleCache  : Active rule cache refreshed ruleCount=13
2026-10-01T11:01:52.774+05:30  INFO 10832 --- [fraud-engine-service] [scheduling-1] c.s.f.f.client.BlacklistCacheClient      : Fetching active blacklist from Rule Cache
2026-10-01T11:01:52.774+05:30  INFO 10832 --- [fraud-engine-service] [scheduling-1] c.s.f.f.client.BlacklistCacheClient      : Fetched 8 active blacklist entries from Rule Cache
2026-10-01T11:01:52.774+05:30  INFO 10832 --- [fraud-engine-service] [scheduling-1] c.s.f.f.cache.ActiveBlacklistCache       : Active blacklist cache refreshed entryCount=8
2026-10-01T11:01:55.138+05:30  INFO 10832 --- [fraud-engine-service] [scheduling-1] c.s.f.f.client.RuleCacheClient           : Fetching active rules from Rule Cache
2026-10-01T11:01:55.144+05:30  INFO 10832 --- [fraud-engine-service] [scheduling-1] c.s.f.f.client.RuleCacheClient           : Fetched 13 active rules from Rule Cache
2026-10-01T11:01:55.144+05:30  INFO 10832 --- [fraud-engine-service] [scheduling-1] c.s.f.fraudengine.cache.ActiveRuleCache  : Active rule cache refreshed ruleCount=13
2026-10-01T11:01:57.789+05:30  INFO 10832 --- [fraud-engine-service] [scheduling-1] c.s.f.f.client.BlacklistCacheClient      : Fetching active blacklist from Rule Cache
2026-10-01T11:01:57.799+05:30  INFO 10832 --- [fraud-engine-service] [scheduling-1] c.s.f.f.client.BlacklistCacheClient      : Fetched 8 active blacklist entries from Rule Cache
2026-10-01T11:01:57.799+05:30  INFO 10832 --- [fraud-engine-service] [scheduling-1] c.s.f.f.cache.ActiveBlacklistCache       : Active blacklist cache refreshed entryCount=8
2026-10-01T11:02:00.151+05:30  INFO 10832 --- [fraud-engine-service] [scheduling-1] c.s.f.f.client.RuleCacheClient           : Fetching active rules from Rule Cache
2026-10-01T11:02:00.158+05:30  INFO 10832 --- [fraud-engine-service] [scheduling-1] c.s.f.f.client.RuleCacheClient           : Fetched 13 active rules from Rule Cache
2026-10-01T11:02:00.158+05:30  INFO 10832 --- [fraud-engine-service] [scheduling-1] c.s.f.fraudengine.cache.ActiveRuleCache  : Active rule cache refreshed ruleCount=13
2026-10-01T11:02:02.800+05:30  INFO 10832 --- [fraud-engine-service] [scheduling-1] c.s.f.f.client.BlacklistCacheClient      : Fetching active blacklist from Rule Cache
2026-10-01T11:02:02.802+05:30  INFO 10832 --- [fraud-engine-service] [scheduling-1] c.s.f.f.client.BlacklistCacheClient      : Fetched 8 active blacklist entries from Rule Cache
2026-10-01T11:02:02.802+05:30  INFO 10832 --- [fraud-engine-service] [scheduling-1] c.s.f.f.cache.ActiveBlacklistCache       : Active blacklist cache refreshed entryCount=8
2026-10-01T11:02:05.165+05:30  INFO 10832 --- [fraud-engine-service] [scheduling-1] c.s.f.f.client.RuleCacheClient           : Fetching active rules from Rule Cache
2026-10-01T11:02:05.174+05:30  INFO 10832 --- [fraud-engine-service] [scheduling-1] c.s.f.f.client.RuleCacheClient           : Fetched 13 active rules from Rule Cache
2026-10-01T11:02:05.174+05:30  INFO 10832 --- [fraud-engine-service] [scheduling-1] c.s.f.fraudengine.cache.ActiveRuleCache  : Active rule cache refreshed ruleCount=13
2026-10-01T11:02:07.821+05:30  INFO 10832 --- [fraud-engine-service] [scheduling-1] c.s.f.f.client.BlacklistCacheClient      : Fetching active blacklist from Rule Cache
2026-10-01T11:02:07.830+05:30  INFO 10832 --- [fraud-engine-service] [scheduling-1] c.s.f.f.client.BlacklistCacheClient      : Fetched 8 active blacklist entries from Rule Cache
2026-10-01T11:02:07.830+05:30  INFO 10832 --- [fraud-engine-service] [scheduling-1] c.s.f.f.cache.ActiveBlacklistCache       : Active blacklist cache refreshed entryCount=8
2026-10-01T11:02:10.176+05:30  INFO 10832 --- [fraud-engine-service] [scheduling-1] c.s.f.f.client.RuleCacheClient           : Fetching active rules from Rule Cache
2026-10-01T11:02:10.186+05:30  INFO 10832 --- [fraud-engine-service] [scheduling-1] c.s.f.f.client.RuleCacheClient           : Fetched 13 active rules from Rule Cache
2026-10-01T11:02:10.186+05:30  INFO 10832 --- [fraud-engine-service] [scheduling-1] c.s.f.fraudengine.cache.ActiveRuleCache  : Active rule cache refreshed ruleCount=13
2026-10-01T11:02:12.835+05:30  INFO 10832 --- [fraud-engine-service] [scheduling-1] c.s.f.f.client.BlacklistCacheClient      : Fetching active blacklist from Rule Cache
2026-10-01T11:02:12.835+05:30  INFO 10832 --- [fraud-engine-service] [scheduling-1] c.s.f.f.client.BlacklistCacheClient      : Fetched 8 active blacklist entries from Rule Cache
2026-10-01T11:02:12.835+05:30  INFO 10832 --- [fraud-engine-service] [scheduling-1] c.s.f.f.cache.ActiveBlacklistCache       : Active blacklist cache refreshed entryCount=8
2026-10-01T11:02:15.201+05:30  INFO 10832 --- [fraud-engine-service] [scheduling-1] c.s.f.f.client.RuleCacheClient           : Fetching active rules from Rule Cache
2026-10-01T11:02:15.201+05:30  INFO 10832 --- [fraud-engine-service] [scheduling-1] c.s.f.f.client.RuleCacheClient           : Fetched 13 active rules from Rule Cache
2026-10-01T11:02:15.201+05:30  INFO 10832 --- [fraud-engine-service] [scheduling-1] c.s.f.fraudengine.cache.ActiveRuleCache  : Active rule cache refreshed ruleCount=13
2026-10-01T11:02:17.852+05:30  INFO 10832 --- [fraud-engine-service] [scheduling-1] c.s.f.f.client.BlacklistCacheClient      : Fetching active blacklist from Rule Cache
2026-10-01T11:02:17.858+05:30  INFO 10832 --- [fraud-engine-service] [scheduling-1] c.s.f.f.client.BlacklistCacheClient      : Fetched 8 active blacklist entries from Rule Cache
2026-10-01T11:02:17.858+05:30  INFO 10832 --- [fraud-engine-service] [scheduling-1] c.s.f.f.cache.ActiveBlacklistCache       : Active blacklist cache refreshed entryCount=8
2026-10-01T11:02:20.224+05:30  INFO 10832 --- [fraud-engine-service] [scheduling-1] c.s.f.f.client.RuleCacheClient           : Fetching active rules from Rule Cache
2026-10-01T11:02:20.224+05:30  INFO 10832 --- [fraud-engine-service] [scheduling-1] c.s.f.f.client.RuleCacheClient           : Fetched 13 active rules from Rule Cache
2026-10-01T11:02:20.224+05:30  INFO 10832 --- [fraud-engine-service] [scheduling-1] c.s.f.fraudengine.cache.ActiveRuleCache  : Active rule cache refreshed ruleCount=13
2026-10-01T11:02:22.864+05:30  INFO 10832 --- [fraud-engine-service] [scheduling-1] c.s.f.f.client.BlacklistCacheClient      : Fetching active blacklist from Rule Cache
2026-10-01T11:02:22.870+05:30  INFO 10832 --- [fraud-engine-service] [scheduling-1] c.s.f.f.client.BlacklistCacheClient      : Fetched 8 active blacklist entries from Rule Cache
2026-10-01T11:02:22.870+05:30  INFO 10832 --- [fraud-engine-service] [scheduling-1] c.s.f.f.cache.ActiveBlacklistCache       : Active blacklist cache refreshed entryCount=8
2026-10-01T11:02:25.245+05:30  INFO 10832 --- [fraud-engine-service] [scheduling-1] c.s.f.f.client.RuleCacheClient           : Fetching active rules from Rule Cache
2026-10-01T11:02:25.254+05:30  INFO 10832 --- [fraud-engine-service] [scheduling-1] c.s.f.f.client.RuleCacheClient           : Fetched 13 active rules from Rule Cache
2026-10-01T11:02:25.254+05:30  INFO 10832 --- [fraud-engine-service] [scheduling-1] c.s.f.fraudengine.cache.ActiveRuleCache  : Active rule cache refreshed ruleCount=13
2026-10-01T11:02:27.876+05:30  INFO 10832 --- [fraud-engine-service] [scheduling-1] c.s.f.f.client.BlacklistCacheClient      : Fetching active blacklist from Rule Cache
2026-10-01T11:02:27.876+05:30  INFO 10832 --- [fraud-engine-service] [scheduling-1] c.s.f.f.client.BlacklistCacheClient      : Fetched 8 active blacklist entries from Rule Cache
2026-10-01T11:02:27.876+05:30  INFO 10832 --- [fraud-engine-service] [scheduling-1] c.s.f.f.cache.ActiveBlacklistCache       : Active blacklist cache refreshed entryCount=8
2026-10-01T11:02:30.266+05:30  INFO 10832 --- [fraud-engine-service] [scheduling-1] c.s.f.f.client.RuleCacheClient           : Fetching active rules from Rule Cache
2026-10-01T11:02:30.266+05:30  INFO 10832 --- [fraud-engine-service] [scheduling-1] c.s.f.f.client.RuleCacheClient           : Fetched 13 active rules from Rule Cache
2026-10-01T11:02:30.266+05:30  INFO 10832 --- [fraud-engine-service] [scheduling-1] c.s.f.fraudengine.cache.ActiveRuleCache  : Active rule cache refreshed ruleCount=13
2026-10-01T11:02:32.893+05:30  INFO 10832 --- [fraud-engine-service] [scheduling-1] c.s.f.f.client.BlacklistCacheClient      : Fetching active blacklist from Rule Cache
2026-10-01T11:02:32.905+05:30  INFO 10832 --- [fraud-engine-service] [scheduling-1] c.s.f.f.client.BlacklistCacheClient      : Fetched 8 active blacklist entries from Rule Cache
2026-10-01T11:02:32.905+05:30  INFO 10832 --- [fraud-engine-service] [scheduling-1] c.s.f.f.cache.ActiveBlacklistCache       : Active blacklist cache refreshed entryCount=8
2026-10-01T11:02:35.285+05:30  INFO 10832 --- [fraud-engine-service] [scheduling-1] c.s.f.f.client.RuleCacheClient           : Fetching active rules from Rule Cache
2026-10-01T11:02:35.285+05:30  INFO 10832 --- [fraud-engine-service] [scheduling-1] c.s.f.f.client.RuleCacheClient           : Fetched 13 active rules from Rule Cache
2026-10-01T11:02:35.285+05:30  INFO 10832 --- [fraud-engine-service] [scheduling-1] c.s.f.fraudengine.cache.ActiveRuleCache  : Active rule cache refreshed ruleCount=13
2026-10-01T11:02:37.917+05:30  INFO 10832 --- [fraud-engine-service] [scheduling-1] c.s.f.f.client.BlacklistCacheClient      : Fetching active blacklist from Rule Cache
2026-10-01T11:02:37.919+05:30  INFO 10832 --- [fraud-engine-service] [scheduling-1] c.s.f.f.client.BlacklistCacheClient      : Fetched 8 active blacklist entries from Rule Cache
2026-10-01T11:02:37.919+05:30  INFO 10832 --- [fraud-engine-service] [scheduling-1] c.s.f.f.cache.ActiveBlacklistCache       : Active blacklist cache refreshed entryCount=8
2026-10-01T11:02:40.296+05:30  INFO 10832 --- [fraud-engine-service] [scheduling-1] c.s.f.f.client.RuleCacheClient           : Fetching active rules from Rule Cache
2026-10-01T11:02:40.305+05:30  INFO 10832 --- [fraud-engine-service] [scheduling-1] c.s.f.f.client.RuleCacheClient           : Fetched 13 active rules from Rule Cache
2026-10-01T11:02:40.305+05:30  INFO 10832 --- [fraud-engine-service] [scheduling-1] c.s.f.fraudengine.cache.ActiveRuleCache  : Active rule cache refreshed ruleCount=13
2026-10-01T11:02:42.933+05:30  INFO 10832 --- [fraud-engine-service] [scheduling-1] c.s.f.f.client.BlacklistCacheClient      : Fetching active blacklist from Rule Cache
2026-10-01T11:02:42.933+05:30  INFO 10832 --- [fraud-engine-service] [scheduling-1] c.s.f.f.client.BlacklistCacheClient      : Fetched 8 active blacklist entries from Rule Cache
2026-10-01T11:02:42.933+05:30  INFO 10832 --- [fraud-engine-service] [scheduling-1] c.s.f.f.cache.ActiveBlacklistCache       : Active blacklist cache refreshed entryCount=8
2026-10-01T11:02:45.306+05:30  INFO 10832 --- [fraud-engine-service] [scheduling-1] c.s.f.f.client.RuleCacheClient           : Fetching active rules from Rule Cache
2026-10-01T11:02:45.326+05:30  INFO 10832 --- [fraud-engine-service] [scheduling-1] c.s.f.f.client.RuleCacheClient           : Fetched 13 active rules from Rule Cache
2026-10-01T11:02:45.326+05:30  INFO 10832 --- [fraud-engine-service] [scheduling-1] c.s.f.fraudengine.cache.ActiveRuleCache  : Active rule cache refreshed ruleCount=13
2026-10-01T11:02:47.957+05:30  INFO 10832 --- [fraud-engine-service] [scheduling-1] c.s.f.f.client.BlacklistCacheClient      : Fetching active blacklist from Rule Cache
2026-10-01T11:02:47.959+05:30  INFO 10832 --- [fraud-engine-service] [scheduling-1] c.s.f.f.client.BlacklistCacheClient      : Fetched 8 active blacklist entries from Rule Cache
2026-10-01T11:02:47.959+05:30  INFO 10832 --- [fraud-engine-service] [scheduling-1] c.s.f.f.cache.ActiveBlacklistCache       : Active blacklist cache refreshed entryCount=8
2026-10-01T11:02:50.337+05:30  INFO 10832 --- [fraud-engine-service] [scheduling-1] c.s.f.f.client.RuleCacheClient           : Fetching active rules from Rule Cache
2026-10-01T11:02:50.343+05:30  INFO 10832 --- [fraud-engine-service] [scheduling-1] c.s.f.f.client.RuleCacheClient           : Fetched 13 active rules from Rule Cache
2026-10-01T11:02:50.343+05:30  INFO 10832 --- [fraud-engine-service] [scheduling-1] c.s.f.fraudengine.cache.ActiveRuleCache  : Active rule cache refreshed ruleCount=13
2026-10-01T11:02:52.973+05:30  INFO 10832 --- [fraud-engine-service] [scheduling-1] c.s.f.f.client.BlacklistCacheClient      : Fetching active blacklist from Rule Cache
2026-10-01T11:02:52.973+05:30  INFO 10832 --- [fraud-engine-service] [scheduling-1] c.s.f.f.client.BlacklistCacheClient      : Fetched 8 active blacklist entries from Rule Cache
2026-10-01T11:02:52.973+05:30  INFO 10832 --- [fraud-engine-service] [scheduling-1] c.s.f.f.cache.ActiveBlacklistCache       : Active blacklist cache refreshed entryCount=8
2026-10-01T11:02:55.349+05:30  INFO 10832 --- [fraud-engine-service] [scheduling-1] c.s.f.f.client.RuleCacheClient           : Fetching active rules from Rule Cache
2026-10-01T11:02:55.349+05:30  INFO 10832 --- [fraud-engine-service] [scheduling-1] c.s.f.f.client.RuleCacheClient           : Fetched 13 active rules from Rule Cache
2026-10-01T11:02:55.349+05:30  INFO 10832 --- [fraud-engine-service] [scheduling-1] c.s.f.fraudengine.cache.ActiveRuleCache  : Active rule cache refreshed ruleCount=13
2026-10-01T11:02:57.996+05:30  INFO 10832 --- [fraud-engine-service] [scheduling-1] c.s.f.f.client.BlacklistCacheClient      : Fetching active blacklist from Rule Cache
2026-10-01T11:02:57.997+05:30  INFO 10832 --- [fraud-engine-service] [scheduling-1] c.s.f.f.client.BlacklistCacheClient      : Fetched 8 active blacklist entries from Rule Cache
2026-10-01T11:02:57.997+05:30  INFO 10832 --- [fraud-engine-service] [scheduling-1] c.s.f.f.cache.ActiveBlacklistCache       : Active blacklist cache refreshed entryCount=8
2026-10-01T11:03:00.360+05:30  INFO 10832 --- [fraud-engine-service] [scheduling-1] c.s.f.f.client.RuleCacheClient           : Fetching active rules from Rule Cache
2026-10-01T11:03:00.370+05:30  INFO 10832 --- [fraud-engine-service] [scheduling-1] c.s.f.f.client.RuleCacheClient           : Fetched 13 active rules from Rule Cache
2026-10-01T11:03:00.370+05:30  INFO 10832 --- [fraud-engine-service] [scheduling-1] c.s.f.fraudengine.cache.ActiveRuleCache  : Active rule cache refreshed ruleCount=13
2026-10-01T11:03:03.017+05:30  INFO 10832 --- [fraud-engine-service] [scheduling-1] c.s.f.f.client.BlacklistCacheClient      : Fetching active blacklist from Rule Cache
2026-10-01T11:03:03.026+05:30  INFO 10832 --- [fraud-engine-service] [scheduling-1] c.s.f.f.client.BlacklistCacheClient      : Fetched 8 active blacklist entries from Rule Cache
2026-10-01T11:03:03.026+05:30  INFO 10832 --- [fraud-engine-service] [scheduling-1] c.s.f.f.cache.ActiveBlacklistCache       : Active blacklist cache refreshed entryCount=8
